{
  "LineWorld": {
    "Random": {
      "avg_reward": -10.739999999999998,
      "std_reward": 7.682929128919523,
      "avg_length": 114.55,
      "avg_step_time_ms": 0.019810553230239773,
      "win_rate": 0.0,
      "loss_rate": 1.0,
      "draw_rate": 0.0,
      "num_episodes": 20
    },
    "TabularQL": {
      "avg_reward": 0.2000000000000001,
      "std_reward": 2.7755575615628914e-17,
      "avg_length": 9.0,
      "avg_step_time_ms": 0.022494792938232422,
      "win_rate": 0.0,
      "loss_rate": 0.0,
      "draw_rate": 1.0,
      "num_episodes": 20
    },
    "DQN": {
      "avg_reward": 0.2000000000000001,
      "std_reward": 2.7755575615628914e-17,
      "avg_length": 9.0,
      "avg_step_time_ms": 0.04737642076280383,
      "win_rate": 0.0,
      "loss_rate": 0.0,
      "draw_rate": 1.0,
      "num_episodes": 20
    },
    "DoubleDQN": {
      "avg_reward": 0.2000000000000001,
      "std_reward": 2.7755575615628914e-17,
      "avg_length": 9.0,
      "avg_step_time_ms": 0.04753404193454318,
      "win_rate": 0.0,
      "loss_rate": 0.0,
      "draw_rate": 1.0,
      "num_episodes": 20
    },
    "DDQN+ER": {
      "avg_reward": 0.2000000000000001,
      "std_reward": 2.7755575615628914e-17,
      "avg_length": 9.0,
      "avg_step_time_ms": 0.0388238165113661,
      "win_rate": 0.0,
      "loss_rate": 0.0,
      "draw_rate": 1.0,
      "num_episodes": 20
    },
    "DDQN+PER": {
      "avg_reward": 0.2000000000000001,
      "std_reward": 2.7755575615628914e-17,
      "avg_length": 9.0,
      "avg_step_time_ms": 0.034589237636990025,
      "win_rate": 0.0,
      "loss_rate": 0.0,
      "draw_rate": 1.0,
      "num_episodes": 20
    },
    "REINFORCE": {
      "avg_reward": -20.00000000000001,
      "std_reward": 3.552713678800501e-15,
      "avg_length": 200.0,
      "avg_step_time_ms": 0.05056065320968628,
      "win_rate": 0.0,
      "loss_rate": 1.0,
      "draw_rate": 0.0,
      "num_episodes": 20
    },
    "REINFORCE+Mean": {
      "avg_reward": -20.00000000000001,
      "std_reward": 3.552713678800501e-15,
      "avg_length": 200.0,
      "avg_step_time_ms": 0.05466282367706299,
      "win_rate": 0.0,
      "loss_rate": 1.0,
      "draw_rate": 0.0,
      "num_episodes": 20
    },
    "REINFORCE+Critic": {
      "avg_reward": -20.00000000000001,
      "std_reward": 3.552713678800501e-15,
      "avg_length": 200.0,
      "avg_step_time_ms": 0.05886441469192505,
      "win_rate": 0.0,
      "loss_rate": 1.0,
      "draw_rate": 0.0,
      "num_episodes": 20
    },
    "PPO": {
      "avg_reward": -20.00000000000001,
      "std_reward": 3.552713678800501e-15,
      "avg_length": 200.0,
      "avg_step_time_ms": 0.0744592547416687,
      "win_rate": 0.0,
      "loss_rate": 1.0,
      "draw_rate": 0.0,
      "num_episodes": 20
    },
    "A2C": {
      "avg_reward": -20.00000000000001,
      "std_reward": 3.552713678800501e-15,
      "avg_length": 200.0,
      "avg_step_time_ms": 0.051641762256622314,
      "win_rate": 0.0,
      "loss_rate": 1.0,
      "draw_rate": 0.0,
      "num_episodes": 20
    },
    "RandomRollout": {
      "avg_reward": -0.14500000000000005,
      "std_reward": 0.44212554778026597,
      "avg_length": 12.45,
      "avg_step_time_ms": 15.647716579999102,
      "win_rate": 0.0,
      "loss_rate": 0.2,
      "draw_rate": 0.8,
      "num_episodes": 20
    },
    "MCTS": {
      "avg_reward": -0.6250000000000002,
      "std_reward": 0.4559331091289601,
      "avg_length": 17.25,
      "avg_step_time_ms": 13.744359766106337,
      "win_rate": 0.0,
      "loss_rate": 0.65,
      "draw_rate": 0.35,
      "num_episodes": 20
    },
    "ExpertApprentice": {
      "avg_reward": 0.2000000000000001,
      "std_reward": 2.7755575615628914e-17,
      "avg_length": 9.0,
      "avg_step_time_ms": 0.042825274997287326,
      "win_rate": 0.0,
      "loss_rate": 0.0,
      "draw_rate": 1.0,
      "num_episodes": 20
    },
    "AlphaZero": {
      "avg_reward": -20.00000000000001,
      "std_reward": 3.552713678800501e-15,
      "avg_length": 200.0,
      "avg_step_time_ms": 0.05329716205596924,
      "win_rate": 0.0,
      "loss_rate": 1.0,
      "draw_rate": 0.0,
      "num_episodes": 20
    },
    "MuZero": {
      "avg_reward": -20.00000000000001,
      "std_reward": 3.552713678800501e-15,
      "avg_length": 200.0,
      "avg_step_time_ms": 1.6572813987731934,
      "win_rate": 0.0,
      "loss_rate": 1.0,
      "draw_rate": 0.0,
      "num_episodes": 20
    },
    "MuZero_Stochastic": {
      "avg_reward": -6.77499999999999,
      "std_reward": 5.548502050103244,
      "avg_length": 78.2,
      "avg_step_time_ms": 3.7223572522520385,
      "win_rate": 0.0,
      "loss_rate": 1.0,
      "draw_rate": 0.0,
      "num_episodes": 20
    }
  },
  "GridWorld": {
    "Random": {
      "avg_reward": 8.744499999999999,
      "std_reward": 3.4889159849443208,
      "avg_length": 93.45,
      "avg_step_time_ms": 0.03593471059693988,
      "win_rate": 0.9,
      "loss_rate": 0.1,
      "draw_rate": 0.0,
      "num_episodes": 20
    },
    "TabularQL": {
      "avg_reward": 10.629999999999999,
      "std_reward": 1.7763568394002505e-15,
      "avg_length": 8.0,
      "avg_step_time_ms": 0.039102137088775635,
      "win_rate": 1.0,
      "loss_rate": 0.0,
      "draw_rate": 0.0,
      "num_episodes": 20
    },
    "DQN": {
      "avg_reward": 10.629999999999999,
      "std_reward": 1.7763568394002505e-15,
      "avg_length": 8.0,
      "avg_step_time_ms": 0.09621977806091309,
      "win_rate": 1.0,
      "loss_rate": 0.0,
      "draw_rate": 0.0,
      "num_episodes": 20
    },
    "DoubleDQN": {
      "avg_reward": 10.629999999999999,
      "std_reward": 1.7763568394002505e-15,
      "avg_length": 8.0,
      "avg_step_time_ms": 0.1619681715965271,
      "win_rate": 1.0,
      "loss_rate": 0.0,
      "draw_rate": 0.0,
      "num_episodes": 20
    },
    "DDQN+ER": {
      "avg_reward": 10.629999999999999,
      "std_reward": 1.7763568394002505e-15,
      "avg_length": 8.0,
      "avg_step_time_ms": 0.06728023290634155,
      "win_rate": 1.0,
      "loss_rate": 0.0,
      "draw_rate": 0.0,
      "num_episodes": 20
    },
    "DDQN+PER": {
      "avg_reward": 10.629999999999999,
      "std_reward": 1.7763568394002505e-15,
      "avg_length": 8.0,
      "avg_step_time_ms": 0.07864534854888916,
      "win_rate": 1.0,
      "loss_rate": 0.0,
      "draw_rate": 0.0,
      "num_episodes": 20
    },
    "REINFORCE": {
      "avg_reward": -2.000000000000001,
      "std_reward": 4.440892098500626e-16,
      "avg_length": 200.0,
      "avg_step_time_ms": 0.10995858907699585,
      "win_rate": 0.0,
      "loss_rate": 1.0,
      "draw_rate": 0.0,
      "num_episodes": 20
    },
    "REINFORCE+Mean": {
      "avg_reward": -2.000000000000001,
      "std_reward": 4.440892098500626e-16,
      "avg_length": 200.0,
      "avg_step_time_ms": 0.08196187019348145,
      "win_rate": 0.0,
      "loss_rate": 1.0,
      "draw_rate": 0.0,
      "num_episodes": 20
    },
    "REINFORCE+Critic": {
      "avg_reward": -2.000000000000001,
      "std_reward": 4.440892098500626e-16,
      "avg_length": 200.0,
      "avg_step_time_ms": 0.08121544122695923,
      "win_rate": 0.0,
      "loss_rate": 1.0,
      "draw_rate": 0.0,
      "num_episodes": 20
    },
    "PPO": {
      "avg_reward": -2.000000000000001,
      "std_reward": 4.440892098500626e-16,
      "avg_length": 200.0,
      "avg_step_time_ms": 0.10474997758865356,
      "win_rate": 0.0,
      "loss_rate": 1.0,
      "draw_rate": 0.0,
      "num_episodes": 20
    },
    "A2C": {
      "avg_reward": -2.000000000000001,
      "std_reward": 4.440892098500626e-16,
      "avg_length": 200.0,
      "avg_step_time_ms": 0.10082417726516724,
      "win_rate": 0.0,
      "loss_rate": 1.0,
      "draw_rate": 0.0,
      "num_episodes": 20
    },
    "RandomRollout": {
      "avg_reward": 10.565,
      "std_reward": 0.04533210782657228,
      "avg_length": 14.5,
      "avg_step_time_ms": 107.58761257219051,