{
  "episode_rewards": [
    -1.7000000000000004,
    9.62,
    10.370000000000001,
    9.9,
    10.46,
    10.5,
    10.540000000000001,
    10.43,
    10.53,
    10.57,
    10.38,
    10.63,
    10.63,
    10.39,
    10.63,
    10.63,
    10.63,
    10.63,
    10.04,
    10.55,
    10.59,
    10.63,
    10.63,
    10.62,
    10.54,
    10.61,
    10.63,
    10.47,
    10.57,
    10.6,
    10.63,
    10.45,
    10.59,
    10.6,
    10.62,
    10.63,
    10.63,
    10.63,
    10.59,
    10.63,
    10.62,
    10.62,
    10.63,
    8.819999999999999,
    10.6,
    10.63,
    10.14,
    10.61,
    10.63,
    10.63,
    10.51,
    10.63,
    10.57,
    10.61,
    10.63,
    10.63,
    9.1,
    10.63,
    10.62,
    10.63,
    10.63,
    10.43,
    10.49,
    9.92,
    10.63,
    10.63,
    10.49,
    10.63,
    10.61,
    10.63,
    10.63,
    -1.5000000000000013,
    10.6,
    10.58,
    10.44,
    10.63,
    10.6,
    10.63,
    10.63,
    10.63,
    10.62,
    10.47,
    10.63,
    10.63,
    10.59,
    10.59,
    10.63,
    10.62,
    10.63,
    10.62,
    10.63,
    10.62,
    10.63,
    10.63,
    10.63,
    10.63,
    10.63,
    10.63,
    10.63,
    10.63
  ],
  "episode_lengths": [
    200,
    109,
    34,
    81,
    25,
    21,
    17,
    28,
    18,
    14,
    33,
    8,
    8,
    32,
    8,
    8,
    8,
    8,
    67,
    16,
    12,
    8,
    8,
    9,
    17,
    10,
    8,
    24,
    14,
    11,
    8,
    26,
    12,
    11,
    9,
    8,
    8,
    8,
    12,
    8,
    9,
    9,
    8,
    189,
    11,
    8,
    57,
    10,
    8,
    8,
    20,
    8,
    14,
    10,
    8,
    8,
    161,
    8,
    9,
    8,
    8,
    28,
    22,
    79,
    8,
    8,
    22,
    8,
    10,
    8,
    8,
    200,
    11,
    13,
    27,
    8,
    11,
    8,
    8,
    8,
    9,
    24,
    8,
    8,
    12,
    12,
    8,
    9,
    8,
    9,
    8,
    9,
    8,
    8,
    8,
    8,
    8,
    8,
    8,
    8
  ],
  "step_times": [
    0.0006085622310638427,
    0.0005764392537808199,
    0.0007358088212854722,
    0.0006352913232497227,
    0.0006404972076416016,
    0.000713302975609189,
    0.0009443900164435891,
    0.0005388259887695312,
    0.0008694993125067817,
    0.0010016645703996932,
    0.0007583733760949337,
    0.0013769268989562988,
    0.0013788342475891113,
    0.0007821246981620789,
    0.0013752281665802002,
    0.0013717114925384521,
    0.001377791166305542,
    0.0013750791549682617,
    0.0007317564380702688,
    0.0008133053779602051,
    0.0010834534962972004,
    0.0014982223510742188,
    0.001374959945678711,
    0.001224623786078559,
    0.0008235398460836971,
    0.0012204170227050782,
    0.0015627741813659668,
    0.0008751451969146729,
    0.001570854868207659,
    0.0012720714915882456,
    0.0013791322708129883,
    0.0006166146351740911,
    0.0010464588801066081,
    0.0010929541154341264,
    0.0012198289235432942,
    0.0015005767345428467,
    0.0015011429786682129,
    0.001376032829284668,
    0.0010815064112345378,
    0.001252681016921997,
    0.0013378726111518012,
    0.0012798839145236546,
    0.0013752281665802002,
    0.0005143458250338438,
    0.0011822743849320846,
    0.0015032589435577393,
    0.0005613753670140317,
    0.0011006832122802735,
    0.001380622386932373,
    0.0014419853687286377,
    0.0007494688034057617,
    0.001376420259475708,
    0.0009276015417916435,
    0.001201033592224121,
    0.0013724565505981445,
    0.001502901315689087,
    0.0005834324759726199,
    0.0013822615146636963,
    0.0012214183807373047,
    0.001446157693862915,
    0.0014984607696533203,
    0.0006075756890433175,
    0.0006357648155905983,
    0.0006400210947930059,
    0.0012500286102294922,
    0.001501917839050293,
    0.0006821263920177113,
    0.0014984607696533203,
    0.0012032032012939454,
    0.001373380422592163,
    0.00137367844581604,
    0.0005630970001220704,
    0.0011401826685125177,
    0.0010000192202054537,
    0.0005925849631980613,
    0.001375049352645874,
    0.0010471994226629083,
    0.0015834569931030273,
    0.0012478232383728027,
    0.0012501776218414307,
    0.0011989540523952907,
    0.0006657640139261881,
    0.0021216273307800293,
    0.0013766288757324219,
    0.0010011792182922363,
    0.0010819435119628906,
    0.0013785958290100098,
    0.0012222925821940105,
    0.001430213451385498,
    0.0013333426581488715,
    0.0013749897480010986,
    0.0012196434868706597,
    0.0015002191066741943,
    0.0013755559921264648,
    0.001377105712890625,
    0.001625359058380127,
    0.0012958347797393799,
    0.0013772845268249512,
    0.0013750195503234863,
    0.001372218132019043
  ],
  "checkpoint_metrics": {
    "100": {
      "avg_reward": 10.629999999999999,
      "avg_length": 8.0,
      "avg_step_time_ms": 0.10021775960922241
    }
  }
}