{
  "episode_rewards": [
    10.52,
    10.59,
    10.56,
    10.61,
    10.53,
    10.6,
    10.55,
    10.5,
    10.55,
    10.620000000000001,
    10.61,
    10.620000000000001,
    10.58,
    10.61,
    10.620000000000001,
    10.55,
    10.6,
    10.63,
    10.63,
    10.55,
    10.540000000000001,
    10.62,
    10.57,
    10.54,
    10.43,
    10.620000000000001,
    10.53,
    10.540000000000001,
    10.52,
    10.59,
    10.59,
    10.62,
    10.6,
    10.51,
    10.58,
    10.55,
    10.620000000000001,
    10.58,
    10.55,
    10.47,
    10.55,
    10.61,
    10.63,
    10.5,
    10.48,
    10.59,
    10.620000000000001,
    10.59,
    10.59,
    10.620000000000001,
    10.540000000000001,
    10.59,
    10.63,
    10.57,
    10.61,
    10.63,
    10.540000000000001,
    10.57,
    10.57,
    10.61,
    10.62,
    10.44,
    10.56,
    10.61,
    10.61,
    10.48,
    10.43,
    10.620000000000001,
    10.56,
    10.58,
    10.53,
    10.59,
    10.59,
    10.53,
    10.59,
    10.59,
    10.6,
    10.63,
    10.57,
    10.63,
    10.61,
    10.61,
    10.59,
    10.55,
    10.6,
    10.42,
    10.48,
    10.57,
    10.55,
    10.57,
    10.58,
    10.5,
    10.48,
    10.61,
    10.47,
    10.6,
    10.61,
    10.59,
    10.51,
    10.63
  ],
  "episode_lengths": [
    19,
    12,
    15,
    10,
    18,
    11,
    16,
    21,
    16,
    9,
    10,
    9,
    13,
    10,
    9,
    16,
    11,
    8,
    8,
    16,
    17,
    9,
    14,
    17,
    28,
    9,
    18,
    17,
    19,
    12,
    12,
    9,
    11,
    20,
    13,
    16,
    9,
    13,
    16,
    24,
    16,
    10,
    8,
    21,
    23,
    12,
    9,
    12,
    12,
    9,
    17,
    12,
    8,
    14,
    10,
    8,
    17,
    14,
    14,
    10,
    9,
    27,
    15,
    10,
    10,
    23,
    28,
    9,
    15,
    13,
    18,
    12,
    12,
    18,
    12,
    12,
    11,
    8,
    14,
    8,
    10,
    10,
    12,
    16,
    11,
    29,
    23,
    14,
    16,
    14,
    13,
    21,
    23,
    10,
    24,
    11,
    10,
    12,
    20,
    8
  ],
  "step_times": [
    0.22524715724744296,
    0.10551035404205322,
    0.11274382273356119,
    0.10099902153015136,
    0.11168654759724934,
    0.1016086448322643,
    0.10517507791519165,
    0.11644516672406878,
    0.11552548408508301,
    0.10678802596198188,
    0.11739964485168457,
    0.10833999845716688,
    0.10779580703148475,
    0.11864793300628662,
    0.11101412773132324,
    0.1230703592300415,
    0.11440045183355158,
    0.1225903332233429,
    0.1223004162311554,
    0.11273699998855591,
    0.12572793399586396,
    0.1046798759036594,
    0.11807278224400111,
    0.1145625815672033,
    0.11427751609257289,
    0.10953042242262098,
    0.11295151710510254,
    0.11389600529390223,
    0.11849256565696314,
    0.10575111707051595,
    0.11271764834721883,
    0.10673358705308703,
    0.12201424078507857,
    0.13988823890686036,
    0.11265917924734262,
    0.11011084914207458,
    0.10700170199076335,
    0.10678610434898964,
    0.11307393014431,
    0.11067768931388855,
    0.11658225953578949,
    0.10655057430267334,
    0.10251349210739136,
    0.11530249459402901,
    0.11225806111874788,
    0.10593517621358235,
    0.10168743133544922,
    0.10345182816187541,
    0.11361837387084961,
    0.10281390613979763,
    0.11107708426082835,
    0.11079720656077068,
    0.11981576681137085,
    0.11090900216783796,
    0.10763795375823974,
    0.1051287055015564,
    0.11562866323134478,
    0.10981876509530204,
    0.10836236817496163,
    0.10476722717285156,
    0.11159420013427734,
    0.11575833073368778,
    0.11115582784016927,
    0.1044276237487793,
    0.11161324977874756,
    0.11515852679377017,
    0.11484777927398682,
    0.10640234417385525,
    0.11087859471638997,
    0.11073939616863544,
    0.11011669370863172,
    0.10702576239903767,
    0.10485243797302246,
    0.11283242702484131,
    0.1037260890007019,
    0.10911403099695842,
    0.10844622958790172,
    0.10526683926582336,
    0.10743071351732526,
    0.1039634644985199,
    0.10655455589294434,
    0.11234450340270996,
    0.10587477684020996,
    0.11226259171962738,
    0.10696289756081322,
    0.11232210849893504,
    0.11158963908319888,
    0.11052613598959786,
    0.10909461975097656,
    0.10983564172472272,
    0.10752133222726676,
    0.10970731008620489,
    0.1100562862727953,
    0.10412240028381348,
    0.115726371606191,
    0.10858728668906471,
    0.10761635303497315,
    0.11003647247950236,
    0.1310853123664856,
    0.1017126739025116
  ],
  "checkpoint_metrics": {
    "100": {
      "avg_reward": 10.583,
      "avg_length": 12.7,
      "avg_step_time_ms": 107.14172556943417
    }
  }
}