{
  "episode_rewards": [
    10.110000000000001,
    10.58,
    10.56,
    10.62,
    10.58,
    10.58,
    10.63,
    10.63,
    10.63,
    10.620000000000001,
    10.61,
    10.59,
    10.58,
    10.620000000000001,
    10.63,
    10.62,
    10.59,
    10.6,
    10.59,
    10.55,
    10.56,
    10.63,
    10.6,
    10.61,
    10.61,
    10.63,
    10.61,
    10.58,
    10.63,
    10.63,
    10.63,
    10.57,
    10.620000000000001,
    10.61,
    10.59,
    10.63,
    10.61,
    10.59,
    10.63,
    10.59,
    10.6,
    10.6,
    10.61,
    10.63,
    10.63,
    10.61,
    10.63,
    10.63,
    10.6,
    10.58,
    10.62,
    10.63,
    10.61,
    10.62,
    10.63,
    10.61,
    10.62,
    10.63,
    10.63,
    10.63,
    10.62,
    10.63,
    10.61,
    10.61,
    10.61,
    10.63,
    10.620000000000001,
    10.57,
    10.63,
    10.61,
    10.620000000000001,
    10.63,
    10.63,
    10.63,
    10.63,
    10.62,
    10.63,
    10.61,
    10.620000000000001,
    10.6,
    10.63,
    10.63,
    10.63,
    10.63,
    10.59,
    10.63,
    10.620000000000001,
    10.59,
    10.63,
    10.63,
    10.63,
    10.62,
    10.62,
    10.6,
    10.63,
    10.61,
    10.63,
    10.63,
    10.63,
    10.63
  ],
  "episode_lengths": [
    60,
    13,
    15,
    9,
    13,
    13,
    8,
    8,
    8,
    9,
    10,
    12,
    13,
    9,
    8,
    9,
    12,
    11,
    12,
    16,
    15,
    8,
    11,
    10,
    10,
    8,
    10,
    13,
    8,
    8,
    8,
    14,
    9,
    10,
    12,
    8,
    10,
    12,
    8,
    12,
    11,
    11,
    10,
    8,
    8,
    10,
    8,
    8,
    11,
    13,
    9,
    8,
    10,
    9,
    8,
    10,
    9,
    8,
    8,
    8,
    9,
    8,
    10,
    10,
    10,
    8,
    9,
    14,
    8,
    10,
    9,
    8,
    8,
    8,
    8,
    9,
    8,
    10,
    9,
    11,
    8,
    8,
    8,
    8,
    12,
    8,
    9,
    12,
    8,
    8,
    8,
    9,
    9,
    11,
    8,
    10,
    8,
    8,
    8,
    8
  ],
  "step_times": [
    7.11202621459961e-05,
    7.480841416579027e-05,
    0.00012240409851074218,
    4.940562778049045e-05,
    4.6399923471304086e-05,
    4.8215572650615985e-05,
    4.315376281738281e-05,
    4.416704177856445e-05,
    4.279613494873047e-05,
    4.6518113878038195e-05,
    9.8419189453125e-05,
    4.376967748006185e-05,
    5.93112065241887e-05,
    7.637341817220052e-05,
    4.38690185546875e-05,
    5.152490403917101e-05,
    4.4564406077067055e-05,
    4.360892555930398e-05,
    4.7266483306884766e-05,
    4.4479966163635254e-05,
    5.132357279459636e-05,
    4.2557716369628906e-05,
    4.425915804776278e-05,
    4.5347213745117185e-05,
    4.4345855712890625e-05,
    5.2988529205322266e-05,
    4.689693450927734e-05,
    5.003122182992788e-05,
    4.914402961730957e-05,
    6.118416786193848e-05,
    0.00010979175567626953,
    6.580352783203125e-05,
    5.080964830186632e-05,
    0.00013148784637451172,
    6.0220559438069664e-05,
    6.93202018737793e-05,
    6.763935089111328e-05,
    8.022785186767578e-05,
    8.738040924072266e-05,
    8.483727773030599e-05,
    0.00011465766213156961,
    7.54269686612216e-05,
    4.241466522216797e-05,
    4.202127456665039e-05,
    4.0590763092041016e-05,
    9.140968322753906e-05,
    6.303191184997559e-05,
    6.958842277526855e-05,
    7.167729464444247e-05,
    6.495989285982572e-05,
    6.6730711195204e-05,
    5.9276819229125977e-05,
    7.257461547851562e-05,
    4.630618625217014e-05,
    4.264712333679199e-05,
    5.5217742919921874e-05,
    4.320674472384983e-05,
    4.127621650695801e-05,
    4.4971704483032227e-05,
    4.756450653076172e-05,
    7.09162818060981e-05,
    4.1484832763671875e-05,
    4.189014434814453e-05,
    4.5228004455566404e-05,
    5.717277526855469e-05,
    5.5164098739624023e-05,
    4.670355055067274e-05,
    5.582400730678013e-05,
    4.3272972106933594e-05,
    4.286766052246094e-05,
    5.327330695258247e-05,
    4.1484832763671875e-05,
    4.83095645904541e-05,
    4.6819448471069336e-05,
    4.506111145019531e-05,
    5.369716220431858e-05,
    4.2051076889038086e-05,
    4.408359527587891e-05,
    4.2862362331814235e-05,
    4.7228553078391336e-05,
    7.43865966796875e-05,
    4.118680953979492e-05,
    3.975629806518555e-05,
    6.401538848876953e-05,
    8.972485860188802e-05,
    6.428360939025879e-05,
    6.333986918131511e-05,
    4.5359134674072266e-05,
    4.932284355163574e-05,
    5.1647424697875977e-05,
    5.3822994232177734e-05,
    4.535251193576389e-05,
    4.3286217583550344e-05,
    4.7965483231977984e-05,
    4.124641418457031e-05,
    8.463859558105469e-05,
    7.316470146179199e-05,
    4.1544437408447266e-05,
    3.9905309677124023e-05,
    4.112720489501953e-05
  ],
  "checkpoint_metrics": {
    "100": {
      "avg_reward": 10.629999999999999,
      "avg_length": 8.0,
      "avg_step_time_ms": 0.0339508056640625
    }
  }
}