{
  "episode_rewards": [
    8.88,
    9.42,
    9.43,
    -1.4,
    -1.7000000000000004,
    -1.7000000000000002,
    10.51,
    9.24,
    8.78,
    10.41,
    8.91,
    -1.9000000000000015,
    -1.900000000000001,
    -1.9000000000000004,
    -1.7000000000000002,
    10.17,
    10.040000000000001,
    -2.0000000000000004,
    9.690000000000001,
    -2.000000000000001,
    -1.7000000000000002,
    -1.3,
    8.92,
    -1.9000000000000008,
    10.16,
    10.45,
    -1.7000000000000006,
    -1.9000000000000008,
    -1.5000000000000002,
    -1.8000000000000005,
    -1.9000000000000012,
    -1.9000000000000008,
    -1.900000000000001,
    -1.800000000000001,
    -2.000000000000001,
    -1.9000000000000006,
    -1.9000000000000006,
    10.36,
    8.74,
    -1.8000000000000012,
    -1.7000000000000004,
    -2.0000000000000004,
    9.12,
    -1.900000000000001,
    -1.9000000000000006,
    -1.8000000000000012,
    -1.5000000000000004,
    -2.0000000000000004,
    -1.800000000000001,
    -1.600000000000001,
    -1.5000000000000002,
    -2.000000000000001,
    -1.6000000000000003,
    -2.000000000000001,
    -1.700000000000001,
    -1.7000000000000006,
    -1.8000000000000003,
    -1.7000000000000008,
    -1.8000000000000007,
    -1.8000000000000007,
    -2.000000000000001,
    -1.800000000000001,
    -1.4999999999999998,
    9.97,
    -1.700000000000001,
    -1.9000000000000008,
    -1.8000000000000005,
    -1.7000000000000008,
    9.02,
    -1.8000000000000005,
    -1.7000000000000004,
    9.42,
    -1.4,
    -1.900000000000001,
    -1.900000000000001,
    -1.7000000000000006,
    -1.8000000000000012,
    -1.9000000000000006,
    -1.8000000000000005,
    -1.7000000000000006,
    -1.7000000000000008,
    -1.7000000000000008,
    -1.6,
    -1.9000000000000012,
    9.84,
    -1.800000000000001,
    -2.000000000000001,
    -2.000000000000001,
    -1.6000000000000008,
    -2.0000000000000013,
    -2.0000000000000004,
    -2.000000000000001,
    -1.9000000000000004,
    -1.9000000000000006,
    -1.8000000000000005,
    -1.5000000000000004,
    -1.900000000000001,
    -1.6000000000000014,
    -1.8000000000000007,
    -1.9000000000000006
  ],
  "episode_lengths": [
    183,
    129,
    128,
    200,
    200,
    200,
    20,
    147,
    193,
    30,
    180,
    200,
    200,
    200,
    200,
    54,
    67,
    200,
    102,
    200,
    200,
    200,
    179,
    200,
    55,
    26,
    200,
    200,
    200,
    200,
    200,
    200,
    200,
    200,
    200,
    200,
    200,
    35,
    197,
    200,
    200,
    200,
    159,
    200,
    200,
    200,
    200,
    200,
    200,
    200,
    200,
    200,
    200,
    200,
    200,
    200,
    200,
    200,
    200,
    200,
    200,
    200,
    200,
    74,
    200,
    200,
    200,
    200,
    169,
    200,
    200,
    129,
    200,
    200,
    200,
    200,
    200,
    200,
    200,
    200,
    200,
    200,
    200,
    200,
    87,
    200,
    200,
    200,
    200,
    200,
    200,
    200,
    200,
    200,
    200,
    200,
    200,
    200,
    200,
    200
  ],
  "step_times": [
    0.0001638326488557409,
    0.0001592968785485556,
    0.0001482795923948288,
    0.0001098620891571045,
    0.00011618375778198242,
    0.0001324176788330078,
    0.0007115006446838379,
    0.0001445059873619858,
    0.00013090538855043717,
    0.00017898082733154298,
    0.0001565522617763943,
    0.00013031005859375,
    0.0001317286491394043,
    0.00010700583457946777,
    0.000156327486038208,
    0.0006560970235753943,
    0.00018248273365533175,
    0.00011349439620971679,
    0.00017881393432617188,
    0.0001535820960998535,
    0.00014415979385375976,
    0.00013059258460998535,
    0.00019970686076073674,
    0.0001463758945465088,
    0.00025751807472922583,
    0.00021120218130258413,
    0.00014463305473327637,
    0.00013259649276733398,
    0.00011432409286499023,
    0.0001457798480987549,
    0.0001513040065765381,
    0.00010270237922668457,
    0.00010915756225585937,
    9.751677513122558e-05,
    0.00010031342506408692,
    0.00013326168060302736,
    9.884715080261231e-05,
    0.0012758936200823103,
    0.00014709337108631423,
    0.00010696291923522949,
    0.00011729478836059571,
    0.00010761022567749024,
    0.00022983401076598738,
    0.00010638236999511718,
    0.0001042783260345459,
    0.00012298703193664551,
    0.00010734081268310548,
    0.00011647462844848632,
    9.850382804870605e-05,
    0.00010329604148864746,
    0.00011025547981262207,
    9.974956512451172e-05,
    0.00010895729064941406,
    0.00011522531509399415,
    0.00010913968086242675,
    0.00015042901039123536,
    0.00016034483909606933,
    0.00014493823051452636,
    0.00014961838722229003,
    0.0001415860652923584,
    0.00014484286308288574,
    0.00014718770980834961,
    0.00014583826065063478,
    0.0012543330321440826,
    0.00010593295097351074,
    0.00012617945671081543,
    0.00010790228843688965,
    0.00011249899864196778,
    0.00023652957035945012,
    0.00011196613311767578,
    0.0002966022491455078,
    0.00039266061413195706,
    0.00010258913040161133,
    9.926080703735351e-05,
    0.00010483860969543458,
    0.00010290622711181641,
    0.00010034441947937012,
    9.852886199951172e-05,
    0.00010192155838012696,
    0.00010644078254699707,
    0.00011028051376342774,
    0.00016538381576538085,
    0.0002808058261871338,
    0.0003039729595184326,
    0.0014130521094662019,
    0.00034473180770874025,
    0.00031253933906555176,
    0.0001048743724822998,
    0.00010782480239868164,
    0.00011476874351501465,
    0.00011994361877441406,
    0.00010012507438659668,
    0.00010692834854125977,
    0.0001517486572265625,
    0.00014623403549194336,
    0.00016497969627380372,
    0.00016482114791870116,
    0.00014798402786254884,
    0.00014828562736511231,
    0.00014318108558654784
  ],
  "checkpoint_metrics": {
    "100": {
      "avg_reward": -2.000000000000001,
      "avg_length": 200.0,
      "avg_step_time_ms": 0.07723307609558105
    }
  }
}