{
  "episode_rewards": [
    9.06,
    9.84,
    9.88,
    10.1,
    10.370000000000001,
    10.39,
    9.92,
    10.23,
    10.59,
    10.45,
    10.48,
    10.22,
    10.34,
    10.07,
    10.450000000000001,
    10.53,
    10.53,
    10.62,
    10.280000000000001,
    10.63,
    10.57,
    10.61,
    10.47,
    10.57,
    10.52,
    10.540000000000001,
    10.47,
    10.6,
    10.58,
    10.6,
    10.48,
    10.59,
    10.61,
    10.5,
    10.58,
    10.55,
    10.61,
    10.47,
    10.58,
    10.63,
    10.59,
    10.6,
    10.54,
    10.57,
    10.51,
    10.63,
    10.59,
    10.62,
    10.58,
    10.62,
    10.63,
    10.56,
    10.57,
    10.62,
    10.52,
    10.63,
    10.61,
    10.61,
    10.63,
    10.57,
    10.63,
    10.61,
    10.63,
    10.63,
    10.63,
    10.6,
    10.6,
    10.6,
    10.6,
    10.6,
    10.62,
    10.62,
    10.62,
    10.62,
    10.6,
    10.6,
    10.58,
    10.63,
    10.6,
    10.63,
    10.55,
    10.620000000000001,
    10.63,
    10.62,
    10.61,
    10.63,
    10.62,
    10.63,
    10.620000000000001,
    10.59,
    10.62,
    10.63,
    10.61,
    10.6,
    10.62,
    10.59,
    10.63,
    10.62,
    10.63,
    10.63
  ],
  "episode_lengths": [
    165,
    87,
    83,
    61,
    34,
    32,
    79,
    48,
    12,
    26,
    23,
    49,
    37,
    64,
    26,
    18,
    18,
    9,
    43,
    8,
    14,
    10,
    24,
    14,
    19,
    17,
    24,
    11,
    13,
    11,
    23,
    12,
    10,
    21,
    13,
    16,
    10,
    24,
    13,
    8,
    12,
    11,
    17,
    14,
    20,
    8,
    12,
    9,
    13,
    9,
    8,
    15,
    14,
    9,
    19,
    8,
    10,
    10,
    8,
    14,
    8,
    10,
    8,
    8,
    8,
    11,
    11,
    11,
    11,
    11,
    9,
    9,
    9,
    9,
    11,
    11,
    13,
    8,
    11,
    8,
    16,
    9,
    8,
    9,
    10,
    8,
    9,
    8,
    9,
    12,
    9,
    8,
    10,
    11,
    9,
    12,
    8,
    9,
    8,
    8
  ],
  "step_times": [
    9.695110899029356e-05,
    0.00010344899933913658,
    0.0001083799155361681,
    0.0001150076506567783,
    8.799048031077666e-05,
    0.0001249760389328003,
    9.51410848883134e-05,
    0.00010423362255096436,
    8.316834767659505e-05,
    0.00011535791250375601,
    0.0001304149627685547,
    0.00010217939104352678,
    8.101076693148227e-05,
    0.00010948255658149719,
    0.00011504613436185397,
    0.00011110305786132812,
    0.00011147393120659722,
    0.00022204717000325522,
    9.296106737713482e-05,
    0.00012513995170593262,
    0.00014284678867885044,
    9.989738464355469e-05,
    0.00012508034706115723,
    0.00014277866908482144,
    0.00010538101196289062,
    0.00011765255647547105,
    0.00012482206026713052,
    9.118426929820667e-05,
    0.0001538716829740084,
    9.085915305397727e-05,
    0.00013024910636570144,
    8.334716161092122e-05,
    0.00010013580322265625,
    0.000143085207257952,
    0.000153504885160006,
    0.0001246035099029541,
    0.00010023117065429687,
    0.00012509028116861978,
    7.669742290790264e-05,
    0.00012496113777160645,
    0.00016657511393229166,
    9.114092046564275e-05,
    0.0001180873197667739,
    0.0001426424298967634,
    0.00010006427764892578,
    0.0002505779266357422,
    8.302927017211914e-05,
    0.00011110305786132812,
    0.00015365160428560697,
    0.0001113944583468967,
    0.00012496113777160645,
    0.000167083740234375,
    7.207053048270089e-05,
    0.0001109706030951606,
    0.00015808406629060445,
    0.00012493133544921875,
    9.97304916381836e-05,
    0.00010051727294921876,
    0.00012427568435668945,
    0.00014294896806989397,
    0.0002499818801879883,
    9.970664978027343e-05,
    0.00012606382369995117,
    0.00012472271919250488,
    0.00012499094009399414,
    0.0001816966316916726,
    9.1552734375e-05,
    0.00018189170143821022,
    9.046901356090198e-05,
    9.072910655628552e-05,
    0.0001117388407389323,
    0.00011038780212402344,
    0.00011152691311306423,
    0.000110626220703125,
    0.00018178332935680044,
    9.107589721679688e-05,
    0.00015405508188100962,
    0.0001245737075805664,
    0.0001823902130126953,
    0.00012561678886413574,
    0.00012430548667907715,
    0.00022270944383409288,
    0.0001246929168701172,
    0.00011128849453396267,
    9.980201721191407e-05,
    0.0002497434616088867,
    0.00011126200358072917,
    0.00012490153312683105,
    0.0001114209493001302,
    8.322795232137044e-05,
    0.00022225909762912325,
    0.00012558698654174805,
    9.963512420654296e-05,
    0.00018226016651500356,
    0.0002208550771077474,
    8.3466370900472e-05,
    0.00012472271919250488,
    0.00022217962476942275,
    0.0001252591609954834,
    0.00012573599815368652
  ],
  "checkpoint_metrics": {
    "100": {
      "avg_reward": 10.629999999999999,
      "avg_length": 8.0,
      "avg_step_time_ms": 0.06875991821289062
    }
  }
}