{
  "episode_rewards": [
    9.84,
    10.38,
    10.200000000000001,
    10.52,
    10.53,
    10.51,
    10.53,
    10.48,
    10.370000000000001,
    10.61,
    10.53,
    10.44,
    10.63,
    10.6,
    10.56,
    10.39,
    10.59,
    10.58,
    10.62,
    10.55,
    10.620000000000001,
    10.58,
    10.45,
    10.59,
    10.48,
    10.63,
    10.62,
    10.63,
    10.63,
    10.53,
    10.6,
    10.63,
    10.61,
    10.63,
    10.59,
    10.6,
    10.55,
    10.6,
    10.61,
    10.6,
    10.62,
    10.62,
    10.54,
    10.6,
    10.58,
    10.61,
    10.63,
    10.6,
    10.63,
    10.62,
    10.63,
    10.63,
    10.6,
    10.62,
    10.62,
    10.6,
    10.6,
    10.63,
    10.63,
    10.62,
    10.63,
    10.61,
    10.63,
    10.62,
    10.62,
    10.62,
    10.63,
    10.63,
    10.61,
    10.61,
    10.61,
    10.63,
    10.62,
    10.61,
    10.63,
    10.58,
    10.63,
    10.63,
    10.63,
    10.63,
    10.63,
    10.59,
    10.62,
    10.61,
    10.61,
    10.61,
    10.62,
    10.6,
    10.58,
    10.6,
    10.61,
    10.63,
    10.6,
    10.61,
    10.63,
    10.63,
    10.63,
    10.62,
    10.61,
    10.63
  ],
  "episode_lengths": [
    87,
    33,
    51,
    19,
    18,
    20,
    18,
    23,
    34,
    10,
    18,
    27,
    8,
    11,
    15,
    32,
    12,
    13,
    9,
    16,
    9,
    13,
    26,
    12,
    23,
    8,
    9,
    8,
    8,
    18,
    11,
    8,
    10,
    8,
    12,
    11,
    16,
    11,
    10,
    11,
    9,
    9,
    17,
    11,
    13,
    10,
    8,
    11,
    8,
    9,
    8,
    8,
    11,
    9,
    9,
    11,
    11,
    8,
    8,
    9,
    8,
    10,
    8,
    9,
    9,
    9,
    8,
    8,
    10,
    10,
    10,
    8,
    9,
    10,
    8,
    13,
    8,
    8,
    8,
    8,
    8,
    12,
    9,
    10,
    10,
    10,
    9,
    11,
    13,
    11,
    10,
    8,
    11,
    10,
    8,
    8,
    8,
    9,
    10,
    8
  ],
  "step_times": [
    0.00017253557840983072,
    0.00018272977886777935,
    0.00017026358959721584,
    0.00015777035763389185,
    0.00016785992516411675,
    0.00017646551132202148,
    0.00017323758867051866,
    0.0001374742259149966,
    0.00019472486832562615,
    0.00020000934600830078,
    0.00022123919592963325,
    0.00022229441890010126,
    0.00024902820587158203,
    0.0002726641568270597,
    0.0001994609832763672,
    0.0001876354217529297,
    0.0002499222755432129,
    0.00023117432227501503,
    0.00022220611572265625,
    0.00018706917762756348,
    0.00022220611572265625,
    0.0002308808840238131,
    0.00019233043377216047,
    0.00025095542271931964,
    0.00017440837362538213,
    0.00024813413619995117,
    0.00022406048244900175,
    0.000247955322265625,
    0.0002530813217163086,
    0.00016919771830240885,
    0.00026841597123579544,
    0.0002511143684387207,
    0.00019981861114501954,
    0.0002522468566894531,
    8.408228556315105e-05,
    0.00018408081748268822,
    0.00018852949142456055,
    0.00018182667818936434,
    0.0001978635787963867,
    0.00018377737565474078,
    0.00022170278761121962,
    0.0003329647911919488,
    0.00017710293040556067,
    0.00018215179443359375,
    0.00015289966876690203,
    0.0003021240234375,
    0.00024887919425964355,
    0.00018265030600807884,
    0.00012499094009399414,
    0.0002215703328450521,
    0.0002480447292327881,
    0.00025269389152526855,
    0.00018026612021706322,
    0.00022334522671169706,
    0.00022059016757541231,
    0.00027272918007590556,
    0.00018284537575461647,
    0.00024962425231933594,
    0.00024899840354919434,
    0.00022217962476942275,
    0.000249713659286499,
    0.0001997709274291992,
    0.00025215744972229004,
    0.000223186280992296,
    0.00021987491183810763,
    0.00033354759216308594,
    0.00012633204460144043,
    0.00012496113777160645,
    0.00020215511322021484,
    0.00029804706573486326,
    0.00020134449005126953,
    0.0002485513687133789,
    0.0002215968237982856,
    0.00019965171813964843,
    0.00025072693824768066,
    0.0002315044403076172,
    0.00025266408920288086,
    0.00025004148483276367,
    0.00012236833572387695,
    0.00024962425231933594,
    0.00024706125259399414,
    0.0002114574114481608,
    0.00022223260667588975,
    0.0002012491226196289,
    0.00019927024841308593,
    0.00029866695404052735,
    0.00011112954881456163,
    0.00027470155195756394,
    0.00015289966876690203,
    0.00018160993402654475,
    0.00020122528076171875,
    0.0002484619617462158,
    0.0002748315984552557,
    0.00019843578338623046,
    0.0002506077289581299,
    0.0002480149269104004,
    0.0002504587173461914,
    0.00022223260667588975,
    0.0001993894577026367,
    0.00025075674057006836
  ],
  "checkpoint_metrics": {
    "100": {
      "avg_reward": 10.629999999999999,
      "avg_length": 8.0,
      "avg_step_time_ms": 0.07499903440475464
    }
  }
}