{
  "episode_rewards": [
    -1.8000000000000007,
    8.81,
    -1.6000000000000003,
    -1.6000000000000003,
    -1.4,
    -2.0000000000000004,
    -1.4999999999999996,
    -1.5,
    -2.000000000000001,
    -1.3999999999999997,
    -2.0000000000000004,
    -1.5000000000000002,
    -1.3,
    -1.3,
    -1.5000000000000004,
    -1.4000000000000001,
    -1.3,
    -1.6,
    -1.4,
    -1.5000000000000002,
    -1.5000000000000004,
    -1.6000000000000005,
    -2.0,
    -1.2999999999999998,
    -1.2999999999999998,
    -1.6,
    -1.8000000000000003,
    -1.4000000000000004,
    -1.6000000000000003,
    -1.5000000000000004,
    -1.4999999999999996,
    9.120000000000001,
    10.33,
    10.44,
    10.33,
    10.07,
    -1.8000000000000005,
    10.58,
    9.99,
    9.23,
    10.09,
    9.18,
    -1.4999999999999998,
    -1.4,
    -1.6000000000000012,
    -1.3000000000000005,
    9.09,
    8.79,
    10.55,
    -1.5000000000000002,
    10.21,
    10.39,
    9.600000000000001,
    10.31,
    9.96,
    10.23,
    10.06,
    10.1,
    10.51,
    10.08,
    9.68,
    10.23,
    10.56,
    9.18,
    10.370000000000001,
    9.780000000000001,
    -1.4000000000000001,
    -1.5,
    9.24,
    10.11,
    9.91,
    10.39,
    10.09,
    10.43,
    9.850000000000001,
    9.8,
    -1.7000000000000004,
    -1.5000000000000009,
    9.82,
    10.16,
    10.110000000000001,
    10.22,
    -1.5,
    -1.800000000000001,
    -1.3999999999999997,
    -1.7000000000000002,
    -1.800000000000001,
    8.83,
    9.41,
    10.43,
    -1.5000000000000004,
    -1.7000000000000004,
    -1.6000000000000005,
    -1.6000000000000003,
    -1.6,
    8.91,
    -1.4000000000000004,
    -1.7000000000000006,
    -1.4999999999999998,
    8.870000000000001
  ],
  "episode_lengths": [
    200,
    190,
    200,
    200,
    200,
    200,
    200,
    200,
    200,
    200,
    200,
    200,
    200,
    200,
    200,
    200,
    200,
    200,
    200,
    200,
    200,
    200,
    200,
    200,
    200,
    200,
    200,
    200,
    200,
    200,
    200,
    159,
    38,
    27,
    38,
    64,
    200,
    13,
    72,
    148,
    62,
    153,
    200,
    200,
    200,
    200,
    162,
    192,
    16,
    200,
    50,
    32,
    111,
    40,
    75,
    48,
    65,
    61,
    20,
    63,
    103,
    48,
    15,
    153,
    34,
    93,
    200,
    200,
    147,
    60,
    80,
    32,
    62,
    28,
    86,
    91,
    200,
    200,
    89,
    55,
    60,
    49,
    200,
    200,
    200,
    200,
    200,
    188,
    130,
    28,
    200,
    200,
    200,
    200,
    200,
    180,
    200,
    200,
    200,
    184
  ],
  "step_times": [
    0.052368305921554566,
    0.05495155108602424,
    0.0565303635597229,
    0.05692785382270813,
    0.054722001552581785,
    0.060110150575637816,
    0.06786177277565003,
    0.05902289152145386,
    0.06081319451332092,
    0.05189130306243896,
    0.052090994119644164,
    0.05367422461509705,
    0.04958570718765259,
    0.05197713971138,
    0.05813982009887695,
    0.05779567003250122,
    0.05377838969230652,
    0.053127557039260864,
    0.05392202854156494,
    0.05297748804092407,
    0.05724731326103211,
    0.052105085849761965,
    0.05109849333763122,
    0.05459772348403931,
    0.058294520378112794,
    0.05689393162727356,
    0.05806358695030212,
    0.06141358494758606,
    0.06355169415473938,
    0.05623085618019104,
    0.0573357617855072,
    0.04848493720000645,
    0.000185972765872353,
    0.00021100927282262732,
    0.00017851904818886206,
    0.00014191493391990662,
    8.762001991271973e-05,
    0.0003355649801400992,
    0.00013520651393466524,
    0.0001217851767668853,
    0.00013861733098183908,
    0.00010774961484023949,
    0.05533926248550415,
    0.05937058806419373,
    0.05571394801139831,
    0.05859414219856262,
    0.061655516977663395,
    0.00013445441921552023,
    0.00018121302127838135,
    0.00012248516082763672,
    0.0001473665237426758,
    0.00016924738883972168,
    0.00013227935309882637,
    0.00018131732940673828,
    0.00015467643737792969,
    0.00014314552148183188,
    0.00016020994919996995,
    0.00016654514875568327,
    0.00023239850997924805,
    0.00015537700955829922,
    0.00014962964844935148,
    0.0001744478940963745,
    0.0003262042999267578,
    0.00014505666844985064,
    0.00016270665561451633,
    0.00012567991851478494,
    0.062475844621658325,
    0.048922841548919675,
    0.05134302904816712,
    0.0001319130261739095,
    0.0001355081796646118,
    0.00018890947103500366,
    0.0001310110092163086,
    0.00017305782863071987,
    0.04860914585202239,
    0.00011842067425067608,
    0.05220973610877991,
    0.05348739743232727,
    0.05094827694839306,
    0.00014798857948996805,
    0.00014566977818806967,
    0.0001646304617122728,
    0.053605232238769535,
    0.053396832942962644,
    0.05078421473503113,
    0.05727313756942749,
    0.05292100429534912,
    0.05293251225288878,
    0.00010825854081373949,
    0.00020732198442731584,
    0.050711977481842044,
    0.05469596266746521,
    0.05058465480804444,
    0.049923585653305055,
    0.05389728546142578,
    0.05430241293377346,
    0.05452829599380493,
    0.056909339427948,
    0.05091205835342407,
    0.05389909899753073
  ],
  "checkpoint_metrics": {
    "100": {
      "avg_reward": -1.3000000000000012,
      "avg_length": 200.0,
      "avg_step_time_ms": 0.06239283084869385
    }
  }
}