{
  "episode_rewards": [
    10.24,
    10.62,
    10.63,
    10.63,
    10.63,
    10.61,
    10.63,
    10.62,
    10.63,
    10.63,
    10.63,
    10.63,
    10.63,
    10.62,
    10.63,
    10.62,
    10.63,
    10.63,
    10.63,
    10.63,
    10.63,
    10.61,
    10.63,
    10.63,
    10.63,
    10.63,
    10.63,
    10.63,
    10.63,
    10.58,
    10.63,
    10.63,
    10.63,
    10.63,
    10.63,
    10.63,
    10.63,
    10.63,
    10.63,
    10.63,
    10.63,
    10.63,
    10.63,
    10.63,
    10.63,
    10.63,
    10.63,
    10.63,
    10.63,
    10.63,
    10.63,
    10.63,
    10.63,
    10.63,
    10.63,
    10.63,
    10.63,
    10.63,
    10.63,
    10.63,
    10.63,
    10.63,
    10.63,
    10.63,
    10.63,
    10.63,
    10.63,
    10.63,
    10.63,
    10.63,
    10.63,
    10.63,
    10.63,
    10.63,
    10.63,
    10.620000000000001,
    10.63,
    10.63,
    10.63,
    10.63,
    10.63,
    10.63,
    10.63,
    10.63,
    10.63,
    10.63,
    10.63,
    10.63,
    10.63,
    10.63,
    10.63,
    10.63,
    10.63,
    10.63,
    10.63,
    10.63,
    10.63,
    10.63,
    10.63,
    10.61
  ],
  "episode_lengths": [
    47,
    9,
    8,
    8,
    8,
    10,
    8,
    9,
    8,
    8,
    8,
    8,
    8,
    9,
    8,
    9,
    8,
    8,
    8,
    8,
    8,
    10,
    8,
    8,
    8,
    8,
    8,
    8,
    8,
    13,
    8,
    8,
    8,
    8,
    8,
    8,
    8,
    8,
    8,
    8,
    8,
    8,
    8,
    8,
    8,
    8,
    8,
    8,
    8,
    8,
    8,
    8,
    8,
    8,
    8,
    8,
    8,
    8,
    8,
    8,
    8,
    8,
    8,
    8,
    8,
    8,
    8,
    8,
    8,
    8,
    8,
    8,
    8,
    8,
    8,
    9,
    8,
    8,
    8,
    8,
    8,
    8,
    8,
    8,
    8,
    8,
    8,
    8,
    8,
    8,
    8,
    8,
    8,
    8,
    8,
    8,
    8,
    8,
    8,
    10
  ],
  "step_times": [
    6.379472448470745e-05,
    0.0,
    0.00012481212615966797,
    0.0,
    0.0,
    0.0,
    0.0001259148120880127,
    0.00011242760552300347,
    0.0,
    0.0,
    0.00012505054473876953,
    0.0,
    0.00012347102165222168,
    0.0,
    0.0,
    0.00012101067437065972,
    0.0,
    0.0,
    0.0001271069049835205,
    0.0,
    0.0001265108585357666,
    0.0,
    0.00012347102165222168,
    0.0,
    0.0,
    0.0001264810562133789,
    0.0,
    0.0,
    0.00012502074241638184,
    0.0,
    0.0,
    0.0,
    0.00012749433517456055,
    0.0,
    0.0,
    0.0001233220100402832,
    0.0,
    0.0001253187656402588,
    0.0,
    0.0,
    0.0,
    0.0,
    0.0001259446144104004,
    0.0,
    0.0,
    0.0,
    0.00012382864952087402,
    0.0,
    0.0,
    0.00012415647506713867,
    0.0,
    0.00012639164924621582,
    0.0,
    6.335973739624023e-05,
    0.0,
    0.00012853741645812988,
    0.0,
    0.0,
    0.00012499094009399414,
    0.0,
    0.00012499094009399414,
    0.0,
    0.0,
    0.00012350082397460938,
    0.0,
    0.0001265108585357666,
    0.0,
    0.0,
    0.00012499094009399414,
    0.0,
    0.0,
    0.00012502074241638184,
    0.0,
    0.00012347102165222168,
    0.0,
    0.0,
    0.00012689828872680664,
    0.0,
    0.0,
    0.0,
    0.0,
    0.0001264810562133789,
    0.0,
    0.0,
    0.00012350082397460938,
    0.0,
    0.0001265406608581543,
    0.0,
    0.0,
    0.00012344121932983398,
    0.0,
    0.000126570463180542,
    0.0,
    0.0,
    0.00012448430061340332,
    0.0,
    0.0001246929168701172,
    0.0,
    0.0,
    9.97781753540039e-05
  ],
  "checkpoint_metrics": {
    "100": {
      "avg_reward": 10.629999999999999,
      "avg_length": 8.0,
      "avg_step_time_ms": 0.031304359436035156
    }
  }
}