{
  "episode_rewards": [
    10.61,
    10.56,
    10.620000000000001,
    10.61,
    10.59,
    10.63,
    10.59,
    10.47,
    10.58,
    10.63,
    10.61,
    10.57,
    10.56,
    10.59,
    10.52,
    10.56,
    10.61,
    10.63,
    10.540000000000001,
    10.61,
    10.56,
    10.59,
    10.55,
    10.6,
    10.6,
    10.63,
    10.61,
    10.59,
    10.42,
    10.620000000000001,
    10.58,
    10.620000000000001,
    10.59,
    10.540000000000001,
    10.61,
    10.620000000000001,
    10.59,
    10.56,
    10.57,
    10.59,
    10.59,
    10.55,
    10.52,
    10.58,
    10.58,
    10.6,
    10.49,
    10.61,
    10.43,
    10.55,
    10.620000000000001,
    10.56,
    10.6,
    10.57,
    10.450000000000001,
    10.61,
    10.620000000000001,
    10.620000000000001,
    10.56,
    10.620000000000001,
    10.57,
    10.55,
    10.57,
    10.61,
    10.58,
    10.55,
    10.61,
    10.58,
    10.52,
    10.620000000000001,
    10.61,
    10.56,
    10.55,
    10.59,
    10.6,
    10.59,
    10.47,
    10.52,
    10.5,
    10.620000000000001,
    10.55,
    10.620000000000001,
    10.58,
    10.57,
    10.51,
    10.52,
    10.6,
    10.42,
    10.63,
    10.63,
    10.620000000000001,
    10.53,
    10.43,
    10.59,
    10.48,
    10.6,
    10.57,
    10.59,
    10.63,
    10.45
  ],
  "episode_lengths": [
    10,
    15,
    9,
    10,
    12,
    8,
    12,
    24,
    13,
    8,
    10,
    14,
    15,
    12,
    19,
    15,
    10,
    8,
    17,
    10,
    15,
    12,
    16,
    11,
    11,
    8,
    10,
    12,
    29,
    9,
    13,
    9,
    12,
    17,
    10,
    9,
    12,
    15,
    14,
    12,
    12,
    16,
    19,
    13,
    13,
    11,
    22,
    10,
    28,
    16,
    9,
    15,
    11,
    14,
    26,
    10,
    9,
    9,
    15,
    9,
    14,
    16,
    14,
    10,
    13,
    16,
    10,
    13,
    19,
    9,
    10,
    15,
    16,
    12,
    11,
    12,
    24,
    19,
    21,
    9,
    16,
    9,
    13,
    14,
    20,
    19,
    11,
    29,
    8,
    8,
    9,
    18,
    28,
    12,
    23,
    11,
    14,
    12,
    8,
    26
  ],
  "step_times": [
    0.03202576637268066,
    0.03298505147298177,
    0.031250317891438804,
    0.03243927955627442,
    0.033404688040415444,
    0.031207919120788574,
    0.03219938278198242,
    0.03380210200945536,
    0.03253568135775053,
    0.03196215629577637,
    0.031074333190917968,
    0.032747626304626465,
    0.03322903315226237,
    0.033370395501454674,
    0.033091331783093904,
    0.03354657491048177,
    0.032317519187927246,
    0.032021015882492065,
    0.032350932850557214,
    0.030969977378845215,
    0.033672523498535153,
    0.03287718693415324,
    0.03342512249946594,
    0.03456117890097878,
    0.04334642670371316,
    0.04393687844276428,
    0.0505518913269043,
    0.0425529678662618,
    0.03672620345806253,
    0.03381281428866916,
    0.03542072956378643,
    0.032036039564344615,
    0.03341639041900635,
    0.03873252868652344,
    0.03869001865386963,
    0.031536473168267146,
    0.03328744570414225,
    0.03529059092203776,
    0.03364113398960659,
    0.03370213508605957,
    0.032948195934295654,
    0.03481251001358032,
    0.03472364576239335,
    0.035887883259699896,
    0.03462035839374249,
    0.03482374277981845,
    0.03559368306940252,
    0.03339858055114746,
    0.03478155817304339,
    0.035074055194854736,
    0.03286947144402398,
    0.03471536636352539,
    0.03297974846579812,
    0.034645182745797296,
    0.03488909281217135,
    0.033357763290405275,
    0.03191934691535102,
    0.03575068049960666,
    0.03457935651143392,
    0.03158325619167752,
    0.03502382550920759,
    0.03476470708847046,
    0.03335799489702497,
    0.03458821773529053,
    0.03361204954294058,
    0.03438739478588104,
    0.03582067489624023,
    0.03398334063016451,
    0.0424237753215589,
    0.04186455408732096,
    0.03684711456298828,
    0.04767489433288574,
    0.03780919313430786,
    0.04537679751714071,
    0.03593858805569736,
    0.04003709554672241,
    0.03643902142842611,
    0.04508507879156815,
    0.035493112745739165,
    0.03731203079223633,
    0.03821748495101929,
    0.036133368810017906,
    0.037821292877197266,
    0.03810170718601772,
    0.03551006317138672,
    0.03540853450172826,
    0.03352145715193315,
    0.03904420754005169,
    0.03573256731033325,
    0.03225305676460266,
    0.03389639324612088,
    0.03409140639834934,
    0.050092339515686035,
    0.043198843797047935,
    0.04659674478613812,
    0.05684093995527788,
    0.047522170203072686,
    0.04362189769744873,
    0.04019448161125183,
    0.03637094681079571
  ],
  "checkpoint_metrics": {
    "100": {
      "avg_reward": 10.567,
      "avg_length": 14.3,
      "avg_step_time_ms": 35.44471592890076
    }
  }
}