{
  "episode_rewards": [
    9.700000000000001,
    10.48,
    9.73,
    9.790000000000001,
    10.14,
    10.38,
    9.96,
    9.15,
    9.56,
    10.370000000000001,
    -1.6000000000000003,
    9.67,
    10.040000000000001,
    9.690000000000001,
    -1.8000000000000003,
    10.18,
    -1.7000000000000006,
    10.41,
    9.450000000000001,
    9.96,
    10.4,
    10.48,
    9.16,
    10.09,
    9.229999999999999,
    9.75,
    8.879999999999999,
    -1.4000000000000004,
    10.48,
    10.53,
    10.33,
    -1.600000000000001,
    9.49,
    10.370000000000001,
    9.450000000000001,
    10.5,
    10.15,
    8.74,
    10.44,
    10.22,
    9.43,
    9.55,
    9.690000000000001,
    9.0,
    9.850000000000001,
    9.22,
    9.89,
    10.07,
    10.0,
    -1.6000000000000003,
    8.78,
    9.55,
    10.11,
    9.23,
    9.67,
    10.59,
    9.34,
    10.440000000000001,
    9.72,
    -1.7000000000000004,
    10.47,
    9.09,
    8.88,
    -1.4000000000000001,
    10.040000000000001,
    8.92,
    9.39,
    9.63,
    10.120000000000001,
    9.360000000000001,
    9.23,
    10.49,
    10.3,
    -1.800000000000001,
    9.950000000000001,
    10.5,
    10.200000000000001,
    8.85,
    10.55,
    10.22,
    9.4,
    10.58,
    10.44,
    9.22,
    10.4,
    9.92,
    9.129999999999999,
    -1.7000000000000004,
    10.42,
    -1.9000000000000004,
    8.98,
    10.51,
    10.52,
    10.43,
    9.610000000000001,
    9.940000000000001,
    9.93,
    10.35,
    10.08,
    10.57
  ],
  "episode_lengths": [
    101,
    23,
    98,
    92,
    57,
    33,
    75,
    156,
    115,
    34,
    200,
    104,
    67,
    102,
    200,
    53,
    200,
    30,
    126,
    75,
    31,
    23,
    155,
    62,
    148,
    96,
    183,
    200,
    23,
    18,
    38,
    200,
    122,
    34,
    126,
    21,
    56,
    197,
    27,
    49,
    128,
    116,
    102,
    171,
    86,
    149,
    82,
    64,
    71,
    200,
    193,
    116,
    60,
    148,
    104,
    12,
    137,
    27,
    99,
    200,
    24,
    162,
    183,
    200,
    67,
    179,
    132,
    108,
    59,
    135,
    148,
    22,
    41,
    200,
    76,
    21,
    51,
    186,
    16,
    49,
    131,
    13,
    27,
    149,
    31,
    79,
    158,
    200,
    29,
    200,
    173,
    20,
    19,
    28,
    110,
    77,
    78,
    36,
    63,
    14
  ],
  "step_times": [
    0.004186273801444781,
    0.00489546941674274,
    0.010620562397703832,
    0.007198071998098622,
    0.004799880479511462,
    0.005085591113928593,
    0.004343287150065104,
    0.004388280403919709,
    0.004274849269701087,
    0.004227694343118107,
    0.004294203519821167,
    0.005122945858882024,
    0.005025909907782256,
    0.005164160447962144,
    0.004636688232421875,
    0.004267472141193894,
    0.004275103807449341,
    0.004251543680826823,
    0.004247326699514237,
    0.004251073201497396,
    0.005262098004741054,
    0.004284050153649371,
    0.0042819653787920554,
    0.004792609522419591,
    0.004704278868597907,
    0.004252356787522634,
    0.004268040422533379,
    0.004418274164199829,
    0.004279768985250722,
    0.004136668311225044,
    0.004227424922742341,
    0.004288163185119629,
    0.004276922491730236,
    0.004305201418259565,
    0.0043243926668924,
    0.004327581042335147,
    0.004251348120825631,
    0.004249696199058881,
    0.0042018890380859375,
    0.004169600350516183,
    0.004271196201443672,
    0.0042842051078533306,
    0.004283933078541476,
    0.004311317588850769,
    0.004187417584796285,
    0.004313430530112862,
    0.004307177008652106,
    0.0043076686561107635,
    0.0041624391582650196,
    0.004302060604095459,
    0.004283476369986263,
    0.004269234065351815,
    0.004326315720876058,
    0.004239254706614726,
    0.0042820549928225,
    0.004243870576222737,
    0.004455549003434007,
    0.004310722704286929,
    0.004291228573731702,
    0.004270484447479248,
    0.004294087489446004,
    0.004251138663586275,
    0.004279424583977037,
    0.004274697303771973,
    0.00425403509567033,
    0.004280921467189682,
    0.00431546839800748,
    0.004416304605978506,
    0.004299980098918333,
    0.004242390173452871,
    0.004285801101375271,
    0.004053679379549893,
    0.004243711145912729,
    0.004234194755554199,
    0.004198999781357615,
    0.004363809313092913,
    0.004258445664948108,
    0.004282910336730301,
    0.004435881972312927,
    0.0042889215508285835,
    0.0042551692205531,
    0.004048585891723633,
    0.004293106220386646,
    0.004268951864050539,
    0.004291272932483304,
    0.004422402080101303,
    0.00428188148933121,
    0.004262827634811402,
    0.004304787208294046,
    0.004290206432342529,
    0.004302726315625141,
    0.004152548313140869,
    0.004077371798063579,
    0.004077545234135219,
    0.004238726875998757,
    0.004306752960403244,
    0.004251556518750313,
    0.004285871982574463,
    0.004273274588206458,
    0.004236630031040737
  ],
  "checkpoint_metrics": {
    "100": {
      "avg_reward": -1.900000000000001,
      "avg_length": 200.0,
      "avg_step_time_ms": 0.07153326272964478
    }
  }
}