{
  "episode_rewards": [
    9.020000000000001,
    10.21,
    9.54,
    10.53,
    10.200000000000001,
    10.19,
    10.42,
    8.87,
    10.3,
    10.25,
    8.88,
    10.51,
    9.790000000000001,
    9.99,
    10.52,
    10.0,
    10.27,
    9.110000000000001,
    10.110000000000001,
    10.290000000000001,
    9.97,
    9.65,
    10.450000000000001,
    -1.4000000000000006,
    9.0,
    10.46,
    10.52,
    9.63,
    9.89,
    10.450000000000001,
    9.930000000000001,
    9.850000000000001,
    10.110000000000001,
    9.940000000000001,
    10.34,
    9.18,
    10.31,
    9.33,
    9.47,
    10.22,
    -1.5000000000000004,
    9.92,
    10.47,
    9.74,
    -1.9000000000000004,
    -1.4999999999999998,
    10.08,
    10.110000000000001,
    9.850000000000001,
    9.590000000000002,
    10.43,
    10.120000000000001,
    10.110000000000001,
    9.17,
    10.6,
    10.07,
    9.31,
    10.07,
    10.48,
    10.51,
    9.34,
    10.030000000000001,
    10.47,
    9.870000000000001,
    10.16,
    9.51,
    10.23,
    10.25,
    10.41,
    -1.6000000000000008,
    -1.5000000000000002,
    10.540000000000001,
    10.31,
    10.52,
    -1.7,
    9.700000000000001,
    8.71,
    9.71,
    -1.7000000000000006,
    10.35,
    10.46,
    10.38,
    -1.5000000000000002,
    10.120000000000001,
    10.27,
    9.42,
    9.9,
    9.53,
    9.56,
    9.590000000000002,
    10.39,
    10.18,
    8.709999999999999,
    10.280000000000001,
    9.27,
    10.44,
    10.51,
    10.34,
    9.8,
    10.5
  ],
  "episode_lengths": [
    169,
    50,
    117,
    18,
    51,
    52,
    29,
    184,
    41,
    46,
    183,
    20,
    92,
    72,
    19,
    71,
    44,
    160,
    60,
    42,
    74,
    106,
    26,
    200,
    171,
    25,
    19,
    108,
    82,
    26,
    78,
    86,
    60,
    77,
    37,
    153,
    40,
    138,
    124,
    49,
    200,
    79,
    24,
    97,
    200,
    200,
    63,
    60,
    86,
    112,
    28,
    59,
    60,
    154,
    11,
    64,
    140,
    64,
    23,
    20,
    137,
    68,
    24,
    84,
    55,
    120,
    48,
    46,
    30,
    200,
    200,
    17,
    40,
    19,
    200,
    101,
    200,
    100,
    200,
    36,
    25,
    33,
    200,
    59,
    44,
    129,
    81,
    118,
    115,
    112,
    32,
    53,
    200,
    43,
    144,
    27,
    20,
    37,
    91,
    21
  ],
  "step_times": [
    4.2303074041061854e-05,
    4.8356056213378905e-05,
    3.633743677383814e-05,
    4.430611928304037e-05,
    3.252309911391314e-05,
    4.588640653170072e-05,
    3.2260500151535564e-05,
    4.6260978864586875e-05,
    4.6131087512504766e-05,
    4.5911125514818274e-05,
    4.727723168545082e-05,
    3.366470336914062e-05,
    3.3953915471616e-05,
    3.239181306627062e-05,
    3.2864118877210114e-05,
    4.0306171900789505e-05,
    5.332990126176314e-05,
    3.8914382457733154e-05,
    3.225406010945638e-05,
    3.2203538077218195e-05,
    4.6659160304713895e-05,
    3.644880258812094e-05,
    3.331441145676833e-05,
    3.2362937927246096e-05,
    3.573769017269737e-05,
    5.334854125976562e-05,
    3.234963668020148e-05,
    3.261036343044705e-05,
    3.44049639818145e-05,
    3.280089451716496e-05,
    3.363535954402043e-05,
    3.2851862352947854e-05,
    5.4725011189778645e-05,
    3.5722534377853593e-05,
    3.212207072489971e-05,
    3.35235221713197e-05,
    3.2806396484375e-05,
    4.0401583132536516e-05,
    3.3559337739021546e-05,
    3.281418158083546e-05,
    3.3348798751831055e-05,
    3.5922738570201246e-05,
    3.644824028015137e-05,
    3.4071735500060405e-05,
    3.3055543899536135e-05,
    4.229187965393066e-05,
    3.269740513392857e-05,
    3.2830238342285154e-05,
    3.237779750380405e-05,
    3.515183925628662e-05,
    6.507975714547294e-05,
    3.233602491475768e-05,
    3.223419189453125e-05,
    3.244350482891132e-05,
    3.2099810513583094e-05,
    6.084144115447998e-05,
    3.796475274222238e-05,
    3.269314765930176e-05,
    3.2051749851392664e-05,
    3.265142440795898e-05,
    3.465422748649207e-05,
    4.849714391371783e-05,
    6.473064422607422e-05,
    5.8770179748535156e-05,
    4.7761743718927554e-05,
    4.6708186467488606e-05,
    5.1637490590413414e-05,
    3.250785495923913e-05,
    3.311634063720703e-05,
    3.255605697631836e-05,
    4.0199756622314456e-05,
    3.196211422190947e-05,
    3.1876564025878904e-05,
    3.118264047723067e-05,
    3.223061561584473e-05,
    4.65482768445912e-05,
    3.2149553298950195e-05,
    3.2262802124023436e-05,
    3.88646125793457e-05,
    3.2888518439398875e-05,
    3.684043884277344e-05,
    3.541599620472301e-05,
    3.316640853881836e-05,
    3.8583399885791845e-05,
    3.311850807883523e-05,
    3.351721652718478e-05,
    3.200107150607639e-05,
    3.22168156252069e-05,
    3.574620122494905e-05,
    3.316785608019147e-05,
    3.499537706375122e-05,
    3.24114313665426e-05,
    3.228902816772461e-05,
    4.824926686841388e-05,
    3.402928511301676e-05,
    3.900351347746672e-05,
    3.311634063720703e-05,
    3.204474578032623e-05,
    3.206598889696729e-05,
    3.20275624593099e-05
  ],
  "checkpoint_metrics": {
    "100": {
      "avg_reward": 9.011,
      "avg_length": 66.8,
      "avg_step_time_ms": 0.03355669820667084
    }
  }
}