{
  "episode_rewards": [
    10.19,
    9.27,
    10.35,
    10.26,
    10.51,
    10.0,
    10.52,
    10.290000000000001,
    10.55,
    10.55,
    10.43,
    10.39,
    10.56,
    10.49,
    10.6,
    10.34,
    10.32,
    10.55,
    10.51,
    10.540000000000001,
    10.63,
    10.6,
    10.56,
    10.47,
    10.48,
    10.39,
    10.59,
    10.55,
    10.63,
    10.62,
    10.62,
    10.540000000000001,
    10.53,
    10.59,
    10.59,
    10.61,
    10.59,
    10.6,
    10.61,
    10.55,
    10.63,
    10.61,
    10.61,
    10.540000000000001,
    10.58,
    10.59,
    10.57,
    10.63,
    10.55,
    10.58,
    10.61,
    10.63,
    10.59,
    10.63,
    10.55,
    10.59,
    10.63,
    10.58,
    10.63,
    10.59,
    10.63,
    10.45,
    10.6,
    10.6,
    10.56,
    10.62,
    10.56,
    10.6,
    10.63,
    10.63,
    10.61,
    10.58,
    10.62,
    10.63,
    10.63,
    10.540000000000001,
    10.62,
    10.57,
    10.62,
    10.57,
    10.63,
    10.61,
    10.63,
    10.61,
    10.57,
    10.61,
    10.61,
    10.63,
    10.62,
    10.62,
    10.61,
    10.63,
    10.61,
    10.61,
    10.63,
    10.6,
    10.63,
    10.63,
    10.63,
    10.62
  ],
  "episode_lengths": [
    52,
    144,
    36,
    45,
    20,
    71,
    19,
    42,
    16,
    16,
    28,
    32,
    15,
    22,
    11,
    37,
    39,
    16,
    20,
    17,
    8,
    11,
    15,
    24,
    23,
    32,
    12,
    16,
    8,
    9,
    9,
    17,
    18,
    12,
    12,
    10,
    12,
    11,
    10,
    16,
    8,
    10,
    10,
    17,
    13,
    12,
    14,
    8,
    16,
    13,
    10,
    8,
    12,
    8,
    16,
    12,
    8,
    13,
    8,
    12,
    8,
    26,
    11,
    11,
    15,
    9,
    15,
    11,
    8,
    8,
    10,
    13,
    9,
    8,
    8,
    17,
    9,
    14,
    9,
    14,
    8,
    10,
    8,
    10,
    14,
    10,
    10,
    8,
    9,
    9,
    10,
    8,
    10,
    10,
    8,
    11,
    8,
    8,
    8,
    9
  ],
  "step_times": [
    0.00011535332753108098,
    0.00010414421558380127,
    8.33272933959961e-05,
    0.00011119842529296874,
    0.00014983415603637696,
    9.863141556860695e-05,
    0.00010554414046438117,
    9.514036632719494e-05,
    0.00012484192848205566,
    0.00012487173080444336,
    0.00014310223715645925,
    0.0001099705696105957,
    0.00013359387715657553,
    0.00013621286912397906,
    9.096752513538708e-05,
    0.00010802939131453231,
    0.00010256278209197216,
    0.00012509524822235107,
    0.00015028715133666993,
    0.00011724584242876838,
    0.00012508034706115723,
    0.00018171830610795453,
    0.00013330777486165364,
    8.337696393330891e-05,
    0.00013039423071819803,
    0.00012505799531936646,
    0.00016663471857706705,
    0.00012479722499847412,
    0.0001252293586730957,
    0.00022207366095648872,
    0.0002228154076470269,
    0.00011763853185317096,
    0.0001109970940483941,
    0.00016667445500691733,
    8.334716161092122e-05,
    0.00020020008087158204,
    0.00016697247823079428,
    9.064240889115767e-05,
    0.0001997709274291992,
    0.00012509524822235107,
    0.00012487173080444336,
    0.00020000934600830078,
    9.975433349609374e-05,
    0.00011768060572007123,
    0.0001539450425368089,
    0.00016677379608154297,
    0.00014294896806989397,
    0.0001246035099029541,
    0.00018784403800964355,
    0.00015379832341120794,
    0.00010020732879638672,
    0.0002503693103790283,
    8.269151051839192e-05,
    0.00025159120559692383,
    6.221234798431396e-05,
    0.000166932741800944,
    0.00012567639350891113,
    0.00015368828406700722,
    0.00012513995170593262,
    0.00016631682713826498,
    0.0001252591609954834,
    0.00013508246495173528,
    0.0002730976451526989,
    0.00018160993402654475,
    0.00013327598571777344,
    0.00011120902167426216,
    0.00013322830200195311,
    0.00018189170143821022,
    0.00012513995170593262,
    0.00012481212615966797,
    0.00019989013671875,
    0.00015592575073242188,
    0.00022019280327690972,
    0.00012451410293579102,
    0.000125199556350708,
    0.0001763596254236558,
    0.00011046727498372395,
    0.00014289787837437222,
    0.00011118253072102864,
    0.00014277866908482144,
    0.0002497434616088867,
    0.00010020732879638672,
    0.0001251697540283203,
    0.00019979476928710938,
    0.00014318738664899553,
    9.980201721191407e-05,
    0.00019965171813964843,
    0.00012499094009399414,
    0.00011128849453396267,
    0.00011110305786132812,
    9.996891021728516e-05,
    0.00012472271919250488,
    0.00020051002502441406,
    9.961128234863282e-05,
    0.00012490153312683105,
    9.025226939808239e-05,
    0.00012484192848205566,
    0.0001252591609954834,
    0.0002499520778656006,
    0.00011110305786132812
  ],
  "checkpoint_metrics": {
    "100": {
      "avg_reward": 10.629999999999999,
      "avg_length": 8.0,
      "avg_step_time_ms": 0.06250739097595215
    }
  }
}