{
  "episode_rewards": [
    10.16,
    9.84,
    10.57,
    10.36,
    10.35,
    10.620000000000001,
    10.56,
    10.48,
    10.18,
    10.63,
    10.59,
    10.59,
    10.6,
    10.55,
    10.61,
    10.62,
    10.53,
    10.63,
    10.62,
    10.59,
    10.57,
    10.47,
    10.63,
    10.42,
    10.63,
    10.63,
    10.49,
    10.63,
    10.63,
    10.48,
    10.42,
    10.61,
    10.63,
    10.57,
    10.63,
    10.63,
    10.63,
    10.63,
    10.63,
    10.46,
    10.63,
    10.63,
    10.63,
    10.63,
    10.63,
    10.63,
    10.63,
    10.63,
    10.63,
    10.44,
    10.63,
    10.51,
    10.63,
    10.63,
    10.63,
    10.61,
    10.63,
    10.63,
    10.49,
    10.63,
    10.58,
    10.63,
    10.63,
    10.63,
    10.63,
    10.63,
    10.63,
    10.63,
    10.56,
    10.63,
    10.63,
    10.62,
    10.63,
    10.63,
    10.63,
    10.63,
    10.63,
    10.63,
    10.63,
    10.63,
    10.41,
    10.63,
    10.63,
    10.63,
    10.63,
    10.63,
    10.63,
    10.63,
    10.63,
    10.63,
    10.63,
    10.63,
    10.63,
    10.63,
    10.63,
    10.63,
    10.63,
    10.63,
    10.63,
    10.63
  ],
  "episode_lengths": [
    55,
    87,
    14,
    35,
    36,
    9,
    15,
    23,
    53,
    8,
    12,
    12,
    11,
    16,
    10,
    9,
    18,
    8,
    9,
    12,
    14,
    24,
    8,
    29,
    8,
    8,
    22,
    8,
    8,
    23,
    29,
    10,
    8,
    14,
    8,
    8,
    8,
    8,
    8,
    25,
    8,
    8,
    8,
    8,
    8,
    8,
    8,
    8,
    8,
    27,
    8,
    20,
    8,
    8,
    8,
    10,
    8,
    8,
    22,
    8,
    13,
    8,
    8,
    8,
    8,
    8,
    8,
    8,
    15,
    8,
    8,
    9,
    8,
    8,
    8,
    8,
    8,
    8,
    8,
    8,
    30,
    8,
    8,
    8,
    8,
    8,
    8,
    8,
    8,
    8,
    8,
    8,
    8,
    8,
    8,
    8,
    8,
    8,
    8,
    8
  ],
  "step_times": [
    3.627863797274503e-05,
    0.0016038445220596489,
    0.001681685447692871,
    0.0016857896532331193,
    0.0016982025570339626,
    0.0017777283986409504,
    0.0018000125885009766,
    0.0019175902656886888,
    0.0017840412427794258,
    0.0017500519752502441,
    0.0019991397857666016,
    0.001833200454711914,
    0.0015461878343061967,
    0.0016567856073379517,
    0.0017999649047851563,
    0.0017779403262668187,
    0.0016666783226860894,
    0.0018137097358703613,
    0.0017785496181911891,
    0.0018332600593566895,
    0.0017859765461512975,
    0.001688083012898763,
    0.0017501413822174072,
    0.0018967924446895205,
    0.0018760859966278076,
    0.0019258856773376465,
    0.001772208647294478,
    0.001750260591506958,
    0.0017496943473815918,
    0.0017181272092072861,
    0.0018936025685277478,
    0.0017555475234985352,
    0.0018755793571472168,
    0.0016793012619018555,
    0.0018748641014099121,
    0.0020000040531158447,
    0.0018749833106994629,
    0.0017499029636383057,
    0.001875847578048706,
    0.001900787353515625,
    0.0020000040531158447,
    0.0017511248588562012,
    0.0017495155334472656,
    0.0018936395645141602,
    0.0017498433589935303,
    0.0017510950565338135,
    0.0018739402294158936,
    0.0017500817775726318,
    0.0017518103122711182,
    0.001907754827428747,
    0.0017503798007965088,
    0.0017994999885559081,
    0.0017012357711791992,
    0.0017566084861755371,
    0.0017517507076263428,
    0.0018975019454956054,
    0.0017709732055664062,
    0.0018733441829681396,
    0.0019120303067294035,
    0.0017495453357696533,
    0.0019221856043888973,
    0.0017500817775726318,
    0.0018750131130218506,
    0.0018522143363952637,
    0.001779109239578247,
    0.0018751323223114014,
    0.0019998252391815186,
    0.0018750131130218506,
    0.0018666744232177734,
    0.0018762052059173584,
    0.002016007900238037,
    0.0020011530982123483,
    0.0021252036094665527,
    0.0018749237060546875,
    0.001874774694442749,
    0.002001345157623291,
    0.0018148720264434814,
    0.0019993484020233154,
    0.0020000338554382324,
    0.0017500221729278564,
    0.0017838637034098307,
    0.0017473101615905762,
    0.002137422561645508,
    0.0018741786479949951,
    0.0018744468688964844,
    0.001999884843826294,
    0.0018758773803710938,
    0.0018145740032196045,
    0.0018752217292785645,
    0.0017787814140319824,
    0.0018143951892852783,
    0.0017732977867126465,
    0.0017503201961517334,
    0.0016255676746368408,
    0.0018136799335479736,
    0.0017499923706054688,
    0.0016666650772094727,
    0.0017507970333099365,
    0.0018748939037322998,
    0.0020000040531158447
  ],
  "checkpoint_metrics": {
    "100": {
      "avg_reward": 10.629999999999999,
      "avg_length": 8.0,
      "avg_step_time_ms": 0.05647987127304077
    }
  }
}