{
  "episode_rewards": [
    10.42,
    9.780000000000001,
    9.52,
    9.56,
    8.86,
    10.41,
    9.96,
    10.120000000000001,
    -1.5000000000000007,
    9.31,
    9.48,
    10.18,
    10.44,
    10.53,
    10.01,
    10.200000000000001,
    -1.8000000000000005,
    10.07,
    9.89,
    10.15,
    9.530000000000001,
    10.24,
    8.87,
    -1.7000000000000006,
    9.19,
    10.11,
    10.33,
    10.49,
    10.55,
    -1.3999999999999997,
    -1.7000000000000002,
    -1.6,
    10.08,
    9.4,
    10.14,
    10.45,
    9.0,
    10.35,
    10.58,
    9.22,
    -1.7000000000000002,
    9.11,
    10.07,
    10.59,
    9.700000000000001,
    10.46,
    9.22,
    10.43,
    10.540000000000001,
    -1.7000000000000006,
    9.09,
    -1.9000000000000008,
    9.26,
    10.32,
    9.59,
    10.59,
    8.81,
    -1.4999999999999998,
    9.370000000000001,
    10.51,
    10.030000000000001,
    9.75,
    9.19,
    -1.4999999999999998,
    10.030000000000001,
    9.81,
    8.71,
    9.28,
    8.89,
    9.68,
    10.43,
    10.25,
    10.6,
    10.17,
    10.15,
    10.3,
    10.53,
    -2.0000000000000004,
    9.850000000000001,
    10.34,
    9.55,
    8.72,
    10.15,
    10.01,
    9.5,
    8.780000000000001,
    10.16,
    10.51,
    10.280000000000001,
    9.5,
    9.57,
    10.370000000000001,
    10.15,
    -1.7000000000000004,
    10.36,
    9.600000000000001,
    9.96,
    10.51,
    -1.6,
    9.34
  ],
  "episode_lengths": [
    29,
    93,
    119,
    115,
    185,
    30,
    75,
    59,
    200,
    140,
    123,
    53,
    27,
    18,
    70,
    51,
    200,
    64,
    82,
    56,
    118,
    47,
    184,
    200,
    152,
    60,
    38,
    22,
    16,
    200,
    200,
    200,
    63,
    131,
    57,
    26,
    171,
    36,
    13,
    149,
    200,
    160,
    64,
    12,
    101,
    25,
    149,
    28,
    17,
    200,
    162,
    200,
    145,
    39,
    112,
    12,
    190,
    200,
    134,
    20,
    68,
    96,
    152,
    200,
    68,
    90,
    200,
    143,
    182,
    103,
    28,
    46,
    11,
    54,
    56,
    41,
    18,
    200,
    86,
    37,
    116,
    199,
    56,
    70,
    121,
    193,
    55,
    20,
    43,
    121,
    114,
    34,
    56,
    200,
    35,
    111,
    75,
    20,
    200,
    137
  ],
  "step_times": [
    8.398911048626078e-05,
    3.77572992796539e-05,
    3.361301261837743e-05,
    3.4856796264648435e-05,
    3.7789989162135766e-05,
    3.4332275390625e-05,
    2.6658376057942708e-05,
    3.3895848161083155e-05,
    3.991007804870606e-05,
    3.576108387538365e-05,
    3.261294791368934e-05,
    3.751268926656471e-05,
    3.702552230269821e-05,
    5.565749274359809e-05,
    2.8719220842633928e-05,
    3.898377512015548e-05,
    3.505945205688477e-05,
    4.6700239181518555e-05,
    3.6725183812583364e-05,
    3.571595464433942e-05,
    3.3895848161083155e-05,
    4.255010726604056e-05,
    3.2585600148076594e-05,
    3.4945011138916014e-05,
    3.959003247712788e-05,
    3.3414363861083986e-05,
    2.6263688739977386e-05,
    4.5982274142178625e-05,
    6.178021430969238e-05,
    3.0059814453125e-05,
    3.773093223571777e-05,
    4.0001869201660157e-05,
    3.173994639563182e-05,
    3.0650437333201635e-05,
    3.482166089509663e-05,
    3.84679207435021e-05,
    3.50865704274317e-05,
    2.7782387203640406e-05,
    0.0,
    4.0190331887878826e-05,
    3.499746322631836e-05,
    3.757476806640625e-05,
    3.113970160484314e-05,
    8.294979731241862e-05,
    2.9700817448077815e-05,
    0.0,
    4.031834186323537e-05,
    3.615447453090123e-05,
    0.0,
    3.499984741210938e-05,
    3.087667771327643e-05,
    3.502368927001953e-05,
    4.14996311582368e-05,
    2.5785886324368992e-05,
    3.581387656075614e-05,
    8.3466370900472e-05,
    3.428459167480469e-05,
    3.577589988708496e-05,
    3.624140326656512e-05,
    0.0,
    2.863126642563764e-05,
    4.159162441889445e-05,
    3.294725167123895e-05,
    3.499388694763184e-05,
    2.923783134011661e-05,
    3.333091735839844e-05,
    3.4939050674438474e-05,
    3.504919839072061e-05,
    3.846268077473064e-05,
    2.901068011533867e-05,
    3.6622796739850726e-05,
    2.176865287449049e-05,
    9.107589721679688e-05,
    1.841562765615958e-05,
    3.57074396950858e-05,
    4.856179400188167e-05,
    5.604161156548394e-05,
    3.500223159790039e-05,
    3.4870103348133176e-05,
    5.3947036330764356e-05,
    3.465496260544349e-05,
    3.517692412563305e-05,
    3.569466727120536e-05,
    3.654275621686663e-05,
    3.295890555894079e-05,
    3.6274213247348604e-05,
    3.6569075150923294e-05,
    4.9996376037597654e-05,
    2.3254128389580307e-05,
    4.132325984229726e-05,
    3.498478939658717e-05,
    2.923432518454159e-05,
    3.583942140851702e-05,
    3.505349159240723e-05,
    2.8576169695172992e-05,
    3.610215745530687e-05,
    2.670605977376302e-05,
    4.98652458190918e-05,
    3.5006999969482425e-05,
    3.648500372893619e-05
  ],
  "checkpoint_metrics": {
    "100": {
      "avg_reward": 8.740499999999999,
      "avg_length": 93.35,
      "avg_step_time_ms": 0.030468056381163115
    }
  }
}