{
  "episode_rewards": [
    10.1,
    10.63,
    9.43,
    10.5,
    10.52,
    10.200000000000001,
    10.49,
    10.63,
    10.540000000000001,
    10.55,
    10.6,
    10.62,
    10.63,
    10.48,
    10.59,
    10.49,
    10.57,
    10.58,
    10.23,
    10.46,
    10.61,
    10.55,
    10.57,
    10.63,
    10.63,
    10.58,
    10.59,
    10.63,
    10.55,
    10.540000000000001,
    10.47,
    10.5,
    10.41,
    10.63,
    10.61,
    10.59,
    10.62,
    10.6,
    10.61,
    10.200000000000001,
    10.61,
    10.49,
    10.59,
    10.61,
    10.620000000000001,
    10.450000000000001,
    10.43,
    10.27,
    10.49,
    10.61,
    10.59,
    10.63,
    10.61,
    10.62,
    10.5,
    10.63,
    10.5,
    10.59,
    10.55,
    10.63,
    10.32,
    10.63,
    10.49,
    10.620000000000001,
    10.63,
    10.61,
    10.63,
    10.63,
    10.620000000000001,
    10.63,
    10.61,
    10.63,
    10.63,
    10.61,
    10.58,
    10.63,
    10.63,
    10.63,
    10.63,
    10.62,
    10.63,
    10.61,
    10.63,
    10.63,
    10.63,
    10.63,
    10.63,
    10.63,
    10.56,
    10.63,
    10.63,
    10.63,
    10.63,
    10.61,
    10.63,
    10.63,
    10.63,
    10.63,
    10.63,
    10.61
  ],
  "episode_lengths": [
    61,
    8,
    128,
    21,
    19,
    51,
    22,
    8,
    17,
    16,
    11,
    9,
    8,
    23,
    12,
    22,
    14,
    13,
    48,
    25,
    10,
    16,
    14,
    8,
    8,
    13,
    12,
    8,
    16,
    17,
    24,
    21,
    30,
    8,
    10,
    12,
    9,
    11,
    10,
    51,
    10,
    22,
    12,
    10,
    9,
    26,
    28,
    44,
    22,
    10,
    12,
    8,
    10,
    9,
    21,
    8,
    21,
    12,
    16,
    8,
    39,
    8,
    22,
    9,
    8,
    10,
    8,
    8,
    9,
    8,
    10,
    8,
    8,
    10,
    13,
    8,
    8,
    8,
    8,
    9,
    8,
    10,
    8,
    8,
    8,
    8,
    8,
    8,
    15,
    8,
    8,
    8,
    8,
    10,
    8,
    8,
    8,
    8,
    8,
    10
  ],
  "step_times": [
    0.00014052234712194224,
    0.0029529929161071777,
    0.0026992429047822952,
    0.0018135706583658855,
    0.0017814761713931435,
    0.002017077277688419,
    0.0021358294920487838,
    0.0032799839973449707,
    0.002047244240255917,
    0.0020683258771896362,
    0.002354405143044212,
    0.00203145874871148,
    0.0022737085819244385,
    0.0021718688633130946,
    0.0021167993545532227,
    0.002696373245932839,
    0.0019691671643938336,
    0.0021312786982609676,
    0.002294530471165975,
    0.002028522491455078,
    0.0021301031112670897,
    0.0019216388463974,
    0.001962576593671526,
    0.001940011978149414,
    0.002046436071395874,
    0.002115194614116962,
    0.0022149085998535156,
    0.0019293129444122314,
    0.001925244927406311,
    0.0019787199356976677,
    0.002152085304260254,
    0.0019644442058744885,
    0.0021543502807617188,
    0.0019855499267578125,
    0.0020009279251098633,
    0.0020174582799275718,
    0.002164814207288954,
    0.0018683346835049715,
    0.0018188953399658203,
    0.0017958622352749693,
    0.002007317543029785,
    0.0018728104504671965,
    0.0019162297248840332,
    0.0020483255386352537,
    0.001957151624891493,
    0.0018626359792856069,
    0.0018503325326102121,
    0.0017970800399780273,
    0.001831683245572177,
    0.0018039226531982421,
    0.0019890268643697104,
    0.0018149614334106445,
    0.0018035411834716798,
    0.0018759833441840278,
    0.0018577348618280319,
    0.02179032564163208,
    0.0023069268181210474,
    0.002133528391520182,
    0.010086238384246826,
    0.007959634065628052,
    0.002799663788233048,
    0.0051091015338897705,
    0.003741632808338512,
    0.0029048919677734375,
    0.0028607845306396484,
    0.004788589477539062,
    0.002504974603652954,
    0.005153626203536987,
    0.004519568549262153,
    0.0025906264781951904,
    0.0025824546813964845,
    0.0027258992195129395,
    0.002282470464706421,
    0.004737329483032226,
    0.004035913027249849,
    0.0026924610137939453,
    0.0052172839641571045,
    0.0025769174098968506,
    0.002718806266784668,
    0.0020442803700764975,
    0.004774749279022217,
    0.002786397933959961,
    0.0022298097610473633,
    0.002843230962753296,
    0.005237698554992676,
    0.0033027231693267822,
    0.005203753709793091,
    0.0025671720504760742,
    0.002361122767130534,
    0.0020176172256469727,
    0.002165287733078003,
    0.002820640802383423,
    0.0027183592319488525,
    0.002600407600402832,
    0.0026547014713287354,
    0.0027885138988494873,
    0.002997666597366333,
    0.00222933292388916,
    0.0022682547569274902,
    0.0021966934204101563
  ],
  "checkpoint_metrics": {
    "100": {
      "avg_reward": 10.629999999999999,
      "avg_length": 8.0,
      "avg_step_time_ms": 0.06050020456314087
    }
  }
}