{
  "episode_rewards": [
    9.46,
    10.3,
    10.48,
    10.53,
    10.35,
    10.51,
    10.4,
    10.55,
    10.53,
    10.21,
    10.530000000000001,
    10.57,
    10.49,
    10.48,
    10.26,
    10.62,
    10.21,
    10.59,
    10.61,
    10.63,
    10.63,
    10.61,
    10.58,
    9.96,
    10.58,
    10.63,
    10.53,
    10.63,
    10.440000000000001,
    10.46,
    10.22,
    10.48,
    10.41,
    -1.5000000000000009,
    10.43,
    10.35,
    -1.4000000000000001,
    9.83,
    8.870000000000001,
    9.55,
    10.59,
    10.13,
    10.63,
    10.370000000000001,
    10.49,
    10.530000000000001,
    10.55,
    10.63,
    10.63,
    10.63,
    10.63,
    10.63,
    10.63,
    10.63,
    10.59,
    10.63,
    10.63,
    10.63,
    10.63,
    10.61,
    10.63,
    10.63,
    10.540000000000001,
    10.63,
    10.48,
    10.63,
    10.58,
    10.63,
    10.63,
    10.63,
    10.63,
    10.61,
    10.63,
    10.63,
    10.63,
    10.63,
    10.63,
    10.63,
    10.63,
    10.63,
    10.63,
    10.63,
    10.63,
    10.63,
    10.63,
    10.63,
    10.63,
    10.63,
    10.63,
    10.63,
    10.63,
    10.63,
    10.63,
    10.63,
    10.63,
    10.63,
    10.63,
    10.63,
    10.63,
    10.63
  ],
  "episode_lengths": [
    125,
    41,
    23,
    18,
    36,
    20,
    31,
    16,
    18,
    50,
    18,
    14,
    22,
    23,
    45,
    9,
    50,
    12,
    10,
    8,
    8,
    10,
    13,
    75,
    13,
    8,
    18,
    8,
    27,
    25,
    49,
    23,
    30,
    200,
    28,
    36,
    200,
    88,
    184,
    116,
    12,
    58,
    8,
    34,
    22,
    18,
    16,
    8,
    8,
    8,
    8,
    8,
    8,
    8,
    12,
    8,
    8,
    8,
    8,
    10,
    8,
    8,
    17,
    8,
    23,
    8,
    13,
    8,
    8,
    8,
    8,
    10,
    8,
    8,
    8,
    8,
    8,
    8,
    8,
    8,
    8,
    8,
    8,
    8,
    8,
    8,
    8,
    8,
    8,
    8,
    8,
    8,
    8,
    8,
    8,
    8,
    8,
    8,
    8,
    8
  ],
  "step_times": [
    0.001223611831665039,
    0.0023521621052811784,
    0.0024195339368737264,
    0.0022795465257432726,
    0.002794629997677273,
    0.005594336986541748,
    0.0022395426227200415,
    0.0024348795413970947,
    0.002561277813381619,
    0.002565312385559082,
    0.00246327453189426,
    0.002293637820652553,
    0.002497001127763228,
    0.0025689083596934443,
    0.002752828598022461,
    0.00306852658589681,
    0.002607865333557129,
    0.003120899200439453,
    0.0031718969345092773,
    0.004797548055648804,
    0.002728968858718872,
    0.002404618263244629,
    0.0027061242323655347,
    0.002551740010579427,
    0.0025318585909329928,
    0.002595871686935425,
    0.0025359392166137695,
    0.0025162100791931152,
    0.002427533820823387,
    0.0024901103973388673,
    0.002525869680910694,
    0.0025354571964429774,
    0.0024641752243041992,
    0.002626887559890747,
    0.0024831805910382953,
    0.002352337042490641,
    0.002495793104171753,
    0.0023394470865076237,
    0.0021216895269310994,
    0.0025799706064421556,
    0.0027925570805867514,
    0.0026320054613310716,
    0.0027791261672973633,
    0.0025583435507381663,
    0.002094225449995561,
    0.0026788446638319227,
    0.0024597495794296265,
    0.0027760565280914307,
    0.002315014600753784,
    0.0024994611740112305,
    0.0028387904167175293,
    0.0024211108684539795,
    0.0023494362831115723,
    0.0021401941776275635,
    0.0022884209950764975,
    0.003031820058822632,
    0.0025627613067626953,
    0.0027105510234832764,
    0.0028187036514282227,
    0.002795982360839844,
    0.002870917320251465,
    0.002605646848678589,
    0.002534627914428711,
    0.0027137398719787598,
    0.0023708343505859375,
    0.0025981366634368896,
    0.0036204228034386267,
    0.002833724021911621,
    0.0025184452533721924,
    0.0022431015968322754,
    0.0023610293865203857,
    0.002252364158630371,
    0.002295881509780884,
    0.0021758973598480225,
    0.0021894872188568115,
    0.002337157726287842,
    0.0022895336151123047,
    0.002254396677017212,
    0.0023685097694396973,
    0.0023033618927001953,
    0.002273380756378174,
    0.0022411346435546875,
    0.0023466646671295166,
    0.0019752979278564453,
    0.002300769090652466,
    0.0024642348289489746,
    0.0023135244846343994,
    0.002491503953933716,
    0.0029360055923461914,
    0.002924323081970215,
    0.0027424991130828857,
    0.0028801560401916504,
    0.002681642770767212,
    0.0022896230220794678,
    0.002768397331237793,
    0.0027601122856140137,
    0.002773791551589966,
    0.0029831528663635254,
    0.0024843811988830566,
    0.0028234124183654785
  ],
  "checkpoint_metrics": {
    "100": {
      "avg_reward": 10.629999999999999,
      "avg_length": 8.0,
      "avg_step_time_ms": 0.08566826581954956
    }
  }
}