{
  "episode_rewards": [
    -1.3000000000000005,
    -1.5999999999999999,
    -1.3,
    -1.4000000000000001,
    -1.5000000000000002,
    -1.2999999999999998,
    -1.2999999999999998,
    -1.4,
    -1.8000000000000005,
    -1.3,
    -1.2999999999999996,
    -1.2999999999999998,
    -1.8000000000000005,
    -1.4,
    -1.3999999999999997,
    -1.4000000000000004,
    -1.4000000000000001,
    -1.4000000000000001,
    -1.2999999999999998,
    -1.4000000000000004,
    -1.4000000000000001,
    -1.3000000000000003,
    -1.4000000000000004,
    -1.2999999999999996,
    -1.6,
    -1.8000000000000003,
    -1.3,
    -1.3000000000000003,
    -1.5,
    -1.3000000000000003,
    -1.3,
    -1.2999999999999996,
    -1.3000000000000003,
    -1.5000000000000002,
    -1.4000000000000001,
    10.09,
    -1.7000000000000002,
    -1.5000000000000002,
    -1.4,
    -1.4,
    -1.5,
    -1.6000000000000003,
    -1.3999999999999997,
    -1.7000000000000004,
    9.74,
    -1.2999999999999998,
    -1.2999999999999998,
    -1.4000000000000001,
    -1.5999999999999999,
    -1.2999999999999998,
    -1.9000000000000001,
    -1.4000000000000001,
    -1.4,
    -1.2999999999999996,
    -1.3,
    -1.2999999999999998,
    -1.3000000000000003,
    -1.4999999999999998,
    -1.4,
    -1.4000000000000004,
    -1.8000000000000003,
    -1.3000000000000003,
    -1.7000000000000004,
    -1.3000000000000003,
    8.82,
    9.58,
    -1.4,
    -1.8000000000000005,
    -1.4,
    -1.4000000000000001,
    -1.6,
    -1.4999999999999998,
    -1.3999999999999997,
    9.510000000000002,
    -1.5,
    -1.2999999999999998,
    -1.5000000000000004,
    -1.5000000000000004,
    -1.3000000000000003,
    -1.3999999999999997,
    -1.6000000000000005,
    -1.5,
    -1.5,
    -1.2999999999999998,
    -1.6000000000000003,
    -1.9000000000000012,
    -1.3999999999999997,
    -1.3000000000000003,
    -2.0000000000000004,
    -1.5000000000000002,
    -1.2999999999999996,
    -1.4000000000000001,
    -1.5,
    -1.5000000000000002,
    -1.4000000000000001,
    -1.3,
    -1.7000000000000006,
    -1.3,
    -1.4,
    -1.2999999999999998
  ],
  "episode_lengths": [
    200,
    200,
    200,
    200,
    200,
    200,
    200,
    200,
    200,
    200,
    200,
    200,
    200,
    200,
    200,
    200,
    200,
    200,
    200,
    200,
    200,
    200,
    200,
    200,
    200,
    200,
    200,
    200,
    200,
    200,
    200,
    200,
    200,
    200,
    200,
    62,
    200,
    200,
    200,
    200,
    200,
    200,
    200,
    200,
    97,
    200,
    200,
    200,
    200,
    200,
    200,
    200,
    200,
    200,
    200,
    200,
    200,
    200,
    200,
    200,
    200,
    200,
    200,
    200,
    189,
    113,
    200,
    200,
    200,
    200,
    200,
    200,
    200,
    120,
    200,
    200,
    200,
    200,
    200,
    200,
    200,
    200,
    200,
    200,
    200,
    200,
    200,
    200,
    200,
    200,
    200,
    200,
    200,
    200,
    200,
    200,
    200,
    200,
    200,
    200
  ],
  "step_times": [
    0.05612534165382385,
    0.058025846481323244,
    0.05853070020675659,
    0.05733375787734985,
    0.05896181225776673,
    0.05725096940994263,
    0.05480084776878357,
    0.0576456367969513,
    0.05680159568786621,
    0.053395097255706785,
    0.05708526968955994,
    0.05462507963180542,
    0.06600305914878846,
    0.05927453279495239,
    0.060252126455307004,
    0.05776599884033203,
    0.056885604858398435,
    0.05775954008102417,
    0.055222240686416624,
    0.05923530697822571,
    0.05888388872146606,
    0.1550928008556366,
    0.1534959578514099,
    0.144967360496521,
    0.1531652319431305,
    0.15399766564369202,
    0.14703721046447754,
    0.13418680787086487,
    0.13572626829147338,
    0.1361839771270752,
    0.14197068214416503,
    0.1461155891418457,
    0.13128094434738158,
    0.15333940505981444,
    0.14264601588249207,
    0.1406162900309409,
    0.1422465753555298,
    0.15198025822639466,
    2.7281821072101593,
    0.05782132625579834,
    0.059664158821105956,
    0.05806740045547485,
    0.05661123752593994,
    0.05801833152770996,
    0.05086875207645377,
    0.05460689544677735,
    0.053000104427337644,
    0.12586283802986145,
    0.1515067684650421,
    0.1648868715763092,
    0.14808595418930054,
    0.1402529764175415,
    0.13676828861236573,
    0.13213109016418456,
    0.14027113437652589,
    0.1366256594657898,
    0.13287944912910463,
    0.13472013115882875,
    0.12514509201049806,
    0.14195942163467407,
    0.12055830121040344,
    0.12388385891914368,
    0.13949528217315674,
    0.14277718901634218,
    0.130916158988993,
    0.14557617744513318,
    0.1359767997264862,
    0.1393807303905487,
    0.13049542665481567,
    0.1426037645339966,
    0.13735920071601868,
    0.15696033954620361,
    0.13872076392173768,
    0.14253045717875162,
    0.1251918601989746,
    0.12924387335777282,
    0.13800718426704406,
    0.13234468460083007,
    0.13659556746482848,
    0.13158332109451293,
    0.14519561648368837,
    0.14060700416564942,
    0.1308174228668213,
    0.13328297376632692,
    0.13518186688423156,
    0.14934418082237244,
    0.14173822045326234,
    0.13641823649406434,
    0.1465030038356781,
    0.139201500415802,
    0.13667411208152772,
    0.14437736868858336,
    0.14145127654075623,
    0.1417354965209961,
    0.13284967899322508,
    0.13745094299316407,
    0.14128624081611632,
    0.1266634488105774,
    0.12578633069992065,
    0.13521475315093995
  ],
  "checkpoint_metrics": {
    "100": {
      "avg_reward": -0.8375000000000001,
      "avg_length": 193.3,
      "avg_step_time_ms": 826.5503514246508
    }
  }
}