{
  "episode_rewards": [
    10.41,
    8.78,
    10.1,
    9.76,
    8.83,
    8.77,
    -1.7000000000000006,
    -1.4000000000000004,
    -1.5000000000000004,
    9.59,
    9.8,
    -1.6000000000000008,
    -1.6000000000000003,
    10.14,
    -1.5000000000000004,
    9.26,
    -1.7000000000000008,
    -1.800000000000001,
    10.450000000000001,
    -1.6000000000000005,
    -1.5000000000000004,
    -2.000000000000001,
    -1.7000000000000004,
    -1.6,
    9.950000000000001,
    -1.7000000000000006,
    8.82,
    -1.9000000000000006,
    -1.6000000000000005,
    -1.8000000000000003,
    10.3,
    -1.6000000000000005,
    -1.6000000000000008,
    -1.3000000000000005,
    -1.800000000000001,
    -1.5000000000000007,
    -1.600000000000001,
    10.08,
    -1.8000000000000007,
    10.18,
    -1.6000000000000005,
    -1.9000000000000012,
    10.44,
    8.709999999999999,
    -1.9000000000000012,
    10.05,
    -1.6000000000000008,
    -2.000000000000001,
    -1.8000000000000005,
    10.38,
    -1.900000000000001,
    9.77,
    10.6,
    10.290000000000001,
    -1.7000000000000006,
    -1.5000000000000009,
    -2.0,
    -1.7000000000000006,
    -1.5000000000000002,
    -1.5000000000000007,
    -1.7000000000000006,
    8.78,
    -1.4,
    10.3,
    9.83,
    -1.6000000000000008,
    -1.700000000000001,
    9.93,
    -1.5000000000000009,
    8.76,
    -1.7000000000000006,
    -1.7000000000000006,
    -1.900000000000001,
    -1.7,
    -1.9000000000000006,
    -1.8000000000000007,
    9.05,
    -1.5,
    9.41,
    8.709999999999999,
    -1.8000000000000003,
    -1.9000000000000004,
    10.15,
    9.71,
    -1.6000000000000005,
    10.28,
    -1.4999999999999998,
    -1.800000000000001,
    -2.0,
    -1.8000000000000007,
    -1.6000000000000008,
    9.49,
    8.88,
    -2.0000000000000004,
    8.86,
    -1.7000000000000006,
    -2.000000000000001,
    -1.700000000000001,
    -1.6000000000000005,
    -1.5000000000000002
  ],
  "episode_lengths": [
    30,
    193,
    61,
    95,
    188,
    194,
    200,
    200,
    200,
    112,
    91,
    200,
    200,
    57,
    200,
    145,
    200,
    200,
    26,
    200,
    200,
    200,
    200,
    200,
    76,
    200,
    189,
    200,
    200,
    200,
    41,
    200,
    200,
    200,
    200,
    200,
    200,
    63,
    200,
    53,
    200,
    200,
    27,
    200,
    200,
    66,
    200,
    200,
    200,
    33,
    200,
    94,
    11,
    42,
    200,
    200,
    200,
    200,
    200,
    200,
    200,
    193,
    200,
    41,
    88,
    200,
    200,
    78,
    200,
    195,
    200,
    200,
    200,
    200,
    200,
    200,
    166,
    200,
    130,
    200,
    200,
    200,
    56,
    100,
    200,
    43,
    200,
    200,
    200,
    200,
    200,
    122,
    183,
    200,
    185,
    200,
    200,
    200,
    200,
    200
  ],
  "step_times": [
    0.0036365747451782226,
    6.197397492710173,
    0.007560753431476531,
    0.01748736030177066,
    0.009381773624014347,
    0.004385500839076091,
    0.004498003721237182,
    0.004411044120788574,
    0.004581876993179321,
    0.003571891358920506,
    0.003700589085673238,
    0.003412132263183594,
    0.0035832691192626952,
    0.0033670601091886822,
    0.003379138708114624,
    0.0037159163376380656,
    0.0033948922157287596,
    0.0036354005336761475,
    0.0033504412724421574,
    0.00504396915435791,
    0.003513021469116211,
    0.003407636880874634,
    0.00338936448097229,
    0.0036731016635894774,
    0.003389345972161544,
    0.0034092760086059572,
    0.0034397064693390375,
    0.003465220928192139,
    0.003485633134841919,
    0.0034400153160095213,
    0.003471060497004811,
    0.0034427177906036378,
    0.0034323155879974363,
    0.003847393989562988,
    0.0034429049491882325,
    0.003564175367355347,
    0.0033606874942779543,
    0.003362409652225555,
    0.0033674585819244386,
    0.003374311159241874,
    0.0033684933185577394,
    0.003348846435546875,
    0.0034597626438847293,
    0.003388519287109375,
    0.003342499732971191,
    0.0034126838048299155,
    0.0033470976352691652,
    0.0033311712741851806,
    0.0034121835231781007,
    0.0034177736802534623,
    0.0034001970291137693,
    0.003422250138952377,
    0.003428870981389826,
    0.003397703170776367,
    0.0033639717102050782,
    0.003387554883956909,
    0.003475843667984009,
    0.0036337220668792723,
    0.0033687233924865724,
    0.003334367275238037,
    0.0033738327026367186,
    0.0034116994531661116,
    0.003350586891174316,
    0.0033562008927508096,
    0.0033709027550437236,
    0.0033540737628936766,
    0.0033234047889709475,
    0.0033226777345706257,
    0.0033244502544403074,
    0.003353074880746695,
    0.0033873701095581054,
    0.0038875901699066163,
    0.0034250080585479735,
    0.003423595428466797,
    0.003354266881942749,
    0.0033456075191497805,
    0.003356005772050605,
    0.0036035621166229247,
    0.0034185061087975135,
    0.003394244909286499,
    0.0033757996559143064,
    0.003380345106124878,
    0.0033614380019051687,
    0.0033898520469665527,
    0.003484996557235718,
    0.003943604092265285,
    0.003639029264450073,
    0.0035508406162261964,
    0.0034858298301696775,
    0.0034227454662322998,
    0.0033710336685180663,
    0.003408607889394291,
    0.0033791351839492882,
    0.0033689332008361816,
    0.003423487173544394,
    0.0034012436866760255,
    0.0033809614181518556,
    0.003725537061691284,
    0.003410813808441162,
    0.00335410475730896
  ],
  "checkpoint_metrics": {
    "100": {
      "avg_reward": 1.1019999999999996,
      "avg_length": 180.05,
      "avg_step_time_ms": 3.382616859626643
    }
  }
}