{
  "episode_rewards": [
    10.02,
    10.370000000000001,
    10.39,
    10.44,
    10.41,
    9.92,
    10.63,
    10.450000000000001,
    10.57,
    10.5,
    10.61,
    10.57,
    10.61,
    10.62,
    10.6,
    10.27,
    10.52,
    10.5,
    10.530000000000001,
    10.63,
    10.63,
    10.63,
    10.620000000000001,
    10.63,
    10.61,
    10.63,
    10.61,
    10.5,
    10.62,
    10.62,
    10.6,
    10.61,
    10.620000000000001,
    10.56,
    10.55,
    10.61,
    10.57,
    10.55,
    10.61,
    10.61,
    10.63,
    10.62,
    10.620000000000001,
    10.61,
    10.6,
    10.63,
    10.63,
    10.63,
    10.4,
    10.53,
    10.63,
    10.63,
    10.62,
    10.63,
    10.58,
    10.3,
    10.61,
    10.59,
    9.89,
    10.63,
    10.63,
    10.63,
    10.61,
    10.61,
    10.59,
    10.59,
    10.61,
    10.56,
    10.61,
    10.59,
    10.620000000000001,
    10.63,
    10.61,
    10.61,
    10.63,
    10.63,
    10.61,
    10.620000000000001,
    10.620000000000001,
    10.63,
    10.63,
    10.63,
    10.61,
    10.63,
    10.63,
    10.61,
    10.63,
    10.63,
    10.61,
    10.620000000000001,
    10.63,
    10.61,
    10.63,
    10.61,
    10.63,
    10.63,
    10.63,
    10.63,
    9.530000000000001,
    10.61
  ],
  "episode_lengths": [
    69,
    34,
    32,
    27,
    30,
    79,
    8,
    26,
    14,
    21,
    10,
    14,
    10,
    9,
    11,
    44,
    19,
    21,
    18,
    8,
    8,
    8,
    9,
    8,
    10,
    8,
    10,
    21,
    9,
    9,
    11,
    10,
    9,
    15,
    16,
    10,
    14,
    16,
    10,
    10,
    8,
    9,
    9,
    10,
    11,
    8,
    8,
    8,
    31,
    18,
    8,
    8,
    9,
    8,
    13,
    41,
    10,
    12,
    82,
    8,
    8,
    8,
    10,
    10,
    12,
    12,
    10,
    15,
    10,
    12,
    9,
    8,
    10,
    10,
    8,
    8,
    10,
    9,
    9,
    8,
    8,
    8,
    10,
    8,
    8,
    10,
    8,
    8,
    10,
    9,
    8,
    10,
    8,
    10,
    8,
    8,
    8,
    8,
    118,
    10
  ],
  "step_times": [
    0.0009646657584370047,
    0.0007227869594798368,
    0.000917293131351471,
    0.001050869623819987,
    0.0010095596313476562,
    0.002740485758721074,
    0.003117680549621582,
    0.0022395023932823767,
    0.0031837054661342074,
    0.003276575179327102,
    0.002086377143859863,
    0.0014988183975219727,
    0.0011009693145751954,
    0.031187958187527128,
    0.0200208533893932,
    0.0011073730208657005,
    0.001241596121537058,
    0.0009487810589018322,
    0.0008400413725111219,
    0.0009203255176544189,
    0.0010016858577728271,
    0.0009073615074157715,
    0.0010102589925130208,
    0.0009881854057312012,
    0.00098874568939209,
    0.0009856224060058594,
    0.0011295557022094726,
    0.0007168338412330264,
    0.0010840892791748047,
    0.0011404355367024739,
    0.0012466040524569426,
    0.0029116392135620115,
    0.0015293227301703559,
    0.00128172238667806,
    0.0012898147106170654,
    0.0028246402740478515,
    0.0008576086589268275,
    0.0027225613594055176,
    0.0010497331619262694,
    0.0012366056442260742,
    0.0011379718780517578,
    0.0009563234117296007,
    0.000945991939968533,
    0.0008697986602783203,
    0.0008279843763871627,
    0.0007216036319732666,
    0.0006248056888580322,
    0.0007688403129577637,
    0.0006775856018066406,
    0.0007074938880072699,
    0.0008567273616790771,
    0.0010052621364593506,
    0.0013201236724853516,
    0.0011838972568511963,
    0.0008647441864013672,
    0.0009208307033631859,
    0.000569295883178711,
    0.0005507071812947592,
    0.0006064961596233089,
    0.0007054805755615234,
    0.00078544020652771,
    0.0005505084991455078,
    0.0007746219635009766,
    0.0005981922149658203,
    0.0005548596382141113,
    0.00083160400390625,
    0.0006227731704711914,
    0.000627581278483073,
    0.0005976438522338867,
    0.0006268620491027832,
    0.0006683402591281467,
    0.0005884170532226562,
    0.000931239128112793,
    0.0007482767105102539,
    0.0007739365100860596,
    0.0006774961948394775,
    0.0006665468215942382,
    0.0011620521545410156,
    0.0006740093231201172,
    0.000792086124420166,
    0.0008481144905090332,
    0.0010128617286682129,
    0.0009156227111816406,
    0.0008255243301391602,
    0.0005759894847869873,
    0.0006634712219238282,
    0.0009411871433258057,
    0.00070229172706604,
    0.0007707834243774414,
    0.0005886554718017578,
    0.0006303489208221436,
    0.0010390043258666991,
    0.000905454158782959,
    0.0009471654891967773,
    0.0008568763732910156,
    0.0007968246936798096,
    0.0010294020175933838,
    0.0011482536792755127,
    0.0007245176929538533,
    0.0009935855865478515
  ],
  "checkpoint_metrics": {
    "100": {
      "avg_reward": 10.629999999999999,
      "avg_length": 8.0,
      "avg_step_time_ms": 0.13590604066848755
    }
  }
}