{
  "episode_rewards": [
    9.06,
    9.84,
    9.88,
    10.1,
    10.370000000000001,
    10.39,
    9.92,
    10.23,
    10.59,
    10.45,
    10.48,
    10.22,
    10.34,
    10.07,
    10.450000000000001,
    10.53,
    10.53,
    10.62,
    10.280000000000001,
    10.63,
    10.57,
    10.61,
    10.47,
    10.57,
    10.52,
    10.540000000000001,
    10.47,
    10.6,
    10.58,
    10.6,
    10.48,
    10.59,
    10.61,
    10.5,
    10.58,
    10.55,
    10.61,
    10.47,
    10.58,
    10.63,
    10.59,
    10.6,
    10.54,
    10.57,
    10.51,
    10.63,
    10.59,
    10.62,
    10.58,
    10.62,
    10.63,
    10.56,
    10.57,
    10.62,
    10.52,
    10.63,
    10.61,
    10.61,
    10.63,
    10.57,
    10.63,
    10.61,
    10.63,
    10.63,
    10.63,
    10.6,
    10.6,
    10.6,
    10.6,
    10.6,
    10.62,
    10.62,
    10.62,
    10.62,
    10.6,
    10.6,
    10.58,
    10.63,
    10.6,
    10.63,
    10.55,
    10.620000000000001,
    10.63,
    10.62,
    10.61,
    10.63,
    10.62,
    10.63,
    10.620000000000001,
    10.59,
    10.62,
    10.63,
    10.61,
    10.6,
    10.62,
    10.59,
    10.63,
    10.62,
    10.63,
    10.63
  ],
  "episode_lengths": [
    165,
    87,
    83,
    61,
    34,
    32,
    79,
    48,
    12,
    26,
    23,
    49,
    37,
    64,
    26,
    18,
    18,
    9,
    43,
    8,
    14,
    10,
    24,
    14,
    19,
    17,
    24,
    11,
    13,
    11,
    23,
    12,
    10,
    21,
    13,
    16,
    10,
    24,
    13,
    8,
    12,
    11,
    17,
    14,
    20,
    8,
    12,
    9,
    13,
    9,
    8,
    15,
    14,
    9,
    19,
    8,
    10,
    10,
    8,
    14,
    8,
    10,
    8,
    8,
    8,
    11,
    11,
    11,
    11,
    11,
    9,
    9,
    9,
    9,
    11,
    11,
    13,
    8,
    11,
    8,
    16,
    9,
    8,
    9,
    10,
    8,
    9,
    8,
    9,
    12,
    9,
    8,
    10,
    11,
    9,
    12,
    8,
    9,
    8,
    8
  ],
  "step_times": [
    9.407563643022017e-05,
    0.00010345173978257454,
    9.638430124305817e-05,
    9.831053311707544e-05,
    8.836914511287913e-05,
    0.00012492388486862183,
    0.00010124641128733188,
    8.326272169748943e-05,
    0.00016681353251139322,
    0.00011539459228515625,
    0.00013046679289444634,
    0.00010214533124651228,
    8.116541682062923e-05,
    0.00010932981967926025,
    0.00011510115403395433,
    0.00011115603976779514,
    0.00011103683047824436,
    0.00011144744025336372,
    0.00011628173118413881,
    0.00012493133544921875,
    0.0001436131341116769,
    0.00010066032409667968,
    0.00012478232383728027,
    7.137230464390345e-05,
    0.00010523043180766858,
    0.0001177367042092716,
    8.321801821390788e-05,
    0.00013774091547185725,
    0.00015478867750901444,
    9.085915305397727e-05,
    0.00013018691021463147,
    8.336702982584636e-05,
    0.00010030269622802734,
    9.533337184361049e-05,
    0.00015414678133451022,
    0.00012464821338653564,
    0.0001005411148071289,
    0.0001251697540283203,
    7.651402400090144e-05,
    0.0002498626708984375,
    8.356571197509766e-05,
    0.00018187002702192828,
    0.00011777877807617188,
    7.106576647077288e-05,
    0.0001000523567199707,
    0.0001251697540283203,
    0.0001659989356994629,
    0.00011152691311306423,
    0.00015425682067871094,
    0.0001109706030951606,
    0.0001246929168701172,
    0.0001334826151529948,
    7.086140768868583e-05,
    0.00022217962476942275,
    0.00010515514173005756,
    0.00024968385696411133,
    0.00010004043579101563,
    0.00010058879852294921,
    0.0002492666244506836,
    0.0001427956989833287,
    0.0001245737075805664,
    0.00010025501251220703,
    0.00012484192848205566,
    0.0001252293586730957,
    0.0002499222755432129,
    0.00018187002702192828,
    9.079412980513139e-05,
    0.0001819133758544922,
    0.00018217346884987572,
    9.107589721679688e-05,
    0.00011120902167426216,
    0.0001098314921061198,
    0.0001109970940483941,
    0.00011105007595486111,
    0.0001818483526056463,
    9.135766462846236e-05,
    0.00015355990483210637,
    0.00012493133544921875,
    9.081580422141336e-05,
    0.00012508034706115723,
    0.00012572109699249268,
    0.00011083814832899306,
    0.0002506375312805176,
    0.00011054674784342448,
    9.992122650146485e-05,
    0.00012511014938354492,
    0.00011128849453396267,
    0.00012490153312683105,
    0.0002220206790500217,
    8.328755696614583e-05,
    0.00011131498548719619,
    0.00012475252151489258,
    0.0001505136489868164,
    9.163943204012784e-05,
    0.00022257698906792534,
    8.394320805867513e-05,
    0.00012421607971191406,
    0.000110626220703125,
    0.0001252889633178711,
    0.00025069713592529297
  ],
  "checkpoint_metrics": {
    "100": {
      "avg_reward": 10.629999999999999,
      "avg_length": 8.0,
      "avg_step_time_ms": 0.06869584321975708
    }
  }
}