{
  "episode_rewards": [
    9.760000000000002,
    10.08,
    10.110000000000001,
    10.290000000000001,
    10.59,
    10.61,
    10.59,
    9.89,
    10.63,
    10.61,
    10.61,
    10.61,
    10.58,
    10.49,
    10.63,
    10.59,
    10.61,
    10.61,
    10.55,
    10.59,
    10.55,
    10.63,
    10.63,
    10.63,
    10.63,
    10.63,
    10.63,
    10.62,
    10.63,
    10.63,
    10.63,
    10.63,
    10.63,
    10.63,
    10.63,
    10.63,
    10.63,
    10.63,
    10.63,
    10.63,
    10.63,
    10.63,
    10.63,
    10.63,
    10.620000000000001,
    10.63,
    10.63,
    10.63,
    10.63,
    10.63,
    10.63,
    10.63,
    10.63,
    10.63,
    10.63,
    10.63,
    10.63,
    10.61,
    10.63,
    10.63,
    10.63,
    10.63,
    10.63,
    10.63,
    10.63,
    10.63,
    10.63,
    10.63,
    10.61,
    10.63,
    10.63,
    10.63,
    10.63,
    10.63,
    10.63,
    10.63,
    10.620000000000001,
    10.63,
    10.63,
    10.63,
    10.63,
    10.63,
    10.63,
    10.63,
    10.63,
    10.63,
    10.63,
    10.63,
    10.63,
    10.63,
    10.63,
    10.63,
    10.63,
    10.63,
    10.63,
    10.63,
    10.63,
    10.63,
    10.63,
    10.63
  ],
  "episode_lengths": [
    95,
    63,
    60,
    42,
    12,
    10,
    12,
    82,
    8,
    10,
    10,
    10,
    13,
    22,
    8,
    12,
    10,
    10,
    16,
    12,
    16,
    8,
    8,
    8,
    8,
    8,
    8,
    9,
    8,
    8,
    8,
    8,
    8,
    8,
    8,
    8,
    8,
    8,
    8,
    8,
    8,
    8,
    8,
    8,
    9,
    8,
    8,
    8,
    8,
    8,
    8,
    8,
    8,
    8,
    8,
    8,
    8,
    10,
    8,
    8,
    8,
    8,
    8,
    8,
    8,
    8,
    8,
    8,
    10,
    8,
    8,
    8,
    8,
    8,
    8,
    8,
    9,
    8,
    8,
    8,
    8,
    8,
    8,
    8,
    8,
    8,
    8,
    8,
    8,
    8,
    8,
    8,
    8,
    8,
    8,
    8,
    8,
    8,
    8,
    8
  ],
  "step_times": [
    0.000558077661614669,
    0.0005083916679261223,
    0.00047607024510701497,
    0.0004999921435401553,
    0.0004988511403401693,
    0.0005994319915771484,
    0.0005016326904296875,
    0.0005004842106888933,
    0.00037232041358947754,
    0.000557851791381836,
    0.0004978418350219726,
    0.0007029294967651368,
    0.00046095481285682093,
    0.0004990209232677113,
    0.0005027055740356445,
    0.000498513380686442,
    0.0005017995834350586,
    0.0005973100662231446,
    0.0005003213882446289,
    0.0005018115043640137,
    0.0006249696016311646,
    0.0004988610744476318,
    0.00037616491317749023,
    0.0006265640258789062,
    0.0005005598068237305,
    0.0005036592483520508,
    0.00044146180152893066,
    0.0004467964172363281,
    0.0004973113536834717,
    0.0005000531673431396,
    0.0006269216537475586,
    0.0004975199699401855,
    0.0005005300045013428,
    0.0005015432834625244,
    0.0005011260509490967,
    0.0006218850612640381,
    0.0005006194114685059,
    0.000502467155456543,
    0.0005000531673431396,
    0.0004999637603759766,
    0.000625908374786377,
    0.0004985332489013672,
    0.0005028843879699707,
    0.0004973113536834717,
    0.0005577405293782552,
    0.0004999041557312012,
    0.0005048811435699463,
    0.0004993975162506104,
    0.0003775358200073242,
    0.0005671977996826172,
    0.000629812479019165,
    0.0004977881908416748,
    0.0005026459693908691,
    0.000500023365020752,
    0.0004988610744476318,
    0.0006278455257415771,
    0.0004977881908416748,
    0.0006007909774780274,
    0.0006261765956878662,
    0.0006262063980102539,
    0.0004999935626983643,
    0.0004999935626983643,
    0.0004999041557312012,
    0.0006226599216461182,
    0.0006234943866729736,
    0.0006254315376281738,
    0.0006285905838012695,
    0.0004972517490386963,
    0.0005015373229980469,
    0.0006256103515625,
    0.0006232857704162598,
    0.0005652308464050293,
    0.0005000531673431396,
    0.0006246268749237061,
    0.0005014240741729736,
    0.0006232559680938721,
    0.000556998782687717,
    0.0004977881908416748,
    0.0005006194114685059,
    0.0006262063980102539,
    0.0006242990493774414,
    0.0004991888999938965,
    0.000500112771987915,
    0.0006250441074371338,
    0.0006260573863983154,
    0.0004983246326446533,
    0.0005000829696655273,
    0.0004999637603759766,
    0.0006259381771087646,
    0.0004996955394744873,
    0.0005013644695281982,
    0.0006257891654968262,
    0.0004988014698028564,
    0.0005653202533721924,
    0.0005016326904296875,
    0.0006250739097595215,
    0.0005001425743103027,
    0.0006253421306610107,
    0.0005007088184356689,
    0.0006238222122192383
  ],
  "checkpoint_metrics": {
    "100": {
      "avg_reward": 10.629999999999999,
      "avg_length": 8.0,
      "avg_step_time_ms": 0.06247907876968384
    }
  }
}