{
  "episode_rewards": [
    9.33,
    10.0,
    10.280000000000001,
    10.39,
    10.25,
    10.22,
    10.4,
    10.42,
    10.07,
    10.200000000000001,
    10.540000000000001,
    10.61,
    10.51,
    9.8,
    10.58,
    -1.5999999999999999,
    -1.7000000000000006,
    -1.600000000000001,
    -1.600000000000001,
    -1.400000000000001,
    9.26,
    10.47,
    10.63,
    10.55,
    10.51,
    10.57,
    10.63,
    10.63,
    10.63,
    10.63,
    10.63,
    10.63,
    10.63,
    10.63,
    10.63,
    10.55,
    10.59,
    10.450000000000001,
    10.23,
    10.63,
    10.57,
    10.63,
    10.56,
    10.57,
    10.57,
    10.62,
    10.63,
    10.63,
    10.63,
    10.63,
    10.61,
    10.63,
    10.63,
    10.63,
    10.63,
    10.6,
    10.35,
    10.63,
    10.6,
    10.63,
    10.63,
    10.63,
    10.63,
    10.63,
    10.63,
    10.63,
    10.63,
    10.63,
    10.63,
    10.63,
    10.6,
    10.63,
    10.63,
    10.63,
    10.63,
    10.63,
    10.63,
    10.63,
    10.63,
    10.63,
    10.63,
    10.63,
    10.59,
    10.63,
    10.63,
    10.63,
    10.63,
    10.63,
    10.63,
    10.63,
    10.63,
    10.63,
    10.63,
    10.63,
    10.63,
    10.63,
    10.63,
    10.63,
    10.63,
    10.63
  ],
  "episode_lengths": [
    138,
    71,
    43,
    32,
    46,
    49,
    31,
    29,
    64,
    51,
    17,
    10,
    20,
    91,
    13,
    200,
    200,
    200,
    200,
    200,
    145,
    24,
    8,
    16,
    20,
    14,
    8,
    8,
    8,
    8,
    8,
    8,
    8,
    8,
    8,
    16,
    12,
    26,
    48,
    8,
    14,
    8,
    15,
    14,
    14,
    9,
    8,
    8,
    8,
    8,
    10,
    8,
    8,
    8,
    8,
    11,
    36,
    8,
    11,
    8,
    8,
    8,
    8,
    8,
    8,
    8,
    8,
    8,
    8,
    8,
    11,
    8,
    8,
    8,
    8,
    8,
    8,
    8,
    8,
    8,
    8,
    8,
    12,
    8,
    8,
    8,
    8,
    8,
    8,
    8,
    8,
    8,
    8,
    8,
    8,
    8,
    8,
    8,
    8,
    8
  ],
  "step_times": [
    0.0011647559594416964,
    0.0023841253468688105,
    0.0022407631541407386,
    0.002592518925666809,
    0.002351206281910772,
    0.002170679520587532,
    0.002368496310326361,
    0.004221907977400155,
    0.0025265589356422424,
    0.0026525048648609836,
    0.002010696074541877,
    0.0019317626953125,
    0.0032795071601867676,
    0.0026950940981016053,
    0.0022037579463078426,
    0.0022882866859436036,
    0.0022790563106536866,
    0.0020000600814819337,
    0.001993294954299927,
    0.0019902443885803224,
    0.002069864601924502,
    0.0028415819009145102,
    0.002050250768661499,
    0.002158224582672119,
    0.002303922176361084,
    0.002189908708844866,
    0.0021054744720458984,
    0.00230485200881958,
    0.002369433641433716,
    0.0025825798511505127,
    0.002746671438217163,
    0.0025764107704162598,
    0.0022614598274230957,
    0.002347201108932495,
    0.0021100640296936035,
    0.0020896941423416138,
    0.0020719170570373535,
    0.0021906540944026066,
    0.002220903833707174,
    0.002077817916870117,
    0.0022200516292027067,
    0.0021507441997528076,
    0.002240626017252604,
    0.002086894852774484,
    0.0021316323961530414,
    0.0022188027699788413,
    0.0021027028560638428,
    0.002059251070022583,
    0.0020379722118377686,
    0.002141237258911133,
    0.0023963212966918944,
    0.0021531879901885986,
    0.0021121203899383545,
    0.002028822898864746,
    0.0021503567695617676,
    0.0023518692363392224,
    0.0021130310164557565,
    0.0020596683025360107,
    0.0022040713917125354,
    0.0020732879638671875,
    0.0024678707122802734,
    0.002084881067276001,
    0.0020579993724823,
    0.0021397769451141357,
    0.002055436372756958,
    0.0022337138652801514,
    0.0021351277828216553,
    0.002146303653717041,
    0.002007037401199341,
    0.002123028039932251,
    0.0021412155844948507,
    0.002005338668823242,
    0.0019625425338745117,
    0.001950770616531372,
    0.0019353628158569336,
    0.0020518898963928223,
    0.001967400312423706,
    0.0018852055072784424,
    0.0018945634365081787,
    0.0019972920417785645,
    0.002103865146636963,
    0.0021423697471618652,
    0.0019217729568481445,
    0.004114478826522827,
    0.002947509288787842,
    0.0025247037410736084,
    0.0024286508560180664,
    0.0023910999298095703,
    0.0029277801513671875,
    0.002201944589614868,
    0.0022098124027252197,
    0.0019802451133728027,
    0.0018943250179290771,
    0.0020261406898498535,
    0.003806173801422119,
    0.0031117498874664307,
    0.003223031759262085,
    0.01217341423034668,
    0.003819704055786133,
    0.003386855125427246
  ],
  "checkpoint_metrics": {
    "100": {
      "avg_reward": 10.629999999999999,
      "avg_length": 8.0,
      "avg_step_time_ms": 0.09656846523284912
    }
  }
}