{
  "episode_rewards": [
    10.4,
    10.58,
    10.44,
    10.33,
    10.450000000000001,
    10.46,
    10.6,
    10.4,
    10.59,
    10.56,
    10.540000000000001,
    10.540000000000001,
    10.360000000000001,
    10.56,
    10.51,
    10.53,
    10.42,
    10.58,
    10.56,
    10.5,
    10.4,
    10.46,
    10.46,
    10.27,
    10.51,
    10.51,
    10.36,
    10.370000000000001,
    10.56,
    10.4,
    10.57,
    10.52,
    10.57,
    10.48,
    10.45,
    10.540000000000001,
    10.54,
    10.48,
    10.25,
    10.49,
    10.6,
    10.43,
    10.39,
    10.51,
    10.55,
    10.43,
    10.540000000000001,
    10.5,
    10.44,
    10.6,
    9.940000000000001,
    10.61,
    10.43,
    10.49,
    10.52,
    10.44,
    10.55,
    10.52,
    10.43,
    10.42,
    10.55,
    10.61,
    10.6,
    10.46,
    10.33,
    10.540000000000001,
    10.61,
    10.450000000000001,
    10.38,
    10.33,
    10.35,
    10.48,
    10.540000000000001,
    10.53,
    10.41,
    10.57,
    10.52,
    10.56,
    10.61,
    10.48,
    10.48,
    10.53,
    10.17,
    10.42,
    10.55,
    10.49,
    10.63,
    10.59,
    10.52,
    10.52,
    10.540000000000001,
    10.3,
    10.52,
    10.46,
    10.42,
    10.620000000000001,
    10.540000000000001,
    10.57,
    10.370000000000001,
    10.44
  ],
  "episode_lengths": [
    31,
    13,
    27,
    38,
    26,
    25,
    11,
    31,
    12,
    15,
    17,
    17,
    35,
    15,
    20,
    18,
    29,
    13,
    15,
    21,
    31,
    25,
    25,
    44,
    20,
    20,
    35,
    34,
    15,
    31,
    14,
    19,
    14,
    23,
    26,
    17,
    17,
    23,
    46,
    22,
    11,
    28,
    32,
    20,
    16,
    28,
    17,
    21,
    27,
    11,
    77,
    10,
    28,
    22,
    19,
    27,
    16,
    19,
    28,
    29,
    16,
    10,
    11,
    25,
    38,
    17,
    10,
    26,
    33,
    38,
    36,
    23,
    17,
    18,
    30,
    14,
    19,
    15,
    10,
    23,
    23,
    18,
    54,
    29,
    16,
    22,
    8,
    12,
    19,
    19,
    17,
    41,
    19,
    25,
    29,
    9,
    17,
    14,
    34,
    27
  ],
  "step_times": [
    0.009150828084638041,
    0.008859597719632663,
    0.008675063097918476,
    0.02085448566235994,
    0.009049002940838154,
    0.01036569595336914,
    0.010877219113436613,
    0.009511247757942445,
    0.010369916756947836,
    0.009312200546264648,
    0.010035697151632869,
    0.008852916605332318,
    0.009178590774536134,
    0.00838923454284668,
    0.008248853683471679,
    0.010349035263061523,
    0.013638685489523,
    0.00786729959341196,
    0.007847023010253907,
    0.009524163745698474,
    0.009376225932951896,
    0.009735374450683594,
    0.009024343490600585,
    0.010718166828155518,
    0.011941480636596679,
    0.011412441730499268,
    0.009518330437796457,
    0.009305322871488683,
    0.009960762659708659,
    0.009216646994313887,
    0.008686321122305734,
    0.00935490507828562,
    0.009407435144696916,
    0.008788896643597147,
    0.00959175366621751,
    0.008786243550917682,
    0.010195704067454618,
    0.01222129490064538,
    0.011447015015975288,
    0.010022000832991167,
    0.009015668522227894,
    0.008492827415466309,
    0.009970895946025848,
    0.008043277263641357,
    0.009016469120979309,
    0.009495113577161516,
    0.008771924411549288,
    0.008514608655657088,
    0.009462047506261754,
    0.007403590462424539,
    0.009801078152346921,
    0.008249688148498534,
    0.008432652269090925,
    0.00981958345933394,
    0.008192890568783409,
    0.00944448400426794,
    0.008680343627929688,
    0.008046175304212068,
    0.009320114340100969,
    0.008158782432819235,
    0.009393855929374695,
    0.008286285400390624,
    0.007580150257457386,
    0.00906245231628418,
    0.009461992665341026,
    0.009450884426341337,
    0.011846590042114257,
    0.010720610618591309,
    0.013273051290801077,
    0.011840807764153732,
    0.011245085133446587,
    0.008486208708389946,
    0.009758121827069451,
    0.008384572135077583,
    0.009213693936665853,
    0.008849927357264928,
    0.00955476258930407,
    0.009095859527587891,
    0.00816349983215332,
    0.007972520330677862,
    0.00939073769942574,
    0.009417878256903755,
    0.009376044626589175,
    0.008913467670309132,
    0.00954023003578186,
    0.008769772269509056,
    0.008833736181259155,
    0.00846332311630249,
    0.007795685216000206,
    0.00984377610056024,
    0.008619294447057387,
    0.009348683240937024,
    0.009797046059056333,
    0.00925257682800293,
    0.0091217879591317,
    0.009384950002034506,
    0.009163337595322552,
    0.008477943284170968,
    0.0091553575852338,
    0.009160933671174225
  ],
  "checkpoint_metrics": {
    "100": {
      "avg_reward": 10.431000000000001,
      "avg_length": 27.9,
      "avg_step_time_ms": 9.236381087386722
    }
  }
}