{
  "episode_rewards": [
    10.13,
    9.66,
    9.41,
    -1.8000000000000005,
    -1.5999999999999999,
    -1.6,
    10.46,
    -1.9000000000000008,
    -1.6000000000000003,
    -1.7000000000000004,
    9.41,
    -1.5000000000000002,
    10.450000000000001,
    -2.000000000000001,
    10.370000000000001,
    -1.4000000000000006,
    9.17,
    10.43,
    -1.6000000000000005,
    -1.9000000000000004,
    -1.9000000000000008,
    -1.6000000000000008,
    10.49,
    -2.000000000000001,
    -1.6000000000000008,
    -1.900000000000001,
    -1.4000000000000006,
    -1.900000000000001,
    -1.8000000000000012,
    -1.9000000000000012,
    -1.9000000000000012,
    -1.9000000000000008,
    -1.6,
    -1.9000000000000015,
    -1.4000000000000006,
    -1.900000000000001,
    10.32,
    -1.7000000000000006,
    -1.5000000000000004,
    9.48,
    9.11,
    -2.0000000000000004,
    -1.900000000000001,
    -2.000000000000001,
    -2.000000000000001,
    -1.900000000000001,
    -2.000000000000001,
    -1.5000000000000007,
    -1.600000000000001,
    -2.000000000000001,
    -1.9000000000000008,
    -1.7000000000000013,
    -1.8000000000000005,
    -1.7000000000000008,
    -1.7000000000000004,
    -2.000000000000001,
    -2.0000000000000004,
    -1.9000000000000006,
    -1.7000000000000006,
    -1.7000000000000008,
    -1.4000000000000004,
    -1.6000000000000005,
    -1.7000000000000006,
    -1.8000000000000005,
    -1.6000000000000008,
    -2.0000000000000004,
    -1.8000000000000007,
    -1.900000000000001,
    -2.000000000000001,
    9.32,
    -1.6000000000000005,
    -2.000000000000001,
    -1.6000000000000005,
    -1.7000000000000008,
    -1.8000000000000007,
    -1.800000000000001,
    -1.800000000000001,
    -1.8000000000000012,
    -2.000000000000001,
    -1.8000000000000007,
    -2.0000000000000013,
    10.11,
    -1.7000000000000008,
    -1.8000000000000007,
    -1.9000000000000008,
    -1.800000000000001,
    -1.7000000000000006,
    -1.9000000000000012,
    -2.000000000000001,
    -1.8000000000000012,
    -1.7000000000000006,
    -1.900000000000001,
    -2.000000000000001,
    -2.0000000000000013,
    -1.8000000000000012,
    -1.8000000000000012,
    -2.0000000000000004,
    -1.900000000000001,
    -1.7000000000000002,
    -1.9000000000000012
  ],
  "episode_lengths": [
    58,
    105,
    130,
    200,
    200,
    200,
    25,
    200,
    200,
    200,
    130,
    200,
    26,
    200,
    34,
    200,
    154,
    28,
    200,
    200,
    200,
    200,
    22,
    200,
    200,
    200,
    200,
    200,
    200,
    200,
    200,
    200,
    200,
    200,
    200,
    200,
    39,
    200,
    200,
    123,
    160,
    200,
    200,
    200,
    200,
    200,
    200,
    200,
    200,
    200,
    200,
    200,
    200,
    200,
    200,
    200,
    200,
    200,
    200,
    200,
    200,
    200,
    200,
    200,
    200,
    200,
    200,
    200,
    200,
    139,
    200,
    200,
    200,
    200,
    200,
    200,
    200,
    200,
    200,
    200,
    200,
    60,
    200,
    200,
    200,
    200,
    200,
    200,
    200,
    200,
    200,
    200,
    200,
    200,
    200,
    200,
    200,
    200,
    200,
    200
  ],
  "step_times": [
    0.0001621081911284348,
    0.0001750401088169643,
    0.00017351187192476711,
    0.0001587510108947754,
    0.00010587215423583984,
    0.0001111745834350586,
    0.0004998016357421875,
    0.0001343047618865967,
    0.00013477206230163574,
    9.679198265075684e-05,
    0.00023660843188946063,
    0.00013675808906555176,
    0.00036827417520376353,
    0.00011145591735839844,
    0.00021811793832217946,
    0.00010721683502197265,
    0.00014540591797271331,
    0.00016930273600987026,
    0.00014911651611328126,
    0.0002856898307800293,
    0.00026848196983337403,
    0.00010812759399414062,
    0.0005894574252041904,
    0.00010080695152282715,
    9.792923927307129e-05,
    0.00011230707168579102,
    9.94575023651123e-05,
    0.00010396242141723633,
    0.00022586464881896973,
    0.00027059078216552736,
    0.00011090517044067383,
    9.804010391235351e-05,
    0.00017032504081726074,
    0.00039775967597961427,
    0.0001783585548400879,
    0.0001192915439605713,
    0.0012811024983723958,
    0.00011903643608093261,
    0.00010124802589416504,
    0.00017145203381049924,
    0.00012884587049484254,
    0.00010159850120544433,
    0.00010411381721496582,
    0.00012332916259765624,
    0.00011580824851989746,
    0.00013266801834106446,
    0.00011159062385559082,
    0.0001199793815612793,
    0.00011584877967834472,
    0.00010526299476623535,
    0.00014052391052246093,
    0.00010718703269958496,
    0.00015012621879577636,
    0.00016387104988098146,
    0.0002713370323181152,
    0.00011871457099914551,
    0.00010564088821411132,
    0.00010499835014343261,
    0.00010535240173339844,
    0.00010333776473999024,
    0.00010912418365478515,
    0.00010493636131286621,
    0.00010941505432128907,
    0.00010676145553588868,
    9.776115417480469e-05,
    0.00012079000473022461,
    0.00010059118270874024,
    0.00010996103286743164,
    0.00010457158088684082,
    0.0005786779115525938,
    0.00012828946113586427,
    9.894490242004394e-05,
    0.0001288795471191406,
    0.00011687040328979492,
    0.00018786787986755372,
    0.00012688755989074708,
    0.00010391473770141602,
    0.00010771393775939942,
    0.0001029348373413086,
    0.00010982871055603027,
    0.00010187745094299317,
    0.0005121827125549316,
    0.00014688253402709962,
    0.00016308307647705078,
    0.00012644410133361817,
    0.00014840245246887208,
    0.00013175010681152344,
    0.00012392520904541015,
    0.00012474417686462403,
    0.0001707315444946289,
    0.00011215090751647949,
    0.00010694146156311036,
    9.909152984619141e-05,
    0.00010775685310363769,
    0.00010367870330810547,
    0.00015152454376220702,
    0.00014461278915405272,
    0.00010971188545227051,
    0.00010185956954956055,
    0.00010376334190368652
  ],
  "checkpoint_metrics": {
    "100": {
      "avg_reward": -2.000000000000001,
      "avg_length": 200.0,
      "avg_step_time_ms": 0.09131509065628052
    }
  }
}