{
  "episode_rewards": [
    9.08,
    8.84,
    10.01,
    10.370000000000001,
    -1.6,
    -1.7000000000000002,
    -1.7,
    10.06,
    10.52,
    10.53,
    10.55,
    9.22,
    -1.9000000000000004,
    -1.9000000000000004,
    10.450000000000001,
    -1.700000000000001,
    -1.800000000000001,
    9.92,
    10.25,
    10.31,
    10.42,
    -1.9000000000000004,
    -1.9000000000000004,
    -1.6000000000000008,
    -1.8000000000000005,
    -1.6000000000000003,
    -1.9000000000000004,
    -1.800000000000001,
    -1.7000000000000004,
    -1.800000000000001,
    10.56,
    -1.6000000000000005,
    -1.6000000000000005,
    -1.9000000000000008,
    -1.8000000000000007,
    -1.9000000000000008,
    -1.8000000000000012,
    -1.7999999999999996,
    -1.7000000000000006,
    -1.6000000000000008,
    -1.800000000000001,
    -1.8000000000000007,
    -1.7000000000000002,
    9.89,
    -1.800000000000001,
    -1.8000000000000007,
    -1.6000000000000005,
    -1.3,
    -2.000000000000001,
    -1.7000000000000006,
    -1.9000000000000008,
    10.02,
    -1.6000000000000003,
    -1.5000000000000004,
    -1.800000000000001,
    -1.9000000000000008,
    -1.8000000000000012,
    9.88,
    -2.0000000000000004,
    -1.9000000000000017,
    -1.8000000000000012,
    -1.6000000000000003,
    -1.9000000000000006,
    -1.9000000000000004,
    -1.7000000000000006,
    -1.8000000000000014,
    -1.6000000000000003,
    -1.7000000000000004,
    -1.8000000000000012,
    -1.8000000000000014,
    -1.5000000000000002,
    -2.000000000000001,
    -1.5000000000000007,
    -1.600000000000001,
    -1.6000000000000008,
    -1.900000000000001,
    -1.6000000000000005,
    -1.9000000000000006,
    -1.7000000000000002,
    -1.800000000000001,
    -1.6000000000000005,
    -1.9000000000000015,
    -1.7000000000000002,
    -1.9000000000000008,
    -1.9000000000000008,
    -1.6000000000000003,
    -1.5000000000000004,
    -1.8000000000000005,
    -1.8000000000000005,
    -1.7,
    -1.600000000000001,
    -1.7000000000000006,
    -1.8000000000000012,
    -1.9000000000000008,
    -1.900000000000001,
    -1.500000000000001,
    10.120000000000001,
    -2.000000000000001,
    -1.900000000000001,
    -1.9000000000000012
  ],
  "episode_lengths": [
    163,
    187,
    70,
    34,
    200,
    200,
    200,
    65,
    19,
    18,
    16,
    149,
    200,
    200,
    26,
    200,
    200,
    79,
    46,
    40,
    29,
    200,
    200,
    200,
    200,
    200,
    200,
    200,
    200,
    200,
    15,
    200,
    200,
    200,
    200,
    200,
    200,
    200,
    200,
    200,
    200,
    200,
    200,
    82,
    200,
    200,
    200,
    200,
    200,
    200,
    200,
    69,
    200,
    200,
    200,
    200,
    200,
    83,
    200,
    200,
    200,
    200,
    200,
    200,
    200,
    200,
    200,
    200,
    200,
    200,
    200,
    200,
    200,
    200,
    200,
    200,
    200,
    200,
    200,
    200,
    200,
    200,
    200,
    200,
    200,
    200,
    200,
    200,
    200,
    200,
    200,
    200,
    200,
    200,
    200,
    200,
    59,
    200,
    200,
    200
  ],
  "step_times": [
    0.0001611431683499389,
    0.0001452122142608153,
    0.00014532634190150668,
    0.0001836243797751034,
    0.00010450959205627442,
    0.00010110020637512207,
    0.00010449051856994629,
    0.0003848992861234225,
    0.00030186301783511515,
    0.00017530388302273222,
    0.00019763410091400146,
    0.00016817790549873506,
    0.00010616302490234374,
    0.00010171771049499512,
    0.0005760834767268255,
    0.0001358509063720703,
    9.922146797180176e-05,
    0.00029659573035904123,
    0.00019755570784859035,
    0.00015305280685424806,
    0.00030961529961947735,
    0.00010401129722595215,
    0.00014152884483337403,
    0.00010102510452270508,
    9.892582893371582e-05,
    0.00011080741882324219,
    0.00010624408721923828,
    9.97912883758545e-05,
    0.00010232925415039062,
    0.00010441303253173828,
    0.003364006678263346,
    0.00010438799858093261,
    0.0001242220401763916,
    0.00010676264762878418,
    0.00010312080383300781,
    0.00011405229568481445,
    0.00011451482772827148,
    9.897947311401367e-05,
    0.00010884761810302735,
    0.00010129809379577637,
    0.00011173009872436523,
    0.00010236263275146484,
    9.848833084106445e-05,
    0.0008143419172705673,
    9.815931320190429e-05,
    0.00010419607162475585,
    0.00010698437690734864,
    0.00011151313781738282,
    0.00010659575462341309,
    0.0001096200942993164,
    0.00010456919670104981,
    0.0006453749062358469,
    0.00010011911392211914,
    0.00010076642036437988,
    9.690046310424805e-05,
    0.00010971903800964355,
    0.00010523557662963867,
    0.00043452791420810194,
    9.882450103759766e-05,
    9.650111198425293e-05,
    0.00010399699211120605,
    0.00010674357414245605,
    0.00010257720947265625,
    0.00010653853416442872,
    0.00010556817054748536,
    0.00010969281196594238,
    0.00011160731315612793,
    0.00011700868606567382,
    0.0001170051097869873,
    0.00010105133056640624,
    0.00010263800621032715,
    0.0001069188117980957,
    0.00010524272918701172,
    0.00010636568069458008,
    9.947299957275391e-05,
    0.00013396978378295898,
    0.00010830163955688477,
    0.00010356426239013672,
    0.0001027965545654297,
    0.00010625481605529786,
    0.0001213526725769043,
    0.0001568734645843506,
    0.00022986292839050293,
    0.0002911818027496338,
    0.0002755832672119141,
    0.0001237189769744873,
    0.0001132667064666748,
    0.00010679483413696289,
    0.00010223627090454102,
    0.00011468887329101563,
    0.00011489391326904296,
    0.00010355234146118164,
    0.00010177969932556152,
    0.00010503411293029786,
    0.000109785795211792,
    0.00012920618057250975,
    0.003388768535549358,
    0.0002013719081878662,
    0.00010312676429748536,
    0.00010200262069702148
  ],
  "checkpoint_metrics": {
    "100": {
      "avg_reward": -2.000000000000001,
      "avg_length": 200.0,
      "avg_step_time_ms": 0.07988607883453369
    }
  }
}