{
  "episode_rewards": [
    10.51,
    9.46,
    9.66,
    10.38,
    10.0,
    -1.7000000000000006,
    9.08,
    10.26,
    -1.5000000000000007,
    10.030000000000001,
    -1.800000000000001,
    10.42,
    9.99,
    -1.8000000000000005,
    -1.6000000000000005,
    -2.000000000000001,
    -2.0000000000000004,
    -1.6000000000000008,
    -1.8000000000000007,
    8.709999999999999,
    9.84,
    -1.9000000000000004,
    9.32,
    -1.4,
    -2.000000000000001,
    -1.7000000000000008,
    -1.6000000000000008,
    -1.5000000000000002,
    -1.700000000000001,
    -1.6000000000000008,
    -1.900000000000001,
    -1.7000000000000002,
    8.92,
    -1.5000000000000007,
    -1.6000000000000003,
    -2.0000000000000004,
    -2.0000000000000004,
    -1.8000000000000005,
    -1.6000000000000005,
    -1.9000000000000006,
    -1.9000000000000006,
    -1.7000000000000004,
    -1.8000000000000012,
    -2.0000000000000004,
    -1.7000000000000004,
    -1.5000000000000004,
    -1.5000000000000007,
    -2.000000000000001,
    9.8,
    -1.6000000000000012,
    -1.8000000000000007,
    -1.7000000000000008,
    10.020000000000001,
    -1.900000000000001,
    -1.7000000000000006,
    -1.6000000000000008,
    9.89,
    -2.0000000000000004,
    -1.800000000000001,
    -1.9000000000000006,
    -1.5000000000000007,
    -1.7000000000000004,
    -1.800000000000001,
    -1.7000000000000006,
    -1.8000000000000003,
    -1.9000000000000006,
    -1.6000000000000003,
    -1.6000000000000003,
    -1.6000000000000012,
    -1.8000000000000005,
    -1.700000000000001,
    -1.5000000000000004,
    -1.7000000000000006,
    -1.800000000000001,
    -1.6000000000000005,
    -1.8000000000000012,
    -1.9000000000000008,
    -2.0000000000000013,
    -1.9000000000000008,
    -2.000000000000001,
    -1.9000000000000008,
    -1.900000000000001,
    -1.6000000000000005,
    -1.600000000000001,
    -1.900000000000001,
    -1.6000000000000003,
    -1.9000000000000008,
    -1.9000000000000008,
    -1.6000000000000008,
    9.45,
    9.27,
    -1.9000000000000008,
    -1.7000000000000008,
    -1.7000000000000004,
    -1.9000000000000008,
    -1.4000000000000004,
    -1.9000000000000008,
    -1.800000000000001,
    -1.7000000000000004,
    -1.7000000000000004
  ],
  "episode_lengths": [
    20,
    125,
    105,
    33,
    71,
    200,
    163,
    45,
    200,
    68,
    200,
    29,
    72,
    200,
    200,
    200,
    200,
    200,
    200,
    200,
    87,
    200,
    139,
    200,
    200,
    200,
    200,
    200,
    200,
    200,
    200,
    200,
    179,
    200,
    200,
    200,
    200,
    200,
    200,
    200,
    200,
    200,
    200,
    200,
    200,
    200,
    200,
    200,
    91,
    200,
    200,
    200,
    69,
    200,
    200,
    200,
    82,
    200,
    200,
    200,
    200,
    200,
    200,
    200,
    200,
    200,
    200,
    200,
    200,
    200,
    200,
    200,
    200,
    200,
    200,
    200,
    200,
    200,
    200,
    200,
    200,
    200,
    200,
    200,
    200,
    200,
    200,
    200,
    200,
    126,
    144,
    200,
    200,
    200,
    200,
    200,
    200,
    200,
    200,
    200
  ],
  "step_times": [
    0.00022345781326293945,
    0.00012251472473144532,
    0.0001366024925595238,
    0.00013812383015950522,
    0.0001430007773385921,
    0.00011629223823547363,
    0.00013477231827250288,
    0.00015482372707790798,
    0.00010778427124023437,
    0.00016936133889590993,
    0.000137861967086792,
    0.00030146796127845504,
    0.00012502405378553603,
    0.00014810919761657716,
    0.00012753844261169432,
    0.00011255383491516113,
    0.0001080477237701416,
    0.00013419508934020997,
    0.00014574289321899413,
    0.00024028539657592774,
    0.00019942480942298626,
    0.00014014363288879393,
    0.00017404556274414062,
    0.0001326143741607666,
    0.00014415979385375976,
    0.0001241934299468994,
    0.00011365056037902832,
    0.00013474225997924804,
    0.0001327240467071533,
    0.0001421213150024414,
    0.00014435291290283204,
    0.00013447046279907226,
    0.0002798554617599402,
    0.0001403665542602539,
    0.00010569453239440918,
    0.00011243820190429688,
    0.00010416626930236816,
    9.721517562866211e-05,
    0.00010074019432067872,
    9.989738464355469e-05,
    0.00011881709098815918,
    0.0001177060604095459,
    0.00010140657424926757,
    0.00010728597640991211,
    0.00010314702987670898,
    0.00011548399925231934,
    0.00010510563850402833,
    0.00012160658836364746,
    0.0004450541276198167,
    0.00010578036308288574,
    0.0001321697235107422,
    9.995460510253906e-05,
    0.00023712973663772362,
    0.00010512590408325195,
    9.730935096740722e-05,
    0.00010648488998413086,
    0.00020356876094166826,
    9.988188743591309e-05,
    9.897112846374512e-05,
    0.0001009964942932129,
    0.0001247262954711914,
    0.00014662981033325195,
    0.00013988971710205078,
    0.00014567852020263671,
    0.0001425015926361084,
    0.00014673948287963868,
    0.0001289820671081543,
    0.00013716697692871095,
    0.00014008522033691405,
    0.00010590553283691406,
    0.00013434171676635743,
    0.0001466679573059082,
    0.0001502203941345215,
    0.00013757109642028808,
    0.00014410018920898437,
    0.00015996813774108888,
    0.00012019038200378418,
    0.00014542341232299806,
    0.0001338040828704834,
    0.00013434767723083496,
    0.00013962984085083007,
    0.00013474225997924804,
    0.00015031933784484864,
    0.00014259457588195802,
    0.00011874675750732422,
    0.00015769124031066894,
    0.00013022661209106446,
    0.00011874556541442871,
    0.00011079788208007813,
    0.0006394651201036242,
    0.00014578137132856582,
    0.00023787617683410645,
    9.784102439880371e-05,
    9.637832641601563e-05,
    0.00010569214820861817,
    0.00018587112426757813,
    0.00015257716178894044,
    0.00017203688621520997,
    0.00017505168914794923,
    0.0001505577564239502
  ],
  "checkpoint_metrics": {
    "100": {
      "avg_reward": -2.000000000000001,
      "avg_length": 200.0,
      "avg_step_time_ms": 0.5486060380935669
    }
  }
}