{
  "episode_rewards": [
    10.16,
    9.84,
    10.57,
    10.36,
    10.42,
    10.57,
    10.61,
    10.58,
    10.61,
    10.61,
    10.56,
    10.5,
    10.54,
    10.6,
    10.56,
    10.63,
    10.63,
    10.57,
    10.620000000000001,
    10.63,
    10.51,
    10.56,
    10.63,
    10.530000000000001,
    10.61,
    10.59,
    10.61,
    10.63,
    10.49,
    10.42,
    10.620000000000001,
    10.63,
    10.58,
    10.63,
    10.63,
    10.4,
    10.41,
    10.440000000000001,
    10.63,
    10.63,
    10.030000000000001,
    10.63,
    10.63,
    10.63,
    10.63,
    10.49,
    10.47,
    10.63,
    10.63,
    10.57,
    10.61,
    10.63,
    10.63,
    9.66,
    10.5,
    10.63,
    10.63,
    10.63,
    10.63,
    10.63,
    10.63,
    10.63,
    10.63,
    10.63,
    10.63,
    10.63,
    10.63,
    10.63,
    10.63,
    10.63,
    10.63,
    10.63,
    10.63,
    10.63,
    10.63,
    10.63,
    10.61,
    10.63,
    10.63,
    10.63,
    10.63,
    10.63,
    10.63,
    10.63,
    10.63,
    10.63,
    10.33,
    10.63,
    10.63,
    10.63,
    10.63,
    10.63,
    10.63,
    10.63,
    10.63,
    10.63,
    10.63,
    10.63,
    10.63,
    10.63
  ],
  "episode_lengths": [
    55,
    87,
    14,
    35,
    29,
    14,
    10,
    13,
    10,
    10,
    15,
    21,
    17,
    11,
    15,
    8,
    8,
    14,
    9,
    8,
    20,
    15,
    8,
    18,
    10,
    12,
    10,
    8,
    22,
    29,
    9,
    8,
    13,
    8,
    8,
    31,
    30,
    27,
    8,
    8,
    68,
    8,
    8,
    8,
    8,
    22,
    24,
    8,
    8,
    14,
    10,
    8,
    8,
    105,
    21,
    8,
    8,
    8,
    8,
    8,
    8,
    8,
    8,
    8,
    8,
    8,
    8,
    8,
    8,
    8,
    8,
    8,
    8,
    8,
    8,
    8,
    10,
    8,
    8,
    8,
    8,
    8,
    8,
    8,
    8,
    8,
    38,
    8,
    8,
    8,
    8,
    8,
    8,
    8,
    8,
    8,
    8,
    8,
    8,
    8
  ],
  "step_times": [
    3.6460703069513497e-05,
    0.0018684452977673761,
    0.0020891427993774414,
    0.0020793778555733815,
    0.002202469727088665,
    0.0021446432386125836,
    0.002029275894165039,
    0.002004568393413837,
    0.0020568132400512694,
    0.0020998239517211912,
    0.002103265126546224,
    0.0020952224731445312,
    0.0020606237299302045,
    0.0020478855479847302,
    0.002118349075317383,
    0.0021248459815979004,
    0.0021252036094665527,
    0.0018937247140066965,
    0.0021108521355523,
    0.0022161900997161865,
    0.002100682258605957,
    0.0021687825520833332,
    0.002124994993209839,
    0.0020380020141601562,
    0.002037453651428223,
    0.0021062890688578286,
    0.0019999980926513673,
    0.0021250247955322266,
    0.0020836808464743876,
    0.002035848025617928,
    0.0019994841681586373,
    0.00212821364402771,
    0.0020143252152663013,
    0.0022513866424560547,
    0.0018733739852905273,
    0.0020024776458740234,
    0.0020662228266398112,
    0.002015758443761755,
    0.0025162696838378906,
    0.0020010173320770264,
    0.002070206053116742,
    0.0021255314350128174,
    0.002000153064727783,
    0.0020002424716949463,
    0.0019989609718322754,
    0.002017389644276012,
    0.002083073059717814,
    0.002000659704208374,
    0.0019479095935821533,
    0.002070563180106027,
    0.002001190185546875,
    0.002000182867050171,
    0.0021248161792755127,
    0.002088510422479539,
    0.0021905104319254556,
    0.002249985933303833,
    0.0020002424716949463,
    0.0022532641887664795,
    0.001992523670196533,
    0.002001523971557617,
    0.002123624086380005,
    0.0021263957023620605,
    0.001997530460357666,
    0.0021293163299560547,
    0.002124220132827759,
    0.0022507011890411377,
    0.002001136541366577,
    0.002123802900314331,
    0.001999974250793457,
    0.002125769853591919,
    0.0020654797554016113,
    0.0022487640380859375,
    0.0020000338554382324,
    0.0021249055862426758,
    0.002000153064727783,
    0.0021654069423675537,
    0.002300596237182617,
    0.0021255016326904297,
    0.002123802900314331,
    0.0018748939037322998,
    0.0023764967918395996,
    0.002192258834838867,
    0.001999497413635254,
    0.0019997358322143555,
    0.001987963914871216,
    0.001998722553253174,
    0.002080848342493961,
    0.001984238624572754,
    0.002128094434738159,
    0.0021929144859313965,
    0.002123534679412842,
    0.0018748044967651367,
    0.001999884843826294,
    0.0020009279251098633,
    0.0020006895065307617,
    0.002065509557723999,
    0.0022537410259246826,
    0.0021239519119262695,
    0.0021248161792755127,
    0.001954019069671631
  ],
  "checkpoint_metrics": {
    "100": {
      "avg_reward": 10.629999999999999,
      "avg_length": 8.0,
      "avg_step_time_ms": 0.06257593631744385
    }
  }
}