{
  "episode_rewards": [
    10.38,
    10.16,
    10.49,
    10.33,
    -1.9000000000000004,
    9.47,
    10.23,
    10.46,
    -1.7000000000000006,
    -1.9000000000000006,
    9.64,
    8.82,
    9.870000000000001,
    -1.7000000000000004,
    10.47,
    -2.000000000000001,
    -1.9000000000000006,
    -1.8000000000000014,
    -2.0000000000000004,
    -1.4,
    -2.000000000000001,
    -1.9000000000000008,
    -1.9000000000000015,
    -1.5000000000000007,
    -1.900000000000001,
    -1.7000000000000008,
    -1.4000000000000004,
    -1.8000000000000005,
    -1.7000000000000006,
    -1.7000000000000008,
    -1.4000000000000008,
    -1.7000000000000006,
    -1.9000000000000008,
    -1.900000000000001,
    -1.9000000000000004,
    8.81,
    -1.9000000000000008,
    -1.900000000000001,
    -1.6000000000000008,
    -1.6000000000000005,
    -1.8000000000000007,
    -1.800000000000001,
    -1.5000000000000009,
    -2.000000000000001,
    -1.900000000000001,
    -1.8000000000000005,
    -1.8000000000000007,
    -1.800000000000001,
    -1.4999999999999998,
    -1.9000000000000006,
    -1.7000000000000002,
    -1.9000000000000008,
    -1.5000000000000007,
    -1.8000000000000005,
    -1.800000000000001,
    -1.8000000000000012,
    -2.000000000000001,
    -1.7000000000000008,
    -2.0000000000000004,
    -2.0000000000000013,
    -1.400000000000001,
    -1.7000000000000008,
    -1.9000000000000015,
    -1.7000000000000004,
    -2.0000000000000004,
    9.04,
    -1.5000000000000004,
    -1.800000000000001,
    -2.0000000000000004,
    -1.6000000000000008,
    -1.9000000000000008,
    -1.7000000000000004,
    -1.7000000000000013,
    -2.000000000000001,
    -1.900000000000001,
    -1.9000000000000008,
    -1.900000000000001,
    -1.900000000000001,
    -1.900000000000001,
    -1.6000000000000008,
    -1.9000000000000008,
    -1.6000000000000008,
    -1.9000000000000006,
    -1.8000000000000005,
    -1.7000000000000004,
    -1.6000000000000008,
    -1.8000000000000007,
    -2.000000000000001,
    -1.900000000000001,
    -1.7000000000000008,
    -1.6000000000000005,
    -1.800000000000001,
    -1.8000000000000007,
    8.829999999999998,
    -1.7000000000000008,
    -1.8000000000000007,
    -1.8000000000000007,
    9.37,
    9.99,
    -2.0000000000000013
  ],
  "episode_lengths": [
    33,
    55,
    22,
    38,
    200,
    124,
    48,
    25,
    200,
    200,
    107,
    189,
    84,
    200,
    24,
    200,
    200,
    200,
    200,
    200,
    200,
    200,
    200,
    200,
    200,
    200,
    200,
    200,
    200,
    200,
    200,
    200,
    200,
    200,
    200,
    190,
    200,
    200,
    200,
    200,
    200,
    200,
    200,
    200,
    200,
    200,
    200,
    200,
    200,
    200,
    200,
    200,
    200,
    200,
    200,
    200,
    200,
    200,
    200,
    200,
    200,
    200,
    200,
    200,
    200,
    167,
    200,
    200,
    200,
    200,
    200,
    200,
    200,
    200,
    200,
    200,
    200,
    200,
    200,
    200,
    200,
    200,
    200,
    200,
    200,
    200,
    200,
    200,
    200,
    200,
    200,
    200,
    200,
    188,
    200,
    200,
    200,
    134,
    72,
    200
  ],
  "step_times": [
    0.0009858247005578244,
    0.0008087851784446023,
    0.0009624632922085849,
    0.0009005571666516756,
    0.00032197356224060057,
    0.0008069661355787708,
    0.00036633511384328205,
    0.00039429664611816405,
    0.00013184666633605957,
    0.00013061642646789551,
    0.0007338189633093148,
    0.00028024022541348894,
    0.0003101825714111328,
    0.00013837099075317383,
    0.0013312002023061116,
    0.0001811683177947998,
    0.000145721435546875,
    0.00017103195190429688,
    0.0001591622829437256,
    0.00014314055442810059,
    0.00016273140907287597,
    0.00014615774154663085,
    0.00014887452125549315,
    0.00013968229293823242,
    0.00015793323516845702,
    0.00016176581382751465,
    0.000143052339553833,
    0.0001411736011505127,
    0.00014916062355041504,
    0.00015070199966430665,
    0.0001616668701171875,
    0.00013875842094421387,
    0.00014175295829772948,
    0.0001426208019256592,
    0.00014313697814941407,
    0.0024983970742476613,
    0.00014444708824157715,
    0.0001410520076751709,
    0.0003022909164428711,
    0.00026628017425537107,
    0.00014177203178405762,
    0.00016978859901428222,
    0.0001711404323577881,
    0.00012531042098999024,
    0.00012810111045837401,
    0.00014421701431274414,
    0.0001291346549987793,
    0.0001377999782562256,
    0.00013381600379943847,
    0.00013812541961669923,
    0.00014322996139526367,
    0.00013230323791503905,
    0.00013140082359313965,
    0.00012758255004882813,
    0.00012677788734436035,
    0.00013947248458862305,
    0.00013157963752746582,
    0.00013103842735290528,
    0.00012710213661193848,
    0.00012490272521972656,
    0.00014864444732666016,
    0.0001325094699859619,
    0.0001399827003479004,
    0.0001298058032989502,
    0.00012549638748168945,
    0.003991699504281233,
    0.00012764930725097656,
    0.00013796448707580566,
    0.0001343536376953125,
    0.00012329936027526855,
    0.0001435708999633789,
    0.00013287305831909178,
    0.00012485265731811522,
    0.0001260697841644287,
    0.00012731075286865235,
    0.00015446782112121582,
    0.00017478466033935547,
    0.0001562511920928955,
    0.0001333796977996826,
    0.00013241171836853027,
    0.00014738917350769044,
    0.00012929797172546388,
    0.000128633975982666,
    0.00013040542602539063,
    0.00012283563613891602,
    0.00014765024185180663,
    0.00013174057006835936,
    0.00036720991134643556,
    0.00016407966613769532,
    0.00012382864952087402,
    0.00013045191764831542,
    0.00013079285621643067,
    0.00014246582984924315,
    0.004788856557075014,
    0.0005673420429229736,
    0.0017966759204864503,
    0.0005384433269500732,
    0.004197439151023751,
    0.0005039572715759277,
    0.0003131294250488281
  ],
  "checkpoint_metrics": {
    "100": {
      "avg_reward": -2.000000000000001,
      "avg_length": 200.0,
      "avg_step_time_ms": 0.13914364576339722
    }
  }
}