{
  "episode_rewards": [
    -1.6000000000000008,
    -1.6000000000000005,
    9.870000000000001,
    10.540000000000001,
    10.540000000000001,
    10.42,
    -1.2999999999999998,
    -1.7000000000000008,
    9.51,
    9.26,
    9.41,
    9.950000000000001,
    9.77,
    9.52,
    9.89,
    9.48,
    -1.6000000000000003,
    9.03,
    -1.4000000000000001,
    -1.6000000000000008,
    9.85,
    10.45,
    9.43,
    10.38,
    -1.6000000000000005,
    -1.5000000000000004,
    -1.4000000000000006,
    10.19,
    -1.6000000000000005,
    -1.6000000000000008,
    10.200000000000001,
    -1.5000000000000002,
    10.3,
    -1.6000000000000003,
    -1.8000000000000016,
    -1.6000000000000005,
    -1.6000000000000005,
    9.12,
    -1.7,
    10.41,
    -1.8000000000000005,
    -1.7000000000000008,
    -1.6000000000000005,
    -1.8,
    -1.7000000000000008,
    10.38,
    9.44,
    -1.7000000000000006,
    -1.6000000000000008,
    -1.6000000000000005,
    -2.000000000000001,
    -1.7000000000000008,
    -1.9000000000000004,
    -1.7000000000000008,
    9.36,
    8.85,
    -1.7000000000000008,
    -1.6000000000000008,
    -1.8000000000000007,
    -1.6000000000000012,
    -1.8000000000000005,
    10.57,
    8.93,
    -1.7000000000000006,
    9.02,
    -1.7000000000000008,
    -1.6000000000000005,
    9.14,
    9.98,
    9.15,
    -1.7000000000000002,
    10.200000000000001,
    -1.6000000000000005,
    -1.6000000000000012,
    -1.7000000000000006,
    -1.6000000000000008,
    -1.6000000000000005,
    -1.6000000000000008,
    10.53,
    9.81,
    9.34,
    -1.6000000000000008,
    -2.000000000000001,
    10.09,
    -1.6000000000000005,
    -1.7000000000000013,
    -1.8000000000000014,
    9.219999999999999,
    -2.0000000000000013,
    -1.9000000000000012,
    -1.6000000000000003,
    -1.6000000000000005,
    -1.6000000000000008,
    -1.6000000000000008,
    -1.7000000000000006,
    -1.700000000000001,
    -1.5000000000000009,
    -1.6000000000000008,
    -1.900000000000001,
    -1.7000000000000006
  ],
  "episode_lengths": [
    200,
    200,
    84,
    17,
    17,
    29,
    200,
    200,
    120,
    145,
    130,
    76,
    94,
    119,
    82,
    123,
    200,
    168,
    200,
    200,
    86,
    26,
    128,
    33,
    200,
    200,
    200,
    52,
    200,
    200,
    51,
    200,
    41,
    200,
    200,
    200,
    200,
    159,
    200,
    30,
    200,
    200,
    200,
    200,
    200,
    33,
    127,
    200,
    200,
    200,
    200,
    200,
    200,
    200,
    135,
    186,
    200,
    200,
    200,
    200,
    200,
    14,
    178,
    200,
    169,
    200,
    200,
    157,
    73,
    156,
    200,
    51,
    200,
    200,
    200,
    200,
    200,
    200,
    18,
    90,
    137,
    200,
    200,
    62,
    200,
    200,
    200,
    149,
    200,
    200,
    200,
    200,
    200,
    200,
    200,
    200,
    200,
    200,
    200,
    200
  ],
  "step_times": [
    0.0016173362731933595,
    0.0017302894592285155,
    0.0015887220700581868,
    0.001554110470940085,
    0.0016104754279641545,
    0.0016763045870024583,
    0.0016023516654968262,
    0.0016047298908233643,
    0.00160410205523173,
    0.0016160734768571525,
    0.0017998695373535156,
    0.0017562665437397204,
    0.0023991478250381796,
    0.005190278301719858,
    0.0025544544545615592,
    0.0022065116137993043,
    0.0017034268379211425,
    0.0016328635669889905,
    0.0016236817836761475,
    0.001610710620880127,
    0.0016559833704039109,
    0.0016626944908728967,
    0.0016307886689901352,
    0.0016706712318189216,
    0.001641538143157959,
    0.0016344749927520751,
    0.0016188883781433105,
    0.0016569953698378343,
    0.001706637144088745,
    0.0016675281524658203,
    0.0016664944443048216,
    0.0016241693496704102,
    0.0017246327749112758,
    0.001614459753036499,
    0.0016524386405944824,
    0.001631629467010498,
    0.0016166460514068603,
    0.00161039004535795,
    0.001652897596359253,
    0.0016270001729329427,
    0.0016314256191253661,
    0.0016105830669403075,
    0.0016245293617248536,
    0.0016064631938934326,
    0.001609976291656494,
    0.0017309983571370442,
    0.0016244302584430363,
    0.0016230523586273193,
    0.0016042613983154297,
    0.001613898277282715,
    0.0018389797210693359,
    0.001605459451675415,
    0.0016163110733032227,
    0.0016621148586273193,
    0.0016350958082411023,
    0.0016324468838271274,
    0.0016102278232574463,
    0.0016285336017608642,
    0.0016158771514892577,
    0.0016110908985137939,
    0.0016311311721801758,
    0.0016769000462123326,
    0.0016138567013686963,
    0.0016355013847351074,
    0.0016273408246463572,
    0.001612035036087036,
    0.0016454505920410157,
    0.0016178614015032531,
    0.0016222130762387629,
    0.0016839901606241863,
    0.00164520263671875,
    0.0016843898623597389,
    0.0016287469863891602,
    0.001626521348953247,
    0.0016828596591949463,
    0.0016388285160064697,
    0.0016429567337036134,
    0.0016316676139831543,
    0.0016897651884290907,
    0.0016242292192247178,
    0.0016586188852351948,
    0.0016180646419525146,
    0.0016327846050262452,
    0.0016446344314082976,
    0.0016141808032989501,
    0.0016422832012176513,
    0.0016247916221618652,
    0.0016181660978586082,
    0.0017011427879333495,
    0.0016259562969207764,
    0.0016412365436553956,
    0.0016270196437835694,
    0.0016283595561981201,
    0.0016314172744750976,
    0.0016188883781433105,
    0.0016502583026885987,
    0.0016194677352905273,
    0.0017194831371307373,
    0.0018508255481719971,
    0.0016328859329223632
  ],
  "checkpoint_metrics": {
    "100": {
      "avg_reward": -2.000000000000001,
      "avg_length": 200.0,
      "avg_step_time_ms": 1.5998016595840454
    }
  }
}