{
  "episode_rewards": [
    10.16,
    10.34,
    10.63,
    10.3,
    10.5,
    10.27,
    10.61,
    10.57,
    10.59,
    10.6,
    10.540000000000001,
    10.61,
    10.540000000000001,
    10.44,
    10.61,
    10.59,
    10.540000000000001,
    10.63,
    10.35,
    10.61,
    10.190000000000001,
    10.51,
    10.57,
    10.63,
    10.63,
    10.49,
    10.63,
    10.47,
    10.63,
    10.63,
    10.63,
    10.27,
    9.32,
    10.63,
    10.63,
    10.61,
    10.63,
    10.63,
    10.63,
    10.63,
    10.63,
    10.63,
    10.63,
    10.620000000000001,
    10.63,
    10.61,
    10.63,
    10.63,
    10.63,
    10.45,
    10.63,
    10.59,
    10.63,
    10.63,
    10.63,
    10.63,
    10.63,
    10.63,
    10.63,
    10.63,
    10.63,
    10.63,
    10.63,
    10.63,
    10.63,
    10.63,
    10.45,
    10.63,
    10.63,
    10.63,
    10.63,
    10.63,
    10.63,
    10.63,
    10.63,
    10.63,
    10.620000000000001,
    10.620000000000001,
    10.63,
    10.63,
    10.63,
    10.63,
    10.63,
    10.63,
    10.63,
    10.63,
    10.63,
    10.63,
    10.63,
    10.63,
    10.63,
    10.63,
    10.63,
    10.63,
    10.63,
    10.63,
    10.63,
    10.63,
    10.63,
    10.63
  ],
  "episode_lengths": [
    55,
    37,
    8,
    41,
    21,
    44,
    10,
    14,
    12,
    11,
    17,
    10,
    17,
    27,
    10,
    12,
    17,
    8,
    36,
    10,
    52,
    20,
    14,
    8,
    8,
    22,
    8,
    24,
    8,
    8,
    8,
    44,
    139,
    8,
    8,
    10,
    8,
    8,
    8,
    8,
    8,
    8,
    8,
    9,
    8,
    10,
    8,
    8,
    8,
    26,
    8,
    12,
    8,
    8,
    8,
    8,
    8,
    8,
    8,
    8,
    8,
    8,
    8,
    8,
    8,
    8,
    26,
    8,
    8,
    8,
    8,
    8,
    8,
    8,
    8,
    8,
    9,
    9,
    8,
    8,
    8,
    8,
    8,
    8,
    8,
    8,
    8,
    8,
    8,
    8,
    8,
    8,
    8,
    8,
    8,
    8,
    8,
    8,
    8,
    8
  ],
  "step_times": [
    3.6209279840642756e-05,
    0.0018378335076409417,
    0.00225105881690979,
    0.0022948369747254906,
    0.0022156579153878348,
    0.002263253385370428,
    0.0020740509033203127,
    0.0021449497767857145,
    0.002209444840749105,
    0.002181963487104936,
    0.0022949611439424403,
    0.001999187469482422,
    0.00220639565411736,
    0.0022225733156557436,
    0.002152156829833984,
    0.0021671255429585776,
    0.0022053297828225527,
    0.002566725015640259,
    0.0023055275281270346,
    0.005055022239685058,
    0.002664520190312312,
    0.0021767258644104005,
    0.0022859573364257812,
    0.002624720335006714,
    0.0024358034133911133,
    0.002569372003728693,
    0.0022499263286590576,
    0.0024396677811940513,
    0.0024999380111694336,
    0.002625077962875366,
    0.0027520358562469482,
    0.002376334233717485,
    0.002445726943530625,
    0.00224950909614563,
    0.002499699592590332,
    0.00240178108215332,
    0.002315998077392578,
    0.0022501349449157715,
    0.002250164747238159,
    0.0022491812705993652,
    0.0021256208419799805,
    0.0023189187049865723,
    0.0023751556873321533,
    0.0023325284322102866,
    0.002250373363494873,
    0.0023003101348876955,
    0.002318352460861206,
    0.002624720335006714,
    0.0028751790523529053,
    0.0023663960970365084,
    0.0023753345012664795,
    0.002158522605895996,
    0.0019998252391815186,
    0.0021248459815979004,
    0.0023171603679656982,
    0.002124786376953125,
    0.002498716115951538,
    0.0022500455379486084,
    0.0022516250610351562,
    0.0026261508464813232,
    0.0026899874210357666,
    0.002875089645385742,
    0.0024989843368530273,
    0.002250969409942627,
    0.0021261870861053467,
    0.002189546823501587,
    0.002324966283944937,
    0.0022522807121276855,
    0.002314925193786621,
    0.0023747682571411133,
    0.0023751258850097656,
    0.002124875783920288,
    0.002376735210418701,
    0.0023162364959716797,
    0.002374708652496338,
    0.002500772476196289,
    0.0023330052693684897,
    0.0023353894551595054,
    0.0024409890174865723,
    0.002625077962875366,
    0.002374708652496338,
    0.0022492408752441406,
    0.002124786376953125,
    0.002251237630844116,
    0.002316594123840332,
    0.0022491514682769775,
    0.002251267433166504,
    0.0022487640380859375,
    0.002251654863357544,
    0.0023173391819000244,
    0.002500385046005249,
    0.002499908208847046,
    0.002249777317047119,
    0.0022499561309814453,
    0.0024433135986328125,
    0.002499490976333618,
    0.003000229597091675,
    0.002124875783920288,
    0.003253072500228882,
    0.0026919543743133545
  ],
  "checkpoint_metrics": {
    "100": {
      "avg_reward": 10.629999999999999,
      "avg_length": 8.0,
      "avg_step_time_ms": 0.06248205900192261
    }
  }
}