{
  "episode_rewards": [
    -3.1000000000000014,
    -1.1000000000000005,
    -1.8000000000000012,
    -3.6999999999999993,
    -2.1000000000000014,
    -4.399999999999997,
    -6.699999999999989,
    -2.0000000000000013,
    -2.800000000000002,
    -7.099999999999987,
    -1.700000000000001,
    -2.800000000000002,
    -2.5000000000000018,
    -0.9000000000000006,
    -4.099999999999998,
    -5.699999999999992,
    -2.1000000000000014,
    -6.099999999999991,
    -10.599999999999975,
    -8.99999999999998,
    -7.599999999999985,
    -17.29999999999999,
    -2.3000000000000016,
    -8.299999999999983,
    -2.3000000000000016,
    -1.700000000000001,
    -2.0000000000000013,
    -4.4999999999999964,
    -2.900000000000002,
    -2.4000000000000017,
    -4.099999999999998,
    -7.499999999999986,
    -7.099999999999987,
    -3.5,
    -4.799999999999995,
    -2.600000000000002,
    -4.599999999999996,
    -6.699999999999989,
    -5.499999999999993,
    -2.800000000000002,
    0.20000000000000007,
    -8.89999999999998,
    -9.799999999999978,
    -0.8000000000000005,
    -10.099999999999977,
    -11.099999999999973,
    -8.89999999999998,
    -2.4000000000000017,
    -8.99999999999998,
    -10.099999999999977,
    -2.5000000000000018,
    -4.1999999999999975,
    -3.6999999999999993,
    -2.5000000000000018,
    -11.79999999999997,
    -0.9000000000000006,
    -3.200000000000001,
    -2.1000000000000014,
    -1.4000000000000008,
    -3.0000000000000018,
    -12.599999999999968,
    -7.599999999999985,
    -1.2000000000000006,
    -2.3000000000000016,
    -0.9000000000000006,
    -0.6000000000000003,
    -6.899999999999988,
    -6.599999999999989,
    -1.600000000000001,
    -0.8000000000000005,
    -4.1999999999999975,
    -7.099999999999987,
    -6.599999999999989,
    -2.600000000000002,
    -2.600000000000002,
    -1.700000000000001,
    -2.700000000000002,
    -0.9000000000000006,
    -5.5999999999999925,
    -1.600000000000001,
    -3.200000000000001,
    -2.3000000000000016,
    1.1102230246251565e-16,
    -0.5000000000000002,
    -5.199999999999994,
    -2.0000000000000013,
    -1.0000000000000004,
    -7.499999999999986,
    -5.799999999999992,
    -3.1000000000000014,
    -3.8999999999999986,
    -3.200000000000001,
    -0.40000000000000013,
    -0.9000000000000006,
    -2.0000000000000013,
    -3.3000000000000007,
    -2.600000000000002,
    -5.099999999999994,
    -2.0000000000000013,
    -3.4000000000000004
  ],
  "episode_lengths": [
    42,
    22,
    29,
    48,
    32,
    55,
    78,
    31,
    39,
    82,
    28,
    39,
    36,
    20,
    52,
    68,
    32,
    72,
    117,
    101,
    87,
    184,
    34,
    94,
    34,
    28,
    31,
    56,
    40,
    35,
    52,
    86,
    82,
    46,
    59,
    37,
    57,
    78,
    66,
    39,
    9,
    100,
    109,
    19,
    112,
    122,
    100,
    35,
    101,
    112,
    36,
    53,
    48,
    36,
    129,
    20,
    43,
    32,
    25,
    41,
    137,
    87,
    23,
    34,
    20,
    17,
    80,
    77,
    27,
    19,
    53,
    82,
    77,
    37,
    37,
    28,
    38,
    20,
    67,
    27,
    43,
    34,
    11,
    16,
    63,
    31,
    21,
    86,
    69,
    42,
    50,
    43,
    15,
    20,
    31,
    44,
    37,
    62,
    31,
    45
  ],
  "step_times": [
    0.0018103009178524925,
    0.001603321595625444,
    0.00168716496434705,
    0.0016477257013320923,
    0.001865379512310028,
    0.0017250971360640093,
    0.0017262330422034631,
    0.0015712553454983618,
    0.0016507796752147186,
    0.0016096452387367806,
    0.002413426126752581,
    0.0018946574284480168,
    0.00173693233066135,
    0.0015673637390136719,
    0.0015806784996619592,
    0.0016924738883972168,
    0.0016096681356430054,
    0.001623726553387112,
    0.0016660771818242522,
    0.0015842890975498918,
    0.001648157492451284,
    0.001660875652147376,
    0.0016540078555836396,
    0.0015508621296984083,
    0.0015674759359920725,
    0.001915276050567627,
    0.002022843207082441,
    0.0016216976302010672,
    0.0020329952239990234,
    0.0016092845371791294,
    0.0017055502304664026,
    0.0018562549768492234,
    0.0025138796829595796,
    0.0027072585147360096,
    0.0020432472229003906,
    0.002102104393211571,
    0.0016161935371265077,
    0.0016345121921637119,
    0.0015650554136796432,
    0.0015893654945569162,
    0.0031216939290364585,
    0.0017847394943237304,
    0.0016442788850276843,
    0.0015759342595150596,
    0.0015670891319002425,
    0.0019177706515202757,
    0.0016288089752197266,
    0.0015936919621058873,
    0.0017774081466221574,
    0.001612062965120588,
    0.0018607046869066027,
    0.001564124845108896,
    0.0016154845555623372,
    0.001725441879696316,
    0.001636856286100639,
    0.003382742404937744,
    0.0017994115518969159,
    0.0015459433197975159,
    0.0017056655883789062,
    0.0016231536865234375,
    0.0016536051339476649,
    0.0015343989448985834,
    0.0016008563663648522,
    0.0017053800470688764,
    0.001654338836669922,
    0.00184174144969267,
    0.0017160981893539428,
    0.0016072322795917461,
    0.001646474555686668,
    0.0015999643426192435,
    0.0017189889583947523,
    0.0016016785691424114,
    0.0016445587207744648,
    0.0015474783407675254,
    0.0015756052893561286,
    0.0017687422888619559,
    0.0020137962542082135,
    0.0016128063201904298,
    0.0015717086507313286,
    0.001598057923493562,
    0.0017128988753917606,
    0.0016220457413617302,
    0.001667001030661843,
    0.0016769468784332275,
    0.0015654790969122025,
    0.0030603870268790952,
    0.0023318699428013395,
    0.0015842581904211709,
    0.0016802117444466853,
    0.0015668755485897972,
    0.0020636510848999023,
    0.0020790654559468113,
    0.001880041758219401,
    0.0018136382102966308,
    0.001666853504796182,
    0.0016263181513006036,
    0.0016153052046492292,
    0.0015824071822627898,
    0.0016816508385442918,
    0.0015335400899251302
  ],
  "checkpoint_metrics": {
    "100": {
      "avg_reward": -20.00000000000001,
      "avg_length": 200.0,
      "avg_step_time_ms": 1.602221965789795
    }
  }
}