{
  "episode_rewards": [
    -1.8000000000000012,
    -8.099999999999984,
    -11.199999999999973,
    -8.099999999999984,
    -2.0000000000000013,
    -11.89999999999997,
    -3.799999999999999,
    -1.5000000000000009,
    -6.099999999999991,
    -4.4999999999999964,
    -20.000000000000014,
    -20.000000000000014,
    -6.899999999999988,
    -3.1000000000000014,
    -1.5000000000000009,
    -0.8000000000000005,
    -5.699999999999992,
    -2.600000000000002,
    -11.89999999999997,
    -14.399999999999961,
    -1.1000000000000005,
    -4.399999999999997,
    -4.599999999999996,
    -10.799999999999974,
    -3.5999999999999996,
    -20.000000000000014,
    -4.999999999999995,
    -4.1999999999999975,
    -13.099999999999966,
    -6.29999999999999,
    -5.299999999999994,
    -2.5000000000000018,
    -1.1000000000000005,
    -0.6000000000000003,
    -1.600000000000001,
    -20.000000000000014,
    -7.799999999999985,
    -4.4999999999999964,
    -3.0000000000000018,
    -20.000000000000014,
    -3.8999999999999986,
    -12.399999999999968,
    -5.499999999999993,
    -1.8000000000000012,
    -6.19999999999999,
    -6.699999999999989,
    -3.1000000000000014,
    -2.2000000000000015,
    -20.000000000000014,
    -6.999999999999988,
    -20.000000000000014,
    -0.19999999999999996,
    -5.499999999999993,
    -1.4000000000000008,
    -7.199999999999987,
    -9.699999999999978,
    -5.999999999999991,
    -1.0000000000000004,
    -0.30000000000000004,
    -6.599999999999989,
    -15.299999999999962,
    -11.299999999999972,
    -20.000000000000014,
    -1.8000000000000012,
    -10.399999999999975,
    -2.900000000000002,
    -9.499999999999979,
    -0.5000000000000002,
    -3.4000000000000004,
    -4.399999999999997,
    -7.499999999999986,
    -8.299999999999983,
    -20.000000000000014,
    -3.3000000000000007,
    -3.5,
    -15.89999999999997,
    -10.999999999999973,
    -8.599999999999982,
    -9.29999999999998,
    -5.799999999999992,
    -2.5000000000000018,
    -3.200000000000001,
    -20.000000000000014,
    -2.600000000000002,
    -8.099999999999984,
    -1.3000000000000007,
    -11.599999999999971,
    -4.399999999999997,
    -8.399999999999983,
    -0.19999999999999996,
    -1.2000000000000006,
    -3.799999999999999,
    -10.499999999999975,
    -3.4000000000000004,
    -20.000000000000014,
    -8.599999999999982,
    -2.800000000000002,
    -2.1000000000000014,
    -7.699999999999985,
    -6.499999999999989
  ],
  "episode_lengths": [
    29,
    92,
    123,
    92,
    31,
    130,
    49,
    26,
    72,
    56,
    200,
    200,
    80,
    42,
    26,
    19,
    68,
    37,
    130,
    155,
    22,
    55,
    57,
    119,
    47,
    200,
    61,
    53,
    142,
    74,
    64,
    36,
    22,
    17,
    27,
    200,
    89,
    56,
    41,
    200,
    50,
    135,
    66,
    29,
    73,
    78,
    42,
    33,
    200,
    81,
    200,
    13,
    66,
    25,
    83,
    108,
    71,
    21,
    14,
    77,
    164,
    124,
    200,
    29,
    115,
    40,
    106,
    16,
    45,
    55,
    86,
    94,
    200,
    44,
    46,
    170,
    121,
    97,
    104,
    69,
    36,
    43,
    200,
    37,
    92,
    24,
    127,
    55,
    95,
    13,
    23,
    49,
    116,
    45,
    200,
    97,
    39,
    32,
    88,
    76
  ],
  "step_times": [
    3.452136598784348e-05,
    1.0889509449834408e-05,
    1.629968968833365e-05,
    1.085581986800484e-05,
    0.0,
    7.721093984750601e-06,
    2.0348295873525193e-05,
    0.0,
    1.3881259494357639e-05,
    1.77919864654541e-05,
    1.5032291412353515e-05,
    1.499176025390625e-05,
    1.246333122253418e-05,
    2.388159434000651e-05,
    0.0,
    5.271560267398232e-05,
    1.4750396504121668e-05,
    0.0,
    1.533948458158053e-05,
    1.2949974306168094e-05,
    4.536455327814276e-05,
    0.0,
    1.7517491390830592e-05,
    1.6749406061252628e-05,
    0.0,
    1.0020732879638672e-05,
    1.6329718417808657e-05,
    1.884856314029334e-05,
    1.4137214338275747e-05,
    1.3506090318834459e-05,
    1.57281756401062e-05,
    0.0,
    4.501776261763139e-05,
    0.0,
    0.0,
    1.0031461715698243e-05,
    2.2395273272910816e-05,
    0.0,
    2.452222312368998e-05,
    1.5000104904174804e-05,
    2.0012855529785156e-05,
    7.302672774703414e-06,
    1.5146804578376539e-05,
    3.472689924568966e-05,
    1.4265922650898972e-05,
    1.234580308963091e-05,
    2.3739678519112723e-05,
    0.0,
    1.4973878860473633e-05,
    1.2333010449821566e-05,
    9.977817535400391e-06,
    7.700920104980469e-05,
    1.5020370483398438e-05,
    0.0,
    1.2130622404167452e-05,
    1.8508345992476853e-05,
    1.428160868899923e-05,
    0.0,
    0.0,
    1.282506174855418e-05,
    1.2131725869527677e-05,
    8.060086158014113e-06,
    1.5019178390502929e-05,
    3.438982470282193e-05,
    8.69087550951087e-06,
    2.5254487991333007e-05,
    9.40403848324182e-06,
    6.240606307983398e-05,
    0.0,
    1.8219514326615768e-05,
    1.1713005775629088e-05,
    2.1226862643627412e-05,
    1.0042190551757812e-05,
    2.2563067349520598e-05,
    2.1690907685653023e-05,
    2.349544973934398e-05,
    1.2514019800611763e-05,
    1.0313446988764498e-05,
    1.9217912967388445e-05,
    1.447788183239923e-05,
    2.777576446533203e-05,
    0.0,
    1.5085935592651367e-05,
    2.6709324604756124e-05,
    1.093874806943147e-05,
    4.143516222635905e-05,
    7.882831603523314e-06,
    1.824985850941051e-05,
    1.0558178550318668e-05,
    7.634896498460036e-05,
    0.0,
    2.052832622917331e-05,
    8.521408870302397e-06,
    2.2204717000325522e-05,
    1.5009641647338867e-05,
    1.0630519119734617e-05,
    0.0,
    3.121793270111084e-05,
    1.1129812760786576e-05,
    1.3307521217747739e-05
  ],
  "checkpoint_metrics": {
    "100": {
      "avg_reward": -5.299999999999992,
      "avg_length": 64.0,
      "avg_step_time_ms": 0.010927309573943883
    }
  }
}