{
  "episode_rewards": [
    -3.3000000000000007,
    -0.8000000000000005,
    -18.0,
    -8.499999999999982,
    -17.799999999999997,
    -20.000000000000014,
    -5.5999999999999925,
    -8.199999999999983,
    -10.199999999999976,
    -4.799999999999995,
    -9.699999999999978,
    -1.700000000000001,
    -9.499999999999979,
    -15.799999999999969,
    -0.40000000000000013,
    -0.8000000000000005,
    -4.299999999999997,
    -1.0000000000000004,
    -3.9999999999999982,
    -8.799999999999981,
    -2.2000000000000015,
    -1.600000000000001,
    -3.1000000000000014,
    -2.600000000000002,
    -10.499999999999975,
    -12.299999999999969,
    -20.000000000000014,
    -8.099999999999984,
    -1.8000000000000012,
    -3.5999999999999996,
    -6.499999999999989,
    -9.399999999999979,
    -11.99999999999997,
    -0.8000000000000005,
    -2.3000000000000016,
    -2.4000000000000017,
    -5.799999999999992,
    -7.2999999999999865,
    -4.599999999999996,
    -7.499999999999986,
    -8.89999999999998,
    -20.000000000000014,
    -8.799999999999981,
    -10.299999999999976,
    -1.600000000000001,
    -7.099999999999987,
    -5.399999999999993,
    -6.39999999999999,
    -7.099999999999987,
    -1.1000000000000005,
    -20.000000000000014,
    -5.5999999999999925,
    -20.000000000000014,
    -3.1000000000000014,
    -7.099999999999987,
    -20.000000000000014,
    -3.0000000000000018,
    -7.199999999999987,
    -5.999999999999991,
    -20.000000000000014,
    -5.199999999999994,
    -9.29999999999998,
    -18.70000000000001,
    -20.000000000000014,
    -12.399999999999968,
    -5.699999999999992,
    -15.299999999999962,
    -13.299999999999965,
    -3.0000000000000018,
    -20.000000000000014,
    -5.799999999999992,
    -7.899999999999984,
    -10.899999999999974,
    -3.200000000000001,
    -4.1999999999999975,
    -6.599999999999989,
    -16.69999999999998,
    -20.000000000000014,
    -4.4999999999999964,
    -9.19999999999998,
    -7.599999999999985,
    -20.000000000000014,
    -2.600000000000002,
    -4.1999999999999975,
    -20.000000000000014,
    -4.599999999999996,
    -20.000000000000014,
    -12.399999999999968,
    -2.4000000000000017,
    -20.000000000000014,
    -3.4000000000000004,
    -8.199999999999983,
    -6.19999999999999,
    -18.80000000000001,
    -1.2000000000000006,
    -5.499999999999993,
    -20.000000000000014,
    -6.599999999999989,
    -20.000000000000014,
    -20.000000000000014
  ],
  "episode_lengths": [
    44,
    19,
    191,
    96,
    189,
    200,
    67,
    93,
    113,
    59,
    108,
    28,
    106,
    169,
    15,
    19,
    54,
    21,
    51,
    99,
    33,
    27,
    42,
    37,
    116,
    134,
    200,
    92,
    29,
    47,
    76,
    105,
    131,
    19,
    34,
    35,
    69,
    84,
    57,
    86,
    100,
    200,
    99,
    114,
    27,
    82,
    65,
    75,
    82,
    22,
    200,
    67,
    200,
    42,
    82,
    200,
    41,
    83,
    71,
    200,
    63,
    104,
    198,
    200,
    135,
    68,
    164,
    144,
    41,
    200,
    69,
    90,
    120,
    43,
    53,
    77,
    178,
    200,
    56,
    103,
    87,
    200,
    37,
    53,
    200,
    57,
    200,
    135,
    35,
    200,
    45,
    93,
    73,
    199,
    23,
    66,
    200,
    77,
    200,
    200
  ],
  "step_times": [
    0.0028971108523282137,
    0.0023518863477204974,
    0.002877195468123671,
    0.002812691032886505,
    0.002774430330468233,
    0.003038204908370972,
    0.002744713825965995,
    0.0038542670588339527,
    0.0036374847445867758,
    0.004894503092361709,
    0.003992694395559805,
    0.0038659657750810894,
    0.0029154273698914724,
    0.0028748300653942942,
    0.003584623336791992,
    0.002679586410522461,
    0.0025180975596110025,
    0.002366985593523298,
    0.0028925876991421568,
    0.0037940487717137194,
    0.003334905162002101,
    0.0037174048247160733,
    0.003841258230663481,
    0.0035029681953223975,
    0.0035828968574260845,
    0.0034865781442442938,
    0.0035052192211151123,
    0.002930420896281367,
    0.004018775348005624,
    0.0029730238813035033,
    0.002593379271657843,
    0.003271747770763579,
    0.0029829130827925586,
    0.0028669708653500207,
    0.00352938736186308,
    0.003037187031337193,
    0.0025272507598434668,
    0.003581821918487549,
    0.0029783792663038823,
    0.002856185269910236,
    0.003273677825927734,
    0.0029721999168395995,
    0.0029184288448757595,
    0.0028511850457442435,
    0.0027633596349645544,
    0.0029795315207504646,
    0.0024974712958702673,
    0.002610947291056315,
    0.0027493616429770866,
    0.0025915340943769975,
    0.0030575180053710937,
    0.002755332348951653,
    0.002684667110443115,
    0.0024505683353969027,
    0.0026678050436624665,
    0.0033106589317321777,
    0.0029093288793796447,
    0.003060556319822748,
    0.0028179296305481816,
    0.002913573980331421,
    0.0029449652111719527,
    0.0030475579775296724,
    0.002961353822187944,
    0.0031239330768585206,
    0.0029766224048755788,
    0.002935476162854363,
    0.002648487323667945,
    0.0029818879233466256,
    0.0029071017009455985,
    0.0030180907249450686,
    0.0030575766079667687,
    0.0029051939646402994,
    0.00270574688911438,
    0.002960648647574491,
    0.0028687288176338626,
    0.0028132958845658736,
    0.002815503752633427,
    0.002899206876754761,
    0.002802295344216483,
    0.0031346487767488053,
    0.003176250676999147,
    0.00290175199508667,
    0.0024080791988888304,
    0.002569486510078862,
    0.0029143524169921876,
    0.0027850845403838576,
    0.002899153232574463,
    0.0027561329029224535,
    0.002524348667689732,
    0.002668036222457886,
    0.002595784929063585,
    0.002685095674248152,
    0.0024287243411965564,
    0.002677588007557931,
    0.0026715009108833647,
    0.002809029636961041,
    0.0026927101612091065,
    0.0026042275614552683,
    0.002621825933456421,
    0.002581984996795654
  ],
  "checkpoint_metrics": {
    "100": {
      "avg_reward": -20.00000000000001,
      "avg_length": 200.0,
      "avg_step_time_ms": 0.052632808685302734
    }
  }
}