{
  "episode_rewards": [
    -20.000000000000014,
    -10.999999999999973,
    -4.099999999999998,
    -11.79999999999997,
    -2.2000000000000015,
    -9.09999999999998,
    -14.099999999999962,
    -2.5000000000000018,
    -1.4000000000000008,
    -20.000000000000014,
    -13.099999999999966,
    -6.39999999999999,
    -0.40000000000000013,
    -8.099999999999984,
    -3.0000000000000018,
    -1.4000000000000008,
    -2.900000000000002,
    -0.9000000000000006,
    -8.099999999999984,
    -5.299999999999994,
    -3.200000000000001,
    -4.599999999999996,
    -2.4000000000000017,
    -4.999999999999995,
    -1.600000000000001,
    -3.8999999999999986,
    -18.200000000000003,
    -9.399999999999979,
    -1.8000000000000012,
    -2.4000000000000017,
    -2.1000000000000014,
    -2.800000000000002,
    -5.999999999999991,
    -5.999999999999991,
    -20.000000000000014,
    -12.999999999999966,
    -1.600000000000001,
    -4.299999999999997,
    -20.000000000000014,
    -8.799999999999981,
    -4.899999999999995,
    -2.700000000000002,
    -3.5999999999999996,
    -7.199999999999987,
    -14.79999999999996,
    -6.599999999999989,
    -3.200000000000001,
    -7.199999999999987,
    -4.799999999999995,
    -1.8000000000000012,
    -2.800000000000002,
    -3.4000000000000004,
    -1.4000000000000008,
    -2.5000000000000018,
    -3.8999999999999986,
    -5.999999999999991,
    -6.599999999999989,
    -3.3000000000000007,
    -0.30000000000000004,
    -11.099999999999973,
    -3.4000000000000004,
    -3.0000000000000018,
    -5.699999999999992,
    -4.799999999999995,
    -4.099999999999998,
    -6.999999999999988,
    -8.399999999999983,
    -8.299999999999983,
    -4.399999999999997,
    -1.3000000000000007,
    -6.599999999999989,
    -2.2000000000000015,
    -14.69999999999996,
    -2.2000000000000015,
    -3.5,
    -5.999999999999991,
    -7.199999999999987,
    -3.200000000000001,
    -5.499999999999993,
    -2.5000000000000018,
    -10.599999999999975,
    -7.199999999999987,
    -1.9000000000000012,
    -1.5000000000000009,
    -0.6000000000000003,
    -1.8000000000000012,
    -3.1000000000000014,
    -1.1000000000000005,
    -0.8000000000000005,
    -8.499999999999982,
    -3.5999999999999996,
    -6.19999999999999,
    -3.5999999999999996,
    -3.5999999999999996,
    -3.5,
    -1.600000000000001,
    -4.899999999999995,
    -11.69999999999997,
    -4.799999999999995,
    -1.4000000000000008
  ],
  "episode_lengths": [
    200,
    121,
    52,
    129,
    33,
    102,
    152,
    36,
    25,
    200,
    142,
    75,
    15,
    92,
    41,
    25,
    40,
    20,
    92,
    64,
    43,
    57,
    35,
    61,
    27,
    50,
    193,
    105,
    29,
    35,
    32,
    39,
    71,
    71,
    200,
    141,
    27,
    54,
    200,
    99,
    60,
    38,
    47,
    83,
    159,
    77,
    43,
    83,
    59,
    29,
    39,
    45,
    25,
    36,
    50,
    71,
    77,
    44,
    14,
    122,
    45,
    41,
    68,
    59,
    52,
    81,
    95,
    94,
    55,
    24,
    77,
    33,
    158,
    33,
    46,
    71,
    83,
    43,
    66,
    36,
    117,
    83,
    30,
    26,
    17,
    29,
    42,
    22,
    19,
    96,
    47,
    73,
    47,
    47,
    46,
    27,
    60,
    128,
    59,
    25
  ],
  "step_times": [
    0.003418775796890259,
    0.00351637848152602,
    0.003593742847442627,
    0.0043566892313402755,
    0.003919016231190075,
    0.004012706233005898,
    0.003937056190089176,
    0.0033130447069803872,
    0.004203548431396484,
    0.004151318073272705,
    0.003402904725410569,
    0.0034009011586507163,
    0.003241380055745443,
    0.0034486392269963803,
    0.0036290331584651297,
    0.003737068176269531,
    0.0036411941051483153,
    0.0036880135536193847,
    0.003351014593373174,
    0.0034115202724933624,
    0.007415300191834916,
    0.003376483917236328,
    0.0034161022731236047,
    0.0034383594012651285,
    0.003682419105812355,
    0.0037224864959716796,
    0.003637841328438082,
    0.003350868679228283,
    0.0035810635007660963,
    0.0033761024475097655,
    0.0036133527755737305,
    0.003828629469260191,
    0.003476837990989148,
    0.003370466366620131,
    0.003754928112030029,
    0.003632768671563331,
    0.005916471834535952,
    0.0037550263934665257,
    0.004264078140258789,
    0.00350416549528488,
    0.003597124417622884,
    0.003721575987966437,
    0.003488555867621239,
    0.004456637853599456,
    0.0034643614067221586,
    0.003497950442425616,
    0.0035350599954294603,
    0.0034347786960831606,
    0.0034308271893000197,
    0.0033552811063569167,
    0.0034320232195731923,
    0.003589375813802083,
    0.003656587600708008,
    0.00360131926006741,
    0.0033380937576293944,
    0.003455914242166868,
    0.0035047004749248554,
    0.003352344036102295,
    0.00345853396824428,
    0.0032902721498833326,
    0.0043307145436604815,
    0.0033202636532667206,
    0.0035121756441452924,
    0.003754009634761487,
    0.003528127303490272,
    0.0036063576922004607,
    0.003495060770135177,
    0.0036291391291516893,
    0.003298208930275657,
    0.003369311491648356,
    0.003312962395804269,
    0.0035007722450025153,
    0.003613343721703638,
    0.004180359117912523,
    0.0033094986625339675,
    0.004315685218488666,
    0.0038386568965682066,
    0.0035669692727022394,
    0.0036339434710415926,
    0.0036816464530097116,
    0.003684816197452382,
    0.0034745428935590997,
    0.003551920255025228,
    0.003652801880469689,
    0.004727489808026482,
    0.0035385756657041354,
    0.0034979922430855887,
    0.003560228781266646,
    0.003714147366975483,
    0.0035798922181129456,
    0.004241735377210252,
    0.0038990125264206977,
    0.0038757831492322557,
    0.004941930162145737,
    0.003691180892612623,
    0.003526802416200991,
    0.0035209894180297852,
    0.004893358796834946,
    0.0033431053161621094,
    0.0035354137420654298
  ],
  "checkpoint_metrics": {
    "100": {
      "avg_reward": -5.729999999999996,
      "avg_length": 67.2,
      "avg_step_time_ms": 3.784365020888571
    }
  }
}