{
  "episode_rewards": [
    1.0,
    1.0,
    -1.0,
    -1.0,
    1.0,
    1.0,
    1.0,
    1.0,
    -1.0,
    1.0,
    1.0,
    -1.0,
    1.0,
    1.0,
    -1.0,
    1.0,
    -1.0,
    -1.0,
    -1.0,
    -1.0,
    1.0,
    -1.0,
    1.0,
    1.0,
    -1.0,
    0.0,
    1.0,
    1.0,
    -1.0,
    1.0,
    -1.0,
    1.0,
    -1.0,
    -1.0,
    1.0,
    1.0,
    1.0,
    -1.0,
    1.0,
    -1.0,
    1.0,
    -1.0,
    -1.0,
    -1.0,
    1.0,
    -1.0,
    1.0,
    1.0,
    1.0,
    -1.0,
    -1.0,
    -1.0,
    1.0,
    0.0,
    1.0,
    1.0,
    -1.0,
    1.0,
    -1.0,
    -1.0,
    -1.0,
    1.0,
    -1.0,
    -1.0,
    -1.0,
    -1.0,
    -1.0,
    1.0,
    1.0,
    1.0,
    -1.0,
    -1.0,
    1.0,
    1.0,
    -1.0,
    -1.0,
    1.0,
    -1.0,
    -1.0,
    -1.0,
    -1.0,
    -1.0,
    1.0,
    0.0,
    -1.0,
    -1.0,
    -1.0,
    -1.0,
    -1.0,
    1.0,
    -1.0,
    1.0,
    -1.0,
    -1.0,
    1.0,
    -1.0,
    1.0,
    -1.0,
    -1.0,
    -1.0
  ],
  "episode_lengths": [
    7,
    4,
    8,
    7,
    7,
    7,
    6,
    7,
    7,
    5,
    5,
    7,
    8,
    4,
    6,
    6,
    5,
    5,
    4,
    6,
    6,
    4,
    8,
    6,
    8,
    8,
    7,
    8,
    4,
    7,
    6,
    6,
    6,
    6,
    8,
    6,
    6,
    5,
    7,
    3,
    6,
    5,
    5,
    7,
    7,
    6,
    5,
    5,
    8,
    5,
    5,
    7,
    7,
    8,
    7,
    6,
    6,
    7,
    6,
    7,
    6,
    5,
    6,
    3,
    5,
    5,
    7,
    5,
    8,
    6,
    8,
    6,
    5,
    5,
    7,
    6,
    7,
    5,
    7,
    6,
    5,
    5,
    7,
    8,
    6,
    7,
    6,
    7,
    5,
    7,
    6,
    5,
    6,
    7,
    5,
    5,
    7,
    6,
    7,
    6
  ],
  "step_times": [
    0.00023698806762695312,
    0.00015044212341308594,
    0.00020676851272583008,
    0.00019185883658272878,
    0.00017421586172921316,
    0.00024509429931640625,
    0.0001589059829711914,
    0.00029591151646205356,
    0.0003026212964739118,
    0.0010848045349121094,
    0.0026415348052978515,
    0.0023342881883893695,
    0.002378225326538086,
    0.002468705177307129,
    0.0024279356002807617,
    0.0022457043329874673,
    0.0023040294647216795,
    0.0021811008453369142,
    0.002557098865509033,
    0.0022351344426472983,
    0.002522071202596029,
    0.002229928970336914,
    0.0022458434104919434,
    0.0024042526880900064,
    0.0023433566093444824,
    0.002416253089904785,
    0.002400364194597517,
    0.002158939838409424,
    0.0021695494651794434,
    0.00222815786089216,
    0.0025551716486612954,
    0.002280076344807943,
    0.0021974643071492514,
    0.002440929412841797,
    0.002336263656616211,
    0.002354741096496582,
    0.0031026204427083335,
    0.002582740783691406,
    0.00227182252066476,
    0.002161264419555664,
    0.002398411432902018,
    0.002627658843994141,
    0.0024121761322021484,
    0.002321141106741769,
    0.0023233209337506977,
    0.0026699304580688477,
    0.002262735366821289,
    0.002207326889038086,
    0.0023493170738220215,
    0.0023063182830810546,
    0.0024051666259765625,
    0.002247231347220285,
    0.002202953611101423,
    0.002552628517150879,
    0.002299989972795759,
    0.0024418036142985025,
    0.0024982293446858725,
    0.002354315349033901,
    0.0024785598119099936,
    0.0024771009172712055,
    0.002593398094177246,
    0.0023869037628173827,
    0.002514322598775228,
    0.002238035202026367,
    0.002228116989135742,
    0.0024374961853027345,
    0.0024318013872419086,
    0.002161741256713867,
    0.002367347478866577,
    0.0023974974950154624,
    0.002405405044555664,
    0.002265771230061849,
    0.0024227619171142576,
    0.0022109508514404296,
    0.002438136509486607,
    0.0023845036824544272,
    0.0022849696023123606,
    0.0023596763610839845,
    0.002188614436558315,
    0.002191821734110514,
    0.00252685546875,
    0.0022525787353515625,
    0.00235574586050851,
    0.0023292899131774902,
    0.0022425254185994468,
    0.0025945731571742465,
    0.0024239222208658853,
    0.0024637154170445035,
    0.0024899005889892577,
    0.002729313714163644,
    0.002489368120829264,
    0.0022385120391845703,
    0.00235899289449056,
    0.0023404530116489957,
    0.0022057533264160157,
    0.0028079986572265626,
    0.002239601952689035,
    0.0024220943450927734,
    0.0023038387298583984,
    0.0024181207021077475
  ],
  "checkpoint_metrics": {
    "100": {
      "avg_reward": 0.25,
      "avg_length": 6.25,
      "avg_step_time_ms": 0.22164215644200644
    }
  }
}