{
  "episode_rewards": [
    1.0,
    1.0,
    -1.0,
    -1.0,
    -1.0,
    1.0,
    1.0,
    1.0,
    -1.0,
    1.0,
    1.0,
    -1.0,
    1.0,
    -1.0,
    1.0,
    -1.0,
    -1.0,
    -1.0,
    1.0,
    -1.0,
    1.0,
    1.0,
    -1.0,
    1.0,
    1.0,
    1.0,
    1.0,
    -1.0,
    1.0,
    1.0,
    -1.0,
    1.0,
    -1.0,
    -1.0,
    -1.0,
    1.0,
    -1.0,
    1.0,
    -1.0,
    1.0,
    -1.0,
    -1.0,
    1.0,
    1.0,
    1.0,
    -1.0,
    1.0,
    -1.0,
    1.0,
    -1.0,
    1.0,
    -1.0,
    -1.0,
    1.0,
    1.0,
    1.0,
    1.0,
    1.0,
    1.0,
    1.0,
    1.0,
    1.0,
    1.0,
    1.0,
    1.0,
    1.0,
    1.0,
    -1.0,
    1.0,
    1.0,
    1.0,
    -1.0,
    -1.0,
    -1.0,
    1.0,
    1.0,
    1.0,
    1.0,
    1.0,
    -1.0,
    -1.0,
    1.0,
    -1.0,
    1.0,
    1.0,
    1.0,
    -1.0,
    1.0,
    -1.0,
    1.0,
    0.0,
    0.0,
    1.0,
    -1.0,
    1.0,
    -1.0,
    -1.0,
    1.0,
    1.0,
    1.0
  ],
  "episode_lengths": [
    8,
    8,
    6,
    8,
    6,
    8,
    6,
    6,
    7,
    7,
    6,
    8,
    4,
    7,
    6,
    8,
    6,
    7,
    7,
    6,
    6,
    4,
    8,
    8,
    5,
    7,
    5,
    6,
    6,
    7,
    6,
    5,
    7,
    7,
    8,
    7,
    6,
    8,
    7,
    8,
    4,
    6,
    7,
    7,
    7,
    7,
    7,
    7,
    4,
    6,
    8,
    6,
    8,
    5,
    6,
    5,
    7,
    7,
    5,
    6,
    7,
    8,
    7,
    6,
    4,
    5,
    7,
    8,
    7,
    5,
    6,
    5,
    7,
    8,
    6,
    5,
    7,
    6,
    7,
    4,
    7,
    7,
    7,
    6,
    6,
    7,
    6,
    8,
    7,
    6,
    8,
    8,
    7,
    5,
    6,
    5,
    6,
    7,
    6,
    6
  ],
  "step_times": [
    0.006268799304962158,
    0.008119285106658936,
    0.0055559078852335615,
    0.008342444896697998,
    0.006349643071492513,
    0.005699664354324341,
    0.008954246838887533,
    0.00785501797993978,
    0.006996359143938337,
    0.007551567895071847,
    0.008532404899597168,
    0.005754709243774414,
    0.008287787437438965,
    0.0071844373430524555,
    0.008060018221537272,
    0.0063145458698272705,
    0.005723992983500163,
    0.00885002953665597,
    0.005425623485020229,
    0.005740761756896973,
    0.00842587153116862,
    0.009663403034210205,
    0.007609575986862183,
    0.006267905235290527,
    0.00997467041015625,
    0.007171222141810826,
    0.010491418838500976,
    0.008398214975992838,
    0.009027957916259766,
    0.007655041558401925,
    0.009297927220662435,
    0.008109951019287109,
    0.005810567310878209,
    0.007142203194754464,
    0.008405327796936035,
    0.007246664592197963,
    0.008395155270894369,
    0.00601842999458313,
    0.00487518310546875,
    0.008331865072250366,
    0.01058584451675415,
    0.008399287859598795,
    0.007949556623186384,
    0.007298980440412249,
    0.007486070905412946,
    0.0067408425467354914,
    0.007120200565883091,
    0.008306537355695452,
    0.009766995906829834,
    0.009761611620585123,
    0.006934225559234619,
    0.009042978286743164,
    0.006228446960449219,
    0.006654167175292968,
    0.008320013682047525,
    0.01089491844177246,
    0.006642511912754604,
    0.0068967342376708984,
    0.008620262145996094,
    0.006832122802734375,
    0.0071794986724853516,
    0.006072551012039185,
    0.007354531969342913,
    0.007144451141357422,
    0.010058224201202393,
    0.006493997573852539,
    0.008854797908238001,
    0.006081670522689819,
    0.005546024867466518,
    0.011930894851684571,
    0.009036540985107422,
    0.0069312572479248045,
    0.009116104670933314,
    0.006658196449279785,
    0.007980068524678549,
    0.009515523910522461,
    0.006560155323573521,
    0.007661660512288411,
    0.007511888231549945,
    0.011185288429260254,
    0.006580182484218052,
    0.008158172879900252,
    0.007569858006068638,
    0.007125099500020345,
    0.005028168360392253,
    0.009441784449986048,
    0.007077415784200032,
    0.007451534271240234,
    0.0077135903494698664,
    0.00643157958984375,
    0.006198704242706299,
    0.004371911287307739,
    0.008785247802734375,
    0.007543611526489258,
    0.009174625078837076,
    0.007231521606445313,
    0.006479581197102864,
    0.007449626922607422,
    0.006654818852742513,
    0.009323716163635254
  ],
  "checkpoint_metrics": {
    "100": {
      "avg_reward": -0.2,
      "avg_length": 6.45,
      "avg_step_time_ms": 7.660615117776961
    }
  }
}