{
  "episode_rewards": [
    1.0,
    1.0,
    1.0,
    -1.0,
    -1.0,
    -1.0,
    1.0,
    1.0,
    -1.0,
    -1.0,
    -1.0,
    1.0,
    -1.0,
    1.0,
    -1.0,
    -1.0,
    -1.0,
    -1.0,
    -1.0,
    -1.0,
    1.0,
    -1.0,
    1.0,
    -1.0,
    -1.0,
    -1.0,
    -1.0,
    1.0,
    1.0,
    0.0,
    1.0,
    1.0,
    1.0,
    1.0,
    -1.0,
    1.0,
    1.0,
    1.0,
    -1.0,
    1.0,
    -1.0,
    1.0,
    -1.0,
    1.0,
    1.0,
    -1.0,
    -1.0,
    1.0,
    1.0,
    -1.0,
    -1.0,
    1.0,
    1.0,
    -1.0,
    1.0,
    1.0,
    -1.0,
    -1.0,
    -1.0,
    -1.0,
    -1.0,
    -1.0,
    1.0,
    1.0,
    -1.0,
    -1.0,
    1.0,
    0.0,
    1.0,
    1.0,
    1.0,
    1.0,
    1.0,
    1.0,
    1.0,
    -1.0,
    1.0,
    1.0,
    -1.0,
    1.0,
    1.0,
    -1.0,
    1.0,
    -1.0,
    1.0,
    1.0,
    -1.0,
    -1.0,
    1.0,
    -1.0,
    -1.0,
    1.0,
    -1.0,
    -1.0,
    -1.0,
    1.0,
    1.0,
    -1.0,
    1.0,
    1.0
  ],
  "episode_lengths": [
    6,
    6,
    8,
    4,
    6,
    6,
    6,
    7,
    7,
    6,
    5,
    8,
    3,
    7,
    6,
    7,
    6,
    7,
    6,
    8,
    7,
    6,
    7,
    6,
    8,
    6,
    4,
    6,
    6,
    8,
    7,
    8,
    8,
    8,
    5,
    5,
    6,
    8,
    8,
    6,
    6,
    8,
    7,
    5,
    8,
    8,
    5,
    6,
    7,
    6,
    4,
    5,
    4,
    7,
    6,
    6,
    5,
    5,
    5,
    4,
    7,
    4,
    7,
    6,
    8,
    5,
    5,
    8,
    4,
    8,
    5,
    5,
    5,
    8,
    7,
    6,
    8,
    7,
    4,
    3,
    5,
    5,
    5,
    6,
    6,
    5,
    6,
    4,
    7,
    6,
    8,
    5,
    7,
    6,
    7,
    7,
    8,
    4,
    6,
    8
  ],
  "step_times": [
    0.0005453030268351237,
    0.0004557371139526367,
    0.0004194676876068115,
    0.0006694793701171875,
    0.0005050897598266602,
    0.000578761100769043,
    0.0004419883092244466,
    0.00044025693620954243,
    0.0005101135798863002,
    0.00047326087951660156,
    0.0006057262420654297,
    0.0004166066646575928,
    0.0006511211395263672,
    0.0006582736968994141,
    0.0004931290944417318,
    0.00047510010855538506,
    0.000474850336710612,
    0.0005028247833251953,
    0.0005035797754923502,
    0.0004475414752960205,
    0.0004685606275285993,
    0.00046483675638834637,
    0.0005180835723876953,
    0.0005221764246622721,
    0.0004228055477142334,
    0.000529170036315918,
    0.0005409121513366699,
    0.000540773073832194,
    0.0004954735438028971,
    0.00045606493949890137,
    0.0005084446498325893,
    0.000406801700592041,
    0.0006764829158782959,
    0.00042641162872314453,
    0.00048761367797851564,
    0.0006253242492675782,
    0.0005327065785725912,
    0.0004979074001312256,
    0.00047215819358825684,
    0.0004407167434692383,
    0.000537872314453125,
    0.0006056427955627441,
    0.00044802256992885044,
    0.0004690647125244141,
    0.0004280507564544678,
    0.0005931556224822998,
    0.00051422119140625,
    0.00045235951741536457,
    0.000423363276890346,
    0.00046996275583902997,
    0.0007365942001342773,
    0.0006845951080322266,
    0.0009357333183288574,
    0.0007104873657226562,
    0.0005980332692464193,
    0.0006438096364339193,
    0.0004954814910888671,
    0.000492715835571289,
    0.0004803180694580078,
    0.0006462335586547852,
    0.00048548834664481025,
    0.0005501508712768555,
    0.0004284041268484933,
    0.00044723351796468097,
    0.00047522783279418945,
    0.0005840778350830079,
    0.0004748821258544922,
    0.0004501044750213623,
    0.000518500804901123,
    0.000425189733505249,
    0.0007491588592529296,
    0.0005214691162109375,
    0.0004841327667236328,
    0.00041431188583374023,
    0.0004245894295828683,
    0.000498652458190918,
    0.0004239976406097412,
    0.0004356588636125837,
    0.0005308389663696289,
    0.0006550153096516927,
    0.000681304931640625,
    0.0005060672760009765,
    0.00047659873962402344,
    0.0004591941833496094,
    0.00044600168863932293,
    0.000601816177368164,
    0.0005366802215576172,
    0.0005404949188232422,
    0.00042636053902762275,
    0.00046594937642415363,
    0.0005339384078979492,
    0.0005483150482177735,
    0.00044158526829310825,
    0.00046638647715250653,
    0.0004558563232421875,
    0.0005806173597063337,
    0.0005032122135162354,
    0.0005822181701660156,
    0.00046753883361816406,
    0.0004378855228424072
  ],
  "checkpoint_metrics": {
    "100": {
      "avg_reward": -0.55,
      "avg_length": 5.6,
      "avg_step_time_ms": 0.24639913014003206
    }
  }
}