{
  "episode_rewards": [
    1.0,
    1.0,
    -1.0,
    1.0,
    1.0,
    -1.0,
    -1.0,
    -1.0,
    1.0,
    1.0,
    -1.0,
    1.0,
    1.0,
    1.0,
    1.0,
    1.0,
    -1.0,
    1.0,
    1.0,
    1.0,
    1.0,
    1.0,
    -1.0,
    1.0,
    1.0,
    0.0,
    1.0,
    0.0,
    1.0,
    -1.0,
    0.0,
    1.0,
    1.0,
    -1.0,
    1.0,
    -1.0,
    1.0,
    1.0,
    -1.0,
    1.0,
    1.0,
    -1.0,
    1.0,
    1.0,
    1.0,
    1.0,
    1.0,
    1.0,
    1.0,
    1.0,
    1.0,
    1.0,
    -1.0,
    -1.0,
    1.0,
    1.0,
    1.0,
    -1.0,
    1.0,
    -1.0,
    1.0,
    -1.0,
    1.0,
    1.0,
    1.0,
    1.0,
    1.0,
    1.0,
    -1.0,
    1.0,
    1.0,
    -1.0,
    1.0,
    1.0,
    1.0,
    1.0,
    -1.0,
    -1.0,
    1.0,
    -1.0,
    1.0,
    -1.0,
    -1.0,
    1.0,
    -1.0,
    1.0,
    1.0,
    1.0,
    1.0,
    1.0,
    1.0,
    -1.0,
    1.0,
    1.0,
    1.0,
    -1.0,
    1.0,
    1.0,
    1.0,
    1.0
  ],
  "episode_lengths": [
    8,
    7,
    7,
    6,
    6,
    6,
    7,
    8,
    6,
    6,
    6,
    7,
    8,
    6,
    7,
    8,
    6,
    8,
    5,
    7,
    8,
    7,
    7,
    6,
    6,
    8,
    7,
    8,
    7,
    7,
    8,
    4,
    7,
    7,
    7,
    5,
    6,
    6,
    4,
    8,
    7,
    6,
    8,
    8,
    8,
    6,
    5,
    7,
    4,
    6,
    5,
    4,
    5,
    5,
    6,
    6,
    7,
    6,
    6,
    7,
    6,
    5,
    6,
    5,
    7,
    8,
    8,
    7,
    7,
    7,
    8,
    6,
    7,
    7,
    6,
    7,
    7,
    7,
    8,
    6,
    7,
    7,
    6,
    8,
    7,
    5,
    7,
    7,
    8,
    8,
    7,
    7,
    5,
    6,
    6,
    6,
    7,
    7,
    4,
    7
  ],
  "step_times": [
    0.00822398066520691,
    0.007698501859392438,
    0.009452513286045619,
    0.01012734572092692,
    0.008504470189412435,
    0.008446017901102701,
    0.009419747761317663,
    0.006255984306335449,
    0.008906920750935873,
    0.007774790128072103,
    0.010067184766133627,
    0.005689723151070731,
    0.006773889064788818,
    0.007713198661804199,
    0.005675111498151507,
    0.006588101387023926,
    0.008636275927225748,
    0.004667609930038452,
    0.009889364242553711,
    0.009563275745936803,
    0.006767958402633667,
    0.006896427699497768,
    0.007824420928955078,
    0.008474071820576986,
    0.007737874984741211,
    0.005780935287475586,
    0.007688181740897042,
    0.005701214075088501,
    0.00810234887259347,
    0.007218599319458008,
    0.006889939308166504,
    0.009442389011383057,
    0.007176331111363002,
    0.007781199046543666,
    0.007611547197614398,
    0.010044527053833009,
    0.006946245829264323,
    0.005548834800720215,
    0.013098299503326416,
    0.00637972354888916,
    0.00783079011099679,
    0.006984273592631022,
    0.007529318332672119,
    0.00328633189201355,
    0.007592231035232544,
    0.0059435367584228516,
    0.010026884078979493,
    0.007684503282819476,
    0.009390294551849365,
    0.008163928985595703,
    0.007673501968383789,
    0.005201280117034912,
    0.011327886581420898,
    0.009699344635009766,
    0.0075780948003133135,
    0.008567730585734049,
    0.007459981100899833,
    0.008035103480021158,
    0.008226950963338217,
    0.007124628339494977,
    0.008829156557718912,
    0.00974864959716797,
    0.007632335027058919,
    0.00859532356262207,
    0.007689407893589565,
    0.007281064987182617,
    0.005566775798797607,
    0.008438927786690848,
    0.00581918443952288,
    0.008436407361711775,
    0.006862133741378784,
    0.0077399810155232745,
    0.00822206905909947,
    0.0073089599609375,
    0.007628997166951497,
    0.00702840941292899,
    0.007419211523873466,
    0.007242611476353237,
    0.006209850311279297,
    0.008265256881713867,
    0.009613139288766044,
    0.00957240377153669,
    0.008249243100484213,
    0.007165759801864624,
    0.006120204925537109,
    0.01057138442993164,
    0.0043539660317557195,
    0.008629594530378069,
    0.007042258977890015,
    0.006395876407623291,
    0.006194421223231724,
    0.007039546966552734,
    0.010399770736694337,
    0.009068926175435385,
    0.010563492774963379,
    0.009556134541829428,
    0.006885051727294922,
    0.008710759026663644,
    0.008563101291656494,
    0.009462629045758928
  ],
  "checkpoint_metrics": {
    "100": {
      "avg_reward": 0.4,
      "avg_length": 6.35,
      "avg_step_time_ms": 9.277410847800118
    }
  }
}