{
  "episode_rewards": [
    -1.0,
    -1.0,
    0.0,
    1.0,
    -1.0,
    1.0,
    1.0,
    1.0,
    -1.0,
    1.0,
    1.0,
    1.0,
    1.0,
    1.0,
    1.0,
    -1.0,
    1.0,
    -1.0,
    1.0,
    1.0,
    -1.0,
    -1.0,
    -1.0,
    -1.0,
    -1.0,
    0.0,
    -1.0,
    1.0,
    1.0,
    1.0,
    1.0,
    1.0,
    1.0,
    1.0,
    1.0,
    1.0,
    1.0,
    1.0,
    -1.0,
    -1.0,
    1.0,
    -1.0,
    1.0,
    1.0,
    -1.0,
    1.0,
    1.0,
    -1.0,
    1.0,
    1.0,
    1.0,
    -1.0,
    1.0,
    1.0,
    1.0,
    1.0,
    -1.0,
    1.0,
    -1.0,
    1.0,
    1.0,
    -1.0,
    1.0,
    1.0,
    -1.0,
    1.0,
    1.0,
    -1.0,
    -1.0,
    1.0,
    -1.0,
    1.0,
    1.0,
    1.0,
    1.0,
    1.0,
    1.0,
    1.0,
    -1.0,
    1.0,
    1.0,
    -1.0,
    1.0,
    1.0,
    1.0,
    1.0,
    1.0,
    -1.0,
    -1.0,
    1.0,
    1.0,
    -1.0,
    1.0,
    1.0,
    1.0,
    1.0,
    1.0,
    1.0,
    -1.0,
    -1.0
  ],
  "episode_lengths": [
    5,
    6,
    8,
    7,
    6,
    8,
    4,
    7,
    6,
    7,
    6,
    8,
    7,
    7,
    7,
    7,
    7,
    6,
    4,
    7,
    7,
    7,
    7,
    7,
    7,
    8,
    6,
    8,
    5,
    5,
    8,
    8,
    4,
    6,
    6,
    7,
    6,
    5,
    7,
    6,
    6,
    6,
    6,
    5,
    8,
    6,
    6,
    5,
    7,
    6,
    7,
    6,
    8,
    7,
    7,
    6,
    5,
    7,
    8,
    7,
    5,
    5,
    6,
    8,
    6,
    6,
    6,
    7,
    7,
    6,
    8,
    7,
    7,
    7,
    6,
    7,
    6,
    7,
    5,
    6,
    7,
    6,
    8,
    7,
    6,
    4,
    5,
    7,
    5,
    7,
    8,
    6,
    5,
    8,
    7,
    7,
    5,
    8,
    7,
    7
  ],
  "step_times": [
    0.008990764617919922,
    0.006229400634765625,
    0.007871776819229126,
    0.007784196308680943,
    0.007522304852803548,
    0.00410228967666626,
    0.008304715156555176,
    0.008817808968680245,
    0.00755155086517334,
    0.00609135627746582,
    0.011239449183146158,
    0.010204851627349854,
    0.009461641311645508,
    0.010880913053240095,
    0.01183468954903739,
    0.010383469717843192,
    0.009116479328700475,
    0.011105497678120932,
    0.009353339672088623,
    0.009538991110665458,
    0.011959586824689592,
    0.010451555252075195,
    0.010881458009992327,
    0.011126450129917689,
    0.00916743278503418,
    0.011385232210159302,
    0.010848164558410645,
    0.00857362151145935,
    0.016694164276123045,
    0.014844512939453125,
    0.010722905397415161,
    0.009133517742156982,
    0.012497544288635254,
    0.011220057805379232,
    0.010988473892211914,
    0.009566409247262138,
    0.011779069900512695,
    0.01227569580078125,
    0.0107356139591762,
    0.009607235590616861,
    0.01372830073038737,
    0.011728644371032715,
    0.010921955108642578,
    0.011313056945800782,
    0.009891092777252197,
    0.010387380917867025,
    0.011697848637898764,
    0.01121535301208496,
    0.01070049830845424,
    0.010869542757670084,
    0.010149887629917689,
    0.010971943537394205,
    0.010429799556732178,
    0.011326960154942103,
    0.009573119027273995,
    0.011813163757324219,
    0.012273693084716797,
    0.009696653911045619,
    0.011102050542831421,
    0.010959114347185408,
    0.011848783493041993,
    0.011742687225341797,
    0.00831743081410726,
    0.011156231164932251,
    0.010153373082478842,
    0.011263330777486166,
    0.010911067326863607,
    0.010443176542009627,
    0.01095730917794364,
    0.011834144592285156,
    0.009877711534500122,
    0.009590864181518555,
    0.010826689856392997,
    0.009643997464861189,
    0.010131359100341797,
    0.011720963886805944,
    0.011467854181925455,
    0.010951961789812361,
    0.010728216171264649,
    0.010560870170593262,
    0.009978771209716797,
    0.011222163836161295,
    0.01100623607635498,
    0.008413519178118025,
    0.011692563692728678,
    0.011511087417602539,
    0.011066055297851563,
    0.010922908782958984,
    0.012285947799682617,
    0.010650021689278739,
    0.010196149349212646,
    0.01210176944732666,
    0.012364864349365234,
    0.00821065902709961,
    0.012015819549560547,
    0.01131432397024972,
    0.01039276123046875,
    0.010496646165847778,
    0.010756254196166992,
    0.01061943599155971
  ],
  "checkpoint_metrics": {
    "100": {
      "avg_reward": 0.4,
      "avg_length": 6.7,
      "avg_step_time_ms": 7.15916864928745
    }
  }
}