{
  "episode_rewards": [
    1.0,
    -1.0,
    -1.0,
    -1.0,
    1.0,
    -1.0,
    1.0,
    1.0,
    -1.0,
    1.0,
    1.0,
    1.0,
    -1.0,
    -1.0,
    -1.0,
    -1.0,
    -1.0,
    1.0,
    -1.0,
    1.0,
    -1.0,
    1.0,
    1.0,
    1.0,
    1.0,
    1.0,
    1.0,
    1.0,
    1.0,
    1.0,
    1.0,
    -1.0,
    -1.0,
    -1.0,
    1.0,
    -1.0,
    1.0,
    1.0,
    -1.0,
    1.0,
    1.0,
    -1.0,
    -1.0,
    1.0,
    1.0,
    1.0,
    1.0,
    -1.0,
    -1.0,
    -1.0,
    1.0,
    1.0,
    1.0,
    1.0,
    1.0,
    1.0,
    1.0,
    1.0,
    -1.0,
    1.0,
    -1.0,
    -1.0,
    1.0,
    -1.0,
    1.0,
    1.0,
    -1.0,
    1.0,
    -1.0,
    1.0,
    1.0,
    -1.0,
    1.0,
    -1.0,
    -1.0,
    -1.0,
    1.0,
    1.0,
    -1.0,
    -1.0,
    1.0,
    -1.0,
    1.0,
    1.0,
    -1.0,
    -1.0,
    1.0,
    -1.0,
    -1.0,
    -1.0,
    1.0,
    1.0,
    -1.0,
    -1.0,
    1.0,
    -1.0,
    -1.0,
    -1.0,
    -1.0,
    -1.0
  ],
  "episode_lengths": [
    7,
    7,
    7,
    7,
    7,
    7,
    5,
    7,
    7,
    5,
    6,
    6,
    7,
    2,
    7,
    7,
    5,
    6,
    7,
    6,
    5,
    4,
    4,
    6,
    5,
    4,
    5,
    4,
    7,
    4,
    7,
    6,
    5,
    6,
    3,
    8,
    7,
    6,
    6,
    5,
    5,
    6,
    5,
    7,
    5,
    6,
    5,
    4,
    7,
    7,
    4,
    5,
    7,
    5,
    4,
    7,
    7,
    6,
    5,
    7,
    5,
    7,
    6,
    4,
    8,
    4,
    4,
    6,
    7,
    7,
    6,
    4,
    6,
    5,
    6,
    8,
    6,
    7,
    3,
    5,
    5,
    7,
    8,
    6,
    4,
    6,
    6,
    4,
    5,
    5,
    4,
    5,
    7,
    3,
    7,
    7,
    6,
    7,
    4,
    8
  ],
  "step_times": [
    0.011610337666102819,
    0.010523148945399694,
    0.008694784981863839,
    0.008668831416538783,
    0.009196043014526367,
    0.010968344552176339,
    0.010465860366821289,
    0.009975637708391463,
    0.010365009307861328,
    0.011305809020996094,
    0.009734233220418295,
    0.01028005282084147,
    0.010456596102033342,
    0.012898445129394531,
    0.009927170617239816,
    0.011486462184361048,
    0.012121295928955078,
    0.010879317919413248,
    0.010772092001778739,
    0.00952474276224772,
    0.010940027236938477,
    0.011309981346130371,
    0.011281609535217285,
    0.007886966069539389,
    0.010544681549072265,
    0.011089801788330078,
    0.010510015487670898,
    0.011414051055908203,
    0.009571313858032227,
    0.011049509048461914,
    0.008747782026018416,
    0.01109619935353597,
    0.011808013916015625,
    0.00963123639424642,
    0.012085437774658203,
    0.01086968183517456,
    0.009995903287615095,
    0.010027011235555014,
    0.010784347852071127,
    0.011210870742797852,
    0.01092672348022461,
    0.010930935541788736,
    0.011266803741455078,
    0.00945070811680385,
    0.010988521575927734,
    0.010243654251098633,
    0.01026930809020996,
    0.011999905109405518,
    0.010217530386788505,
    0.009455033711024694,
    0.010967016220092773,
    0.010753250122070313,
    0.009655884334019251,
    0.011376571655273438,
    0.010220766067504883,
    0.010190861565726144,
    0.009774650846208845,
    0.01128387451171875,
    0.010966968536376954,
    0.009233849389212472,
    0.01105194091796875,
    0.010630539485386439,
    0.011296312014261881,
    0.011648237705230713,
    0.009533584117889404,
    0.012126326560974121,
    0.012638390064239502,
    0.010792056719462076,
    0.010075194495064872,
    0.009088175637381417,
    0.01159342130025228,
    0.011457562446594238,
    0.010309298833211264,
    0.010363197326660157,
    0.01070547103881836,
    0.009218454360961914,
    0.009871919949849447,
    0.009696619851248605,
    0.01209115982055664,
    0.009212732315063477,
    0.009940719604492188,
    0.010567154203142439,
    0.008952111005783081,
    0.010213931401570639,
    0.011701643466949463,
    0.010513941446940104,
    0.009523232777913412,
    0.011844158172607422,
    0.01031026840209961,
    0.01061253547668457,
    0.011600255966186523,
    0.011398935317993164,
    0.010916539600917272,
    0.01231686274210612,
    0.009555339813232422,
    0.01111429078238351,
    0.010280330975850424,
    0.009928907666887556,
    0.011060059070587158,
    0.010314851999282837
  ],
  "checkpoint_metrics": {
    "100": {
      "avg_reward": 0.0,
      "avg_length": 5.55,
      "avg_step_time_ms": 0.25093664725621545
    }
  }
}