{
  "episode_rewards": [
    1.0,
    1.0,
    1.0,
    -1.0,
    -1.0,
    -1.0,
    -1.0,
    -1.0,
    1.0,
    -1.0,
    1.0,
    -1.0,
    1.0,
    -1.0,
    1.0,
    1.0,
    -1.0,
    1.0,
    1.0,
    1.0,
    -1.0,
    -1.0,
    -1.0,
    -1.0,
    -1.0,
    -1.0,
    -1.0,
    -1.0,
    1.0,
    -1.0,
    -1.0,
    -1.0,
    -1.0,
    1.0,
    -1.0,
    -1.0,
    1.0,
    -1.0,
    -1.0,
    -1.0,
    1.0,
    1.0,
    -1.0,
    -1.0,
    1.0,
    1.0,
    -1.0,
    1.0,
    -1.0,
    -1.0,
    -1.0,
    -1.0,
    1.0,
    -1.0,
    1.0,
    1.0,
    1.0,
    1.0,
    -1.0,
    1.0,
    1.0,
    1.0,
    1.0,
    -1.0,
    1.0,
    1.0,
    -1.0,
    1.0,
    1.0,
    1.0,
    1.0,
    0.0,
    1.0,
    1.0,
    -1.0,
    -1.0,
    1.0,
    1.0,
    1.0,
    -1.0,
    1.0,
    -1.0,
    1.0,
    -1.0,
    -1.0,
    -1.0,
    1.0,
    -1.0,
    -1.0,
    1.0,
    -1.0,
    1.0,
    -1.0,
    1.0,
    -1.0,
    -1.0,
    1.0,
    1.0,
    -1.0,
    1.0
  ],
  "episode_lengths": [
    6,
    5,
    5,
    3,
    7,
    4,
    7,
    6,
    7,
    6,
    4,
    6,
    7,
    7,
    8,
    4,
    5,
    5,
    8,
    6,
    6,
    7,
    6,
    8,
    4,
    8,
    3,
    7,
    8,
    7,
    8,
    6,
    4,
    8,
    7,
    5,
    6,
    4,
    8,
    6,
    7,
    7,
    5,
    6,
    7,
    7,
    7,
    6,
    6,
    6,
    5,
    8,
    6,
    5,
    6,
    6,
    5,
    8,
    4,
    6,
    5,
    5,
    8,
    5,
    4,
    8,
    3,
    7,
    6,
    6,
    7,
    8,
    7,
    7,
    7,
    6,
    8,
    6,
    4,
    3,
    6,
    6,
    4,
    6,
    5,
    6,
    5,
    6,
    6,
    7,
    6,
    6,
    4,
    6,
    7,
    7,
    6,
    6,
    4,
    6
  ],
  "step_times": [
    0.0042800505956013995,
    0.004029083251953125,
    0.0046924114227294925,
    0.00496061642964681,
    0.004185880933489118,
    0.004594743251800537,
    0.004323278154645648,
    0.0045041243235270185,
    0.00436091423034668,
    0.004281679789225261,
    0.006385147571563721,
    0.004335165023803711,
    0.0044476645333426336,
    0.004377262932913644,
    0.004345893859863281,
    0.004998922348022461,
    0.004772996902465821,
    0.0044635295867919925,
    0.004271119832992554,
    0.004552960395812988,
    0.005095362663269043,
    0.004478999546595982,
    0.0047455231348673505,
    0.004315584897994995,
    0.004500746726989746,
    0.0044217705726623535,
    0.005055745442708333,
    0.0044394561222621375,
    0.005292117595672607,
    0.004367215292794364,
    0.004641413688659668,
    0.004482587178548177,
    0.004708468914031982,
    0.00433880090713501,
    0.0047452109200613836,
    0.0046616077423095705,
    0.0043928225835164385,
    0.004749715328216553,
    0.004507660865783691,
    0.004391074180603027,
    0.004758085523332868,
    0.004366295678274972,
    0.004470300674438476,
    0.004338939984639485,
    0.004306793212890625,
    0.00453669684273856,
    0.004538467952183315,
    0.004369457562764485,
    0.004472057024637858,
    0.004432082176208496,
    0.005007743835449219,
    0.004373133182525635,
    0.004571835199991862,
    0.004461669921875,
    0.004567742347717285,
    0.0044861634572347,
    0.004384422302246093,
    0.004285156726837158,
    0.00486522912979126,
    0.004630724589029948,
    0.004827356338500977,
    0.004360485076904297,
    0.004294842481613159,
    0.0044840812683105465,
    0.004506409168243408,
    0.004508346319198608,
    0.004596630732218425,
    0.004537922995431083,
    0.004581809043884277,
    0.0050411224365234375,
    0.0048334598541259766,
    0.004576563835144043,
    0.004427126475742885,
    0.0043414320264543805,
    0.0044350964682442805,
    0.004529237747192383,
    0.004624366760253906,
    0.004426399866739909,
    0.004640698432922363,
    0.004995822906494141,
    0.004636247952779134,
    0.005073746045430501,
    0.0045890212059021,
    0.004642883936564128,
    0.0045798301696777345,
    0.004485487937927246,
    0.004635286331176758,
    0.004425048828125,
    0.004548350969950358,
    0.004567248480660575,
    0.004833539326985677,
    0.0042906999588012695,
    0.004931032657623291,
    0.004318594932556152,
    0.004326888493129185,
    0.004536730902535575,
    0.004764397939046224,
    0.00455621878306071,
    0.004464864730834961,
    0.0042336781819661455
  ],
  "checkpoint_metrics": {
    "100": {
      "avg_reward": 0.0,
      "avg_length": 5.9,
      "avg_step_time_ms": 4.210773053623382
    }
  }
}