{
  "episode_rewards": [
    1.0,
    1.0,
    -1.0,
    1.0,
    1.0,
    -1.0,
    -1.0,
    -1.0,
    1.0,
    1.0,
    -1.0,
    1.0,
    1.0,
    1.0,
    1.0,
    1.0,
    -1.0,
    1.0,
    1.0,
    1.0,
    1.0,
    1.0,
    -1.0,
    1.0,
    1.0,
    0.0,
    1.0,
    0.0,
    1.0,
    -1.0,
    0.0,
    1.0,
    1.0,
    0.0,
    -1.0,
    1.0,
    -1.0,
    1.0,
    1.0,
    1.0,
    -1.0,
    1.0,
    1.0,
    1.0,
    -1.0,
    1.0,
    1.0,
    1.0,
    1.0,
    1.0,
    1.0,
    1.0,
    1.0,
    1.0,
    -1.0,
    -1.0,
    1.0,
    -1.0,
    -1.0,
    -1.0,
    -1.0,
    1.0,
    1.0,
    1.0,
    1.0,
    -1.0,
    1.0,
    -1.0,
    1.0,
    1.0,
    1.0,
    1.0,
    1.0,
    1.0,
    1.0,
    1.0,
    1.0,
    1.0,
    1.0,
    1.0,
    1.0,
    -1.0,
    1.0,
    -1.0,
    1.0,
    1.0,
    1.0,
    1.0,
    -1.0,
    1.0,
    1.0,
    -1.0,
    1.0,
    1.0,
    -1.0,
    -1.0,
    1.0,
    0.0,
    1.0,
    1.0
  ],
  "episode_lengths": [
    8,
    7,
    7,
    6,
    6,
    6,
    7,
    8,
    6,
    6,
    6,
    7,
    8,
    6,
    7,
    8,
    6,
    8,
    5,
    7,
    8,
    7,
    7,
    6,
    6,
    8,
    7,
    8,
    7,
    7,
    8,
    4,
    6,
    8,
    6,
    7,
    6,
    8,
    8,
    7,
    7,
    5,
    6,
    8,
    5,
    5,
    5,
    6,
    5,
    5,
    5,
    5,
    5,
    7,
    7,
    5,
    6,
    6,
    6,
    7,
    6,
    8,
    7,
    5,
    4,
    7,
    5,
    6,
    5,
    7,
    6,
    6,
    8,
    6,
    6,
    7,
    7,
    5,
    7,
    5,
    6,
    8,
    7,
    8,
    8,
    5,
    8,
    8,
    7,
    7,
    7,
    5,
    5,
    7,
    6,
    6,
    6,
    8,
    5,
    7
  ],
  "step_times": [
    0.00740128755569458,
    0.005809579576764788,
    0.008014236177716936,
    0.00760189692179362,
    0.007177670796712239,
    0.007020314534505208,
    0.009753601891653878,
    0.00550803542137146,
    0.008327285448710123,
    0.008334716161092123,
    0.008264303207397461,
    0.00717541149684361,
    0.006957322359085083,
    0.007198611895243327,
    0.005606344767979213,
    0.00596308708190918,
    0.007896780967712402,
    0.007453322410583496,
    0.008140945434570312,
    0.007209232875279018,
    0.0073244571685791016,
    0.007229055677141462,
    0.007075854710170201,
    0.008445660273234049,
    0.006677985191345215,
    0.007398337125778198,
    0.005754538944789341,
    0.006315261125564575,
    0.009454795292445592,
    0.007767302649361747,
    0.007018595933914185,
    0.005498766899108887,
    0.010104060173034668,
    0.00750306248664856,
    0.007701675097147624,
    0.007970503398350306,
    0.008579492568969727,
    0.005342334508895874,
    0.00624316930770874,
    0.007151671818324498,
    0.007186991827828544,
    0.009852218627929687,
    0.008698701858520508,
    0.0065315961837768555,
    0.009620571136474609,
    0.012338542938232422,
    0.010334920883178712,
    0.00993804136912028,
    0.00941324234008789,
    0.00876927375793457,
    0.01220874786376953,
    0.008693599700927734,
    0.009353399276733398,
    0.008500031062534876,
    0.010226351874215263,
    0.012533426284790039,
    0.011012792587280273,
    0.011182188987731934,
    0.010279178619384766,
    0.00948469979422433,
    0.010921676953633627,
    0.00956958532333374,
    0.008571829114641463,
    0.012109899520874023,
    0.013605237007141113,
    0.00854590960911342,
    0.011641883850097656,
    0.012273033459981283,
    0.011003494262695312,
    0.0103715147290911,
    0.010400811831156412,
    0.010951677958170572,
    0.008966535329818726,
    0.008831659952799479,
    0.010096073150634766,
    0.01000666618347168,
    0.00792081015450614,
    0.01126399040222168,
    0.009712559836251395,
    0.010509729385375977,
    0.010838786760965982,
    0.009265780448913574,
    0.010646956307547433,
    0.008445054292678833,
    0.00872078537940979,
    0.012155246734619141,
    0.009203493595123291,
    0.008455991744995117,
    0.008677176066807337,
    0.00866767338344029,
    0.006368330546787807,
    0.012106990814208985,
    0.011030197143554688,
    0.0077086516789027625,
    0.011273344357808432,
    0.007421056429545085,
    0.007855534553527832,
    0.00819307565689087,
    0.010269880294799805,
    0.008075884410313197
  ],
  "checkpoint_metrics": {
    "100": {
      "avg_reward": 0.7,
      "avg_length": 6.15,
      "avg_step_time_ms": 8.947775874819072
    }
  }
}