{
  "episode_rewards": [
    1.0,
    -1.0,
    -1.0,
    -1.0,
    -1.0,
    1.0,
    1.0,
    1.0,
    1.0,
    1.0,
    -1.0,
    1.0,
    -1.0,
    1.0,
    -1.0,
    1.0,
    -1.0,
    1.0,
    -1.0,
    -1.0,
    -1.0,
    -1.0,
    -1.0,
    1.0,
    -1.0,
    1.0,
    -1.0,
    1.0,
    1.0,
    1.0,
    -1.0,
    -1.0,
    -1.0,
    -1.0,
    1.0,
    -1.0,
    -1.0,
    -1.0,
    1.0,
    1.0,
    -1.0,
    -1.0,
    1.0,
    -1.0,
    -1.0,
    -1.0,
    -1.0,
    -1.0,
    -1.0,
    -1.0,
    -1.0,
    1.0,
    1.0,
    -1.0,
    -1.0,
    -1.0,
    -1.0,
    -1.0,
    0.0,
    -1.0,
    -1.0,
    1.0,
    -1.0,
    -1.0,
    1.0,
    -1.0,
    1.0,
    1.0,
    1.0,
    1.0,
    -1.0,
    -1.0,
    -1.0,
    -1.0,
    1.0,
    1.0,
    -1.0,
    -1.0,
    -1.0,
    1.0,
    -1.0,
    -1.0,
    0.0,
    1.0,
    1.0,
    -1.0,
    -1.0,
    -1.0,
    -1.0,
    -1.0,
    -1.0,
    -1.0,
    1.0,
    1.0,
    -1.0,
    -1.0,
    -1.0,
    -1.0,
    1.0,
    0.0
  ],
  "episode_lengths": [
    5,
    6,
    5,
    4,
    7,
    5,
    8,
    5,
    6,
    5,
    5,
    7,
    6,
    8,
    7,
    7,
    5,
    5,
    7,
    7,
    6,
    5,
    8,
    6,
    4,
    8,
    5,
    5,
    7,
    7,
    4,
    8,
    4,
    5,
    7,
    6,
    8,
    7,
    7,
    3,
    6,
    7,
    7,
    8,
    7,
    7,
    8,
    6,
    7,
    5,
    6,
    6,
    4,
    5,
    5,
    4,
    5,
    6,
    8,
    5,
    5,
    6,
    7,
    6,
    6,
    5,
    8,
    6,
    6,
    5,
    4,
    6,
    7,
    5,
    6,
    7,
    8,
    6,
    5,
    7,
    8,
    5,
    8,
    7,
    7,
    7,
    6,
    6,
    6,
    7,
    3,
    6,
    8,
    8,
    3,
    6,
    4,
    7,
    6,
    8
  ],
  "step_times": [
    0.0006634712219238282,
    0.0003910064697265625,
    0.0003761768341064453,
    0.0004029273986816406,
    0.0003860337393624442,
    0.0004929065704345703,
    0.0005398392677307129,
    0.00037565231323242185,
    0.00034932295481363934,
    0.0003576755523681641,
    0.0005104541778564453,
    0.00034543446132114956,
    0.0004208485285441081,
    0.0003941655158996582,
    0.0003593989780970982,
    0.00046443939208984375,
    0.0003773212432861328,
    0.0003566265106201172,
    0.0004349095480782645,
    0.0004070486341203962,
    0.00047377745310465497,
    0.00037598609924316406,
    0.00035962462425231934,
    0.0003592570622762044,
    0.0005246400833129883,
    0.0004094839096069336,
    0.00037889480590820314,
    0.0003567218780517578,
    0.000337498528616769,
    0.0003388949802943638,
    0.00046384334564208984,
    0.0004322826862335205,
    0.00047004222869873047,
    0.00038127899169921876,
    0.00035384723118373325,
    0.00038162867228190106,
    0.00038042664527893066,
    0.0004266330174037388,
    0.0003876004900251116,
    0.00041929880777994793,
    0.0003871917724609375,
    0.0003616809844970703,
    0.0003617491040910993,
    0.00040781497955322266,
    0.00040418761117117744,
    0.0003784384046282087,
    0.00038293004035949707,
    0.00037030378977457684,
    0.00036205564226422993,
    0.000689840316772461,
    0.000491023063659668,
    0.00034479300181070965,
    0.0003986954689025879,
    0.0003830432891845703,
    0.00037860870361328125,
    0.0005568265914916992,
    0.0006894588470458985,
    0.00038444995880126953,
    0.0003814101219177246,
    0.00041556358337402344,
    0.0005481243133544922,
    0.0006377299626668295,
    0.000400611332484654,
    0.0003606081008911133,
    0.0003426472345987956,
    0.00047864913940429685,
    0.00038424134254455566,
    0.0005097389221191406,
    0.00037169456481933594,
    0.00035996437072753905,
    0.0005967020988464355,
    0.00036676724751790363,
    0.0003758158002580915,
    0.0004885673522949218,
    0.00039128462473551434,
    0.00039969171796526225,
    0.00037670135498046875,
    0.00036585330963134766,
    0.000373077392578125,
    0.0006380421774727958,
    0.00041860342025756836,
    0.00039153099060058595,
    0.0003656148910522461,
    0.000349146979195731,
    0.00037159238542829243,
    0.00041491644723074775,
    0.00037988026936848957,
    0.0003654956817626953,
    0.0003572702407836914,
    0.0003598076956612723,
    0.0005031426747639974,
    0.0005650917689005533,
    0.00036340951919555664,
    0.00035116076469421387,
    0.00045188268025716144,
    0.0003894964853922526,
    0.00040668249130249023,
    0.0004359994615827288,
    0.0006232659022013346,
    0.0004884600639343262
  ],
  "checkpoint_metrics": {
    "100": {
      "avg_reward": -0.05,
      "avg_length": 6.6,
      "avg_step_time_ms": 0.24494670686267667
    }
  }
}