{
  "episode_rewards": [
    1.0,
    1.0,
    1.0,
    1.0,
    1.0,
    -1.0,
    -1.0,
    1.0,
    1.0,
    -1.0,
    1.0,
    1.0,
    1.0,
    1.0,
    1.0,
    1.0,
    1.0,
    1.0,
    1.0,
    1.0,
    1.0,
    1.0,
    1.0,
    1.0,
    1.0,
    1.0,
    1.0,
    -1.0,
    1.0,
    1.0,
    1.0,
    1.0,
    1.0,
    1.0,
    1.0,
    -1.0,
    1.0,
    1.0,
    1.0,
    1.0,
    -1.0,
    1.0,
    1.0,
    1.0,
    -1.0,
    1.0,
    -1.0,
    1.0,
    1.0,
    1.0,
    -1.0,
    -1.0,
    1.0,
    1.0,
    1.0,
    1.0,
    1.0,
    1.0,
    1.0,
    -1.0,
    1.0,
    1.0,
    1.0,
    1.0,
    1.0,
    1.0,
    1.0,
    1.0,
    1.0,
    1.0,
    1.0,
    1.0,
    1.0,
    1.0,
    1.0,
    1.0,
    1.0,
    1.0,
    1.0,
    1.0,
    1.0,
    1.0,
    1.0,
    1.0,
    1.0,
    1.0,
    1.0,
    1.0,
    1.0,
    1.0,
    1.0,
    1.0,
    1.0,
    1.0,
    1.0,
    1.0,
    1.0,
    1.0,
    1.0,
    1.0
  ],
  "episode_lengths": [
    4,
    5,
    4,
    6,
    5,
    3,
    5,
    4,
    7,
    5,
    3,
    5,
    7,
    6,
    5,
    7,
    4,
    6,
    5,
    4,
    5,
    4,
    4,
    5,
    3,
    6,
    4,
    5,
    4,
    3,
    6,
    4,
    6,
    4,
    6,
    8,
    3,
    8,
    6,
    5,
    5,
    4,
    3,
    5,
    5,
    3,
    4,
    4,
    5,
    4,
    5,
    4,
    7,
    8,
    4,
    4,
    3,
    5,
    4,
    4,
    6,
    5,
    5,
    4,
    8,
    4,
    5,
    5,
    5,
    5,
    5,
    6,
    4,
    5,
    4,
    7,
    6,
    6,
    4,
    6,
    4,
    3,
    5,
    7,
    6,
    4,
    3,
    7,
    6,
    7,
    6,
    5,
    4,
    6,
    4,
    4,
    4,
    5,
    4,
    5
  ],
  "step_times": [
    0.21990811824798584,
    0.18860220909118652,
    0.21965283155441284,
    0.16721272468566895,
    0.2374728202819824,
    0.4199868043263753,
    0.2043527126312256,
    0.2145565152168274,
    0.1499603816441127,
    0.19674077033996581,
    0.25426149368286133,
    0.18414640426635742,
    0.16272991044180735,
    0.1655698617299398,
    0.1996138572692871,
    0.15529537200927734,
    0.21824496984481812,
    0.16573758920033774,
    0.18378777503967286,
    0.22547376155853271,
    0.19525570869445802,
    0.21818143129348755,
    0.2230370044708252,
    0.19394702911376954,
    0.24863759676615396,
    0.16599591573079428,
    0.21558880805969238,
    0.18475003242492677,
    0.21923285722732544,
    0.24687639872233072,
    0.17341705163319907,
    0.21946579217910767,
    0.17174490292867026,
    0.22265613079071045,
    0.1663140058517456,
    0.1484552025794983,
    0.25863170623779297,
    0.1401137411594391,
    0.17241827646891275,
    0.19618782997131348,
    0.19827117919921874,
    0.2236819863319397,
    0.2481240431467692,
    0.18409066200256347,
    0.20021252632141112,
    0.25489290555318195,
    0.21921861171722412,
    0.21600013971328735,
    0.2041114330291748,
    0.22220522165298462,
    0.19014692306518555,
    0.21989846229553223,
    0.15478685923985072,
    0.15005934238433838,
    0.20679569244384766,
    0.22407889366149902,
    0.2458646297454834,
    0.20778851509094237,
    0.2237401008605957,
    0.23195642232894897,
    0.17535154024759927,
    0.2012359619140625,
    0.19517817497253417,
    0.23635143041610718,
    0.13234126567840576,
    0.22291159629821777,
    0.19244580268859862,
    0.196199369430542,
    0.1967311382293701,
    0.18835773468017578,
    0.19929347038269044,
    0.17694715658823648,
    0.22787970304489136,
    0.18893065452575683,
    0.20968246459960938,
    0.15476305144173758,
    0.16832661628723145,
    0.17816718419392905,
    0.2128087878227234,
    0.1656037171681722,
    0.21630960702896118,
    0.24340120951334634,
    0.19124245643615723,
    0.14639323098318918,
    0.17222976684570312,
    0.22479867935180664,
    0.2561562856038411,
    0.14849700246538436,
    0.16552333037058511,
    0.15034174919128418,
    0.16401966412862143,
    0.18752765655517578,
    0.2285589575767517,
    0.18050599098205566,
    0.21971720457077026,
    0.21497780084609985,
    0.2154117226600647,
    0.18520522117614746,
    0.2289111614227295,
    0.19950270652770996
  ],
  "checkpoint_metrics": {
    "100": {
      "avg_reward": 0.8,
      "avg_length": 4.65,
      "avg_step_time_ms": 205.20627277238026
    }
  }
}