{
  "episode_rewards": [
    -1.0,
    1.0,
    1.0,
    -1.0,
    -1.0,
    1.0,
    1.0,
    -1.0,
    1.0,
    1.0,
    1.0,
    1.0,
    -1.0,
    1.0,
    1.0,
    1.0,
    1.0,
    1.0,
    1.0,
    1.0,
    0.0,
    -1.0,
    -1.0,
    1.0,
    1.0,
    1.0,
    1.0,
    1.0,
    1.0,
    1.0,
    -1.0,
    1.0,
    1.0,
    1.0,
    -1.0,
    1.0,
    -1.0,
    1.0,
    1.0,
    -1.0,
    1.0,
    1.0,
    1.0,
    1.0,
    -1.0,
    1.0,
    -1.0,
    1.0,
    -1.0,
    1.0,
    1.0,
    -1.0,
    1.0,
    1.0,
    -1.0,
    1.0,
    1.0,
    1.0,
    -1.0,
    -1.0,
    -1.0,
    -1.0,
    -1.0,
    1.0,
    1.0,
    1.0,
    -1.0,
    -1.0,
    1.0,
    1.0,
    1.0,
    1.0,
    1.0,
    -1.0,
    1.0,
    1.0,
    1.0,
    1.0,
    -1.0,
    1.0,
    1.0,
    1.0,
    1.0,
    -1.0,
    -1.0,
    1.0,
    1.0,
    1.0,
    1.0,
    1.0,
    1.0,
    -1.0,
    -1.0,
    1.0,
    1.0,
    1.0,
    1.0,
    1.0,
    1.0,
    -1.0
  ],
  "episode_lengths": [
    6,
    8,
    8,
    6,
    5,
    7,
    7,
    6,
    7,
    5,
    8,
    8,
    7,
    6,
    5,
    4,
    8,
    7,
    7,
    5,
    8,
    5,
    6,
    7,
    5,
    6,
    6,
    6,
    7,
    6,
    8,
    6,
    7,
    7,
    7,
    7,
    8,
    8,
    6,
    6,
    6,
    7,
    7,
    7,
    7,
    5,
    8,
    8,
    5,
    8,
    5,
    5,
    7,
    6,
    8,
    7,
    5,
    6,
    6,
    6,
    7,
    6,
    7,
    7,
    5,
    6,
    5,
    6,
    6,
    4,
    6,
    7,
    6,
    6,
    5,
    5,
    5,
    5,
    7,
    6,
    7,
    8,
    7,
    7,
    7,
    6,
    5,
    8,
    8,
    7,
    6,
    6,
    7,
    8,
    7,
    4,
    7,
    6,
    4,
    7
  ],
  "step_times": [
    0.008814732233683268,
    0.007763296365737915,
    0.008322656154632568,
    0.011142452557881674,
    0.006641101837158203,
    0.007515123912266323,
    0.00675511360168457,
    0.00935351848602295,
    0.009399243763514928,
    0.012429189682006837,
    0.009173750877380371,
    0.007300674915313721,
    0.008054188319614955,
    0.007348895072937012,
    0.012090349197387695,
    0.009868502616882324,
    0.008301913738250732,
    0.007011788231985909,
    0.00735405513218471,
    0.0068399906158447266,
    0.008252084255218506,
    0.011933708190917968,
    0.006780147552490234,
    0.008101327078683036,
    0.008645725250244141,
    0.008207201957702637,
    0.005737781524658203,
    0.011860052744547525,
    0.003971781049455915,
    0.00954751173655192,
    0.005884647369384766,
    0.009658018747965494,
    0.005613463265555245,
    0.006977728434971401,
    0.008562428610665458,
    0.005653313228062221,
    0.006270945072174072,
    0.006212115287780762,
    0.009756088256835938,
    0.006918787956237793,
    0.00950328509012858,
    0.007681540080479213,
    0.005241428102765765,
    0.0075947557176862445,
    0.006952898842947823,
    0.008516025543212891,
    0.00605696439743042,
    0.0062811970710754395,
    0.008000373840332031,
    0.005932986736297607,
    0.010099983215332032,
    0.007791662216186523,
    0.006998675210135323,
    0.007710417111714681,
    0.006506562232971191,
    0.00634077617100307,
    0.008184814453125,
    0.007839043935139975,
    0.007298429807027181,
    0.007985552151997885,
    0.005847385951450893,
    0.008273919423421225,
    0.00719451904296875,
    0.008696385792323522,
    0.00893230438232422,
    0.007767160733540853,
    0.009238147735595703,
    0.00824435551961263,
    0.008502046267191568,
    0.008306622505187988,
    0.00817402203877767,
    0.008051838193620955,
    0.007539510726928711,
    0.008214513460795084,
    0.009250688552856445,
    0.007365703582763672,
    0.009955310821533203,
    0.006751251220703125,
    0.007763964789254325,
    0.009348511695861816,
    0.005749906812395368,
    0.006296783685684204,
    0.007135186876569476,
    0.008472067969185966,
    0.0070596081869942805,
    0.006570657094319661,
    0.010236263275146484,
    0.006192624568939209,
    0.00707244873046875,
    0.006020920617239816,
    0.008814016977945963,
    0.007831176122029623,
    0.007060527801513672,
    0.006317645311355591,
    0.008077383041381836,
    0.010028421878814697,
    0.0050737857818603516,
    0.012497385342915853,
    0.010164856910705566,
    0.009384700230189733
  ],
  "checkpoint_metrics": {
    "100": {
      "avg_reward": 0.3,
      "avg_length": 6.5,
      "avg_step_time_ms": 7.720806910878137
    }
  }
}