{
  "episode_rewards": [
    1.0,
    1.0,
    0.0,
    1.0,
    1.0,
    -1.0,
    -1.0,
    -1.0,
    -1.0,
    -1.0,
    1.0,
    1.0,
    -1.0,
    1.0,
    1.0,
    -1.0,
    1.0,
    1.0,
    1.0,
    -1.0,
    -1.0,
    1.0,
    -1.0,
    1.0,
    1.0,
    1.0,
    -1.0,
    -1.0,
    -1.0,
    1.0,
    -1.0,
    1.0,
    1.0,
    -1.0,
    -1.0,
    -1.0,
    1.0,
    -1.0,
    -1.0,
    -1.0,
    1.0,
    1.0,
    1.0,
    1.0,
    1.0,
    1.0,
    1.0,
    -1.0,
    -1.0,
    1.0,
    -1.0,
    1.0,
    -1.0,
    1.0,
    1.0,
    1.0,
    0.0,
    -1.0,
    -1.0,
    1.0,
    1.0,
    1.0,
    1.0,
    1.0,
    -1.0,
    1.0,
    1.0,
    -1.0,
    1.0,
    1.0,
    1.0,
    1.0,
    1.0,
    0.0,
    -1.0,
    1.0,
    1.0,
    -1.0,
    -1.0,
    1.0,
    1.0,
    -1.0,
    1.0,
    1.0,
    -1.0,
    -1.0,
    1.0,
    1.0,
    -1.0,
    1.0,
    1.0,
    -1.0,
    1.0,
    1.0,
    1.0,
    1.0,
    -1.0,
    1.0,
    -1.0,
    -1.0
  ],
  "episode_lengths": [
    8,
    7,
    8,
    7,
    7,
    6,
    8,
    8,
    6,
    8,
    8,
    6,
    6,
    5,
    7,
    6,
    7,
    7,
    6,
    8,
    6,
    5,
    7,
    7,
    6,
    8,
    5,
    6,
    8,
    7,
    6,
    8,
    6,
    6,
    7,
    7,
    6,
    8,
    6,
    6,
    8,
    7,
    8,
    7,
    7,
    7,
    8,
    7,
    6,
    7,
    6,
    8,
    6,
    6,
    8,
    6,
    8,
    7,
    7,
    8,
    5,
    7,
    7,
    7,
    6,
    7,
    5,
    8,
    8,
    7,
    7,
    8,
    8,
    8,
    6,
    4,
    6,
    8,
    6,
    5,
    4,
    6,
    7,
    7,
    4,
    8,
    6,
    7,
    6,
    6,
    8,
    6,
    8,
    8,
    6,
    8,
    6,
    4,
    7,
    6
  ],
  "step_times": [
    0.0074256956577301025,
    0.010732003620692663,
    0.0071675777435302734,
    0.009593554905482702,
    0.009843826293945312,
    0.010661005973815918,
    0.008606255054473877,
    0.008801460266113281,
    0.01021405061086019,
    0.008400976657867432,
    0.008927851915359497,
    0.011203130086263021,
    0.010818243026733398,
    0.009096479415893555,
    0.011220693588256836,
    0.01153111457824707,
    0.009578636714390345,
    0.009495326450892858,
    0.008509318033854166,
    0.009370177984237671,
    0.01167154312133789,
    0.011554336547851563,
    0.01013810294015067,
    0.009566000529697962,
    0.011061708132425943,
    0.008327394723892212,
    0.011556386947631836,
    0.011976043383280436,
    0.007339686155319214,
    0.008568423134940011,
    0.011349360148111979,
    0.0074585676193237305,
    0.008111238479614258,
    0.011052608489990234,
    0.009594338280814034,
    0.010668550218854631,
    0.010588129361470541,
    0.007448941469192505,
    0.01137244701385498,
    0.010111610094706217,
    0.006904274225234985,
    0.010786124638148717,
    0.008603006601333618,
    0.009741340364728655,
    0.011101552418300084,
    0.008464813232421875,
    0.008263945579528809,
    0.00956974710736956,
    0.010887066523234049,
    0.00861804825919015,
    0.00946342945098877,
    0.008881300687789917,
    0.01080648104349772,
    0.010921597480773926,
    0.008201390504837036,
    0.010344664255777994,
    0.009068816900253296,
    0.009362970079694475,
    0.010476180485316686,
    0.008837193250656128,
    0.010940647125244141,
    0.010449920381818498,
    0.008474315915788923,
    0.009365524564470564,
    0.011413931846618652,
    0.009396110262189592,
    0.009926080703735352,
    0.0083884596824646,
    0.009621262550354004,
    0.008630616324288505,
    0.008818932941981725,
    0.00821724534034729,
    0.006356626749038696,
    0.009264498949050903,
    0.01072084903717041,
    0.011195480823516846,
    0.012156367301940918,
    0.008418530225753784,
    0.010228196779886881,
    0.013019609451293945,
    0.01339411735534668,
    0.010592222213745117,
    0.009434325354439872,
    0.009975297110421317,
    0.011843383312225342,
    0.008363842964172363,
    0.01073161760965983,
    0.00883626937866211,
    0.010293006896972656,
    0.010113279024759928,
    0.00838664174079895,
    0.01101541519165039,
    0.008246093988418579,
    0.0062570273876190186,
    0.011803348859151205,
    0.008182764053344727,
    0.010651787122090658,
    0.01157921552658081,
    0.012468031474522181,
    0.010813355445861816
  ],
  "checkpoint_metrics": {
    "100": {
      "avg_reward": 0.4,
      "avg_length": 6.55,
      "avg_step_time_ms": 9.130853897049315
    }
  }
}