{
  "episode_rewards": [
    -1.0,
    -1.0,
    -1.0,
    1.0,
    1.0,
    1.0,
    1.0,
    1.0,
    -1.0,
    -1.0,
    -1.0,
    1.0,
    0.0,
    1.0,
    -1.0,
    -1.0,
    1.0,
    -1.0,
    1.0,
    -1.0,
    -1.0,
    -1.0,
    -1.0,
    -1.0,
    -1.0,
    -1.0,
    1.0,
    1.0,
    -1.0,
    1.0,
    -1.0,
    1.0,
    1.0,
    -1.0,
    1.0,
    -1.0,
    -1.0,
    1.0,
    1.0,
    1.0,
    1.0,
    1.0,
    -1.0,
    1.0,
    -1.0,
    -1.0,
    1.0,
    -1.0,
    -1.0,
    -1.0,
    1.0,
    1.0,
    1.0,
    -1.0,
    1.0,
    1.0,
    1.0,
    -1.0,
    -1.0,
    -1.0,
    1.0,
    1.0,
    1.0,
    -1.0,
    -1.0,
    1.0,
    -1.0,
    1.0,
    1.0,
    1.0,
    -1.0,
    -1.0,
    -1.0,
    1.0,
    -1.0,
    -1.0,
    1.0,
    1.0,
    -1.0,
    -1.0,
    -1.0,
    -1.0,
    1.0,
    1.0,
    -1.0,
    -1.0,
    -1.0,
    -1.0,
    1.0,
    1.0,
    -1.0,
    -1.0,
    1.0,
    -1.0,
    1.0,
    -1.0,
    1.0,
    -1.0,
    -1.0,
    1.0
  ],
  "episode_lengths": [
    5,
    7,
    7,
    8,
    7,
    6,
    7,
    5,
    6,
    6,
    7,
    6,
    8,
    6,
    6,
    7,
    5,
    5,
    7,
    7,
    6,
    5,
    5,
    8,
    8,
    6,
    4,
    4,
    8,
    6,
    6,
    8,
    5,
    3,
    7,
    5,
    7,
    7,
    7,
    6,
    7,
    6,
    6,
    7,
    7,
    5,
    8,
    6,
    4,
    7,
    6,
    5,
    6,
    5,
    4,
    6,
    7,
    6,
    7,
    8,
    7,
    4,
    4,
    4,
    6,
    7,
    5,
    8,
    7,
    6,
    5,
    8,
    8,
    8,
    5,
    7,
    6,
    7,
    4,
    5,
    6,
    7,
    6,
    5,
    6,
    4,
    6,
    6,
    6,
    7,
    6,
    6,
    5,
    5,
    5,
    7,
    7,
    5,
    6,
    5
  ],
  "step_times": [
    0.0005710124969482422,
    0.00045176914760044644,
    0.00044219834463936944,
    0.0004776418209075928,
    0.0005103519984654018,
    0.0005048513412475586,
    0.0004183905465262277,
    0.0004737377166748047,
    0.0004611015319824219,
    0.0008035103480021158,
    0.0005144051143101283,
    0.00044218699137369793,
    0.00045561790466308594,
    0.0005562702814737955,
    0.0005065997441609701,
    0.0005180835723876953,
    0.00047440528869628905,
    0.0004992008209228516,
    0.0004711832318987165,
    0.00047009331839425225,
    0.0005791982014973959,
    0.0004906177520751954,
    0.00048007965087890623,
    0.0005127787590026855,
    0.00048553943634033203,
    0.0005696614583333334,
    0.0005323290824890137,
    0.0005571842193603516,
    0.0005032718181610107,
    0.00048796335856119793,
    0.0004951556523640951,
    0.0004414021968841553,
    0.0005002021789550781,
    0.0009312629699707031,
    0.0004791191646030971,
    0.0006258487701416016,
    0.0004401888166155134,
    0.00043238912309919087,
    0.0005279268537248884,
    0.00044143199920654297,
    0.0005062307630266462,
    0.0004467964172363281,
    0.00044159094492594403,
    0.0005364077431815011,
    0.0004584448678152902,
    0.0005466461181640625,
    0.0004144906997680664,
    0.0005114873250325521,
    0.0006019473075866699,
    0.0004401547568184989,
    0.0005503098169962565,
    0.000467681884765625,
    0.00043924649556477863,
    0.0008838176727294922,
    0.0005139708518981934,
    0.0005279779434204102,
    0.00044413975306919644,
    0.00044484933217366535,
    0.0005421638488769531,
    0.0004378855228424072,
    0.0004912785121372768,
    0.000506281852722168,
    0.0005010366439819336,
    0.0006914138793945312,
    0.0005135138829549154,
    0.0004899842398507255,
    0.00048351287841796875,
    0.000415802001953125,
    0.00046512058803013394,
    0.00046273072560628253,
    0.0006127834320068359,
    0.00043398141860961914,
    0.000421673059463501,
    0.0007100701332092285,
    0.00047883987426757815,
    0.0004820823669433594,
    0.0004450082778930664,
    0.0005510193961007255,
    0.0006685256958007812,
    0.0004771232604980469,
    0.0005303223927815756,
    0.0004456383841378348,
    0.0005136330922444662,
    0.0005382061004638672,
    0.0004565715789794922,
    0.0005871057510375977,
    0.00044596195220947266,
    0.0004526774088541667,
    0.0008283058802286783,
    0.0005079337528773717,
    0.0004957119623819987,
    0.00045339266459147137,
    0.0005220413208007812,
    0.0005606174468994141,
    0.0004712581634521484,
    0.0004698208400181362,
    0.00042748451232910156,
    0.0004784584045410156,
    0.0005567073822021484,
    0.000533294677734375
  ],
  "checkpoint_metrics": {
    "100": {
      "avg_reward": 0.45,
      "avg_length": 6.3,
      "avg_step_time_ms": 0.2903923108464196
    }
  }
}