{
  "episode_rewards": [
    -1.0,
    -1.0,
    0.0,
    1.0,
    -1.0,
    1.0,
    1.0,
    1.0,
    -1.0,
    1.0,
    1.0,
    -1.0,
    1.0,
    1.0,
    -1.0,
    -1.0,
    -1.0,
    -1.0,
    1.0,
    1.0,
    1.0,
    1.0,
    1.0,
    1.0,
    1.0,
    -1.0,
    -1.0,
    1.0,
    1.0,
    1.0,
    1.0,
    1.0,
    1.0,
    1.0,
    -1.0,
    -1.0,
    -1.0,
    -1.0,
    1.0,
    1.0,
    1.0,
    -1.0,
    1.0,
    1.0,
    1.0,
    -1.0,
    1.0,
    1.0,
    1.0,
    1.0,
    -1.0,
    1.0,
    -1.0,
    1.0,
    1.0,
    -1.0,
    0.0,
    1.0,
    1.0,
    -1.0,
    -1.0,
    1.0,
    1.0,
    -1.0,
    1.0,
    -1.0,
    -1.0,
    -1.0,
    -1.0,
    1.0,
    1.0,
    -1.0,
    -1.0,
    -1.0,
    1.0,
    -1.0,
    1.0,
    -1.0,
    1.0,
    1.0,
    1.0,
    1.0,
    -1.0,
    -1.0,
    1.0,
    1.0,
    1.0,
    1.0,
    1.0,
    1.0,
    1.0,
    0.0,
    1.0,
    1.0,
    -1.0,
    1.0,
    -1.0,
    -1.0,
    1.0,
    1.0
  ],
  "episode_lengths": [
    5,
    6,
    8,
    7,
    6,
    8,
    4,
    7,
    6,
    7,
    5,
    6,
    7,
    8,
    7,
    7,
    6,
    4,
    6,
    4,
    7,
    6,
    8,
    7,
    8,
    7,
    6,
    7,
    8,
    5,
    5,
    5,
    6,
    8,
    6,
    8,
    8,
    5,
    6,
    8,
    5,
    6,
    7,
    6,
    7,
    6,
    7,
    8,
    8,
    6,
    6,
    7,
    5,
    6,
    8,
    7,
    8,
    8,
    8,
    6,
    7,
    8,
    6,
    5,
    6,
    7,
    6,
    6,
    6,
    6,
    6,
    6,
    5,
    7,
    7,
    5,
    5,
    5,
    6,
    6,
    6,
    7,
    5,
    7,
    5,
    7,
    5,
    7,
    7,
    7,
    8,
    8,
    4,
    7,
    7,
    5,
    7,
    7,
    7,
    5
  ],
  "step_times": [
    0.009278821945190429,
    0.009333531061808268,
    0.006840825080871582,
    0.00656717164175851,
    0.010531385739644369,
    0.0058197081089019775,
    0.010201096534729004,
    0.007209573473249163,
    0.0049285491307576495,
    0.009347472872052873,
    0.010219669342041016,
    0.01092223326365153,
    0.011773790631975447,
    0.008505195379257202,
    0.011864730290004186,
    0.009617328643798828,
    0.008322676022847494,
    0.016625821590423584,
    0.011168519655863443,
    0.013059735298156738,
    0.008919647761753626,
    0.011138081550598145,
    0.010421007871627808,
    0.010114261082240514,
    0.007864385843276978,
    0.01272031239100865,
    0.009828726450602213,
    0.00974130630493164,
    0.009918808937072754,
    0.010810089111328126,
    0.011201620101928711,
    0.011901664733886718,
    0.011310855547587076,
    0.010251075029373169,
    0.011647661526997885,
    0.010027170181274414,
    0.008480161428451538,
    0.01265573501586914,
    0.01042632261912028,
    0.01010143756866455,
    0.011095142364501953,
    0.008297999699910482,
    0.009790386472429548,
    0.011887749036153158,
    0.011256115777151925,
    0.011118173599243164,
    0.009532928466796875,
    0.01112470030784607,
    0.009662896394729614,
    0.008404890696207682,
    0.01339864730834961,
    0.010484184537615095,
    0.012609910964965821,
    0.010867039362589518,
    0.008782029151916504,
    0.009004490716116769,
    0.01733270287513733,
    0.013431072235107422,
    0.01303410530090332,
    0.014374693234761557,
    0.01239187376839774,
    0.009631305932998657,
    0.008326411247253418,
    0.013389062881469727,
    0.01104124387105306,
    0.00951634134565081,
    0.01186072826385498,
    0.012141704559326172,
    0.009891033172607422,
    0.010581056276957193,
    0.011656999588012695,
    0.01392193635304769,
    0.012709712982177735,
    0.010242325919015067,
    0.01113741738455636,
    0.00995497703552246,
    0.013723993301391601,
    0.013359975814819337,
    0.008094191551208496,
    0.011934836705525717,
    0.01022942860921224,
    0.010796172278267997,
    0.011511564254760742,
    0.010089329310825892,
    0.012313127517700195,
    0.009588888713291712,
    0.013748455047607421,
    0.009174483163016183,
    0.009543929781232561,
    0.010710205350603377,
    0.009424775838851929,
    0.010341525077819824,
    0.012629806995391846,
    0.010275874819074358,
    0.010242223739624023,
    0.01118168830871582,
    0.00997124399457659,
    0.011194705963134766,
    0.009765897478376116,
    0.013116836547851562
  ],
  "checkpoint_metrics": {
    "100": {
      "avg_reward": 0.35,
      "avg_length": 6.8,
      "avg_step_time_ms": 7.739421923955282
    }
  }
}