{
  "episode_rewards": [
    1.0,
    1.0,
    -1.0,
    -1.0,
    1.0,
    -1.0,
    -1.0,
    -1.0,
    1.0,
    1.0,
    -1.0,
    1.0,
    -1.0,
    -1.0,
    -1.0,
    1.0,
    1.0,
    -1.0,
    -1.0,
    -1.0,
    1.0,
    -1.0,
    1.0,
    -1.0,
    -1.0,
    1.0,
    1.0,
    -1.0,
    -1.0,
    -1.0,
    1.0,
    -1.0,
    -1.0,
    1.0,
    1.0,
    1.0,
    1.0,
    -1.0,
    1.0,
    1.0,
    -1.0,
    1.0,
    1.0,
    1.0,
    -1.0,
    1.0,
    -1.0,
    -1.0,
    -1.0,
    1.0,
    1.0,
    1.0,
    1.0,
    -1.0,
    -1.0,
    -1.0,
    -1.0,
    1.0,
    1.0,
    1.0,
    -1.0,
    -1.0,
    -1.0,
    -1.0,
    -1.0,
    1.0,
    -1.0,
    1.0,
    1.0,
    -1.0,
    -1.0,
    1.0,
    -1.0,
    1.0,
    1.0,
    1.0,
    -1.0,
    -1.0,
    -1.0,
    -1.0,
    1.0,
    -1.0,
    1.0,
    -1.0,
    -1.0,
    -1.0,
    -1.0,
    1.0,
    1.0,
    1.0,
    1.0,
    -1.0,
    -1.0,
    -1.0,
    1.0,
    -1.0,
    -1.0,
    -1.0,
    1.0,
    -1.0
  ],
  "episode_lengths": [
    5,
    7,
    5,
    6,
    7,
    6,
    5,
    5,
    6,
    6,
    6,
    5,
    6,
    6,
    6,
    8,
    7,
    7,
    5,
    7,
    8,
    5,
    6,
    6,
    7,
    6,
    4,
    6,
    5,
    8,
    6,
    5,
    5,
    6,
    8,
    7,
    3,
    8,
    4,
    7,
    6,
    4,
    4,
    8,
    4,
    6,
    7,
    7,
    7,
    8,
    6,
    8,
    6,
    6,
    4,
    8,
    6,
    6,
    6,
    7,
    7,
    6,
    5,
    6,
    5,
    8,
    8,
    7,
    7,
    6,
    8,
    7,
    8,
    8,
    8,
    6,
    7,
    5,
    8,
    5,
    7,
    7,
    5,
    7,
    5,
    6,
    6,
    7,
    6,
    5,
    7,
    6,
    7,
    5,
    5,
    5,
    7,
    4,
    7,
    8
  ],
  "step_times": [
    0.003942251205444336,
    0.003876004900251116,
    0.0031622886657714845,
    0.0038944085439046225,
    0.0036328520093645367,
    0.0035141706466674805,
    0.0037460803985595705,
    0.0037354469299316407,
    0.003147761027018229,
    0.0030255715052286782,
    0.0033094088236490884,
    0.003050708770751953,
    0.0034653345743815103,
    0.0029011170069376626,
    0.003262162208557129,
    0.0027680695056915283,
    0.003067561558314732,
    0.0029544149126325336,
    0.0031487464904785155,
    0.002737488065447126,
    0.0029246509075164795,
    0.0025130271911621093,
    0.002468585968017578,
    0.002613981564839681,
    0.0026874542236328125,
    0.0028543869654337564,
    0.009915351867675781,
    0.0025006930033365884,
    0.0026478290557861326,
    0.0026951730251312256,
    0.0031748215357462564,
    0.0026383399963378906,
    0.0027080059051513674,
    0.0024798711140950522,
    0.0023806095123291016,
    0.0027335711887904574,
    0.0028007825215657554,
    0.002908945083618164,
    0.0028020739555358887,
    0.00275179318019322,
    0.002453486124674479,
    0.0031545162200927734,
    0.002926468849182129,
    0.00259554386138916,
    0.003143608570098877,
    0.0030225515365600586,
    0.0029231480189732145,
    0.0026420865740094867,
    0.0024846281324114117,
    0.0026002228260040283,
    0.002749482790629069,
    0.002796083688735962,
    0.0032716592152913413,
    0.0031098127365112305,
    0.0034322142601013184,
    0.003525257110595703,
    0.00286408265431722,
    0.0030569632848103843,
    0.002733469009399414,
    0.00280278069632394,
    0.0028617382049560547,
    0.003003676732381185,
    0.003108644485473633,
    0.0033068259557088218,
    0.0025391578674316406,
    0.0028786957263946533,
    0.0029623806476593018,
    0.0029193333217075895,
    0.00281350953238351,
    0.002583026885986328,
    0.0029640495777130127,
    0.002618687493460519,
    0.002445816993713379,
    0.0028468072414398193,
    0.0024417340755462646,
    0.002739389737447103,
    0.0027377264840262277,
    0.0027957916259765624,
    0.002927720546722412,
    0.003033447265625,
    0.0027569362095424105,
    0.0026140553610665457,
    0.002730560302734375,
    0.0026582649775913785,
    0.002873134613037109,
    0.0029975573221842446,
    0.0027478933334350586,
    0.0027576174054827008,
    0.002572139104207357,
    0.0025867938995361326,
    0.003006901059831892,
    0.0027887423833211264,
    0.0025870459420340402,
    0.0030450820922851562,
    0.002631473541259766,
    0.0027421951293945313,
    0.0024698121207101004,
    0.002477407455444336,
    0.0027658939361572266,
    0.002589792013168335
  ],
  "checkpoint_metrics": {
    "100": {
      "avg_reward": -0.2,
      "avg_length": 5.9,
      "avg_step_time_ms": 2.633797668275379
    }
  }
}