{
  "episode_rewards": [
    1.0,
    -1.0,
    -1.0,
    -1.0,
    1.0,
    1.0,
    -1.0,
    1.0,
    -1.0,
    1.0,
    1.0,
    1.0,
    1.0,
    1.0,
    1.0,
    1.0,
    1.0,
    1.0,
    1.0,
    1.0,
    -1.0,
    -1.0,
    1.0,
    1.0,
    1.0,
    -1.0,
    -1.0,
    1.0,
    -1.0,
    1.0,
    -1.0,
    1.0,
    -1.0,
    1.0,
    1.0,
    -1.0,
    1.0,
    1.0,
    1.0,
    -1.0,
    1.0,
    1.0,
    1.0,
    1.0,
    1.0,
    1.0,
    1.0,
    -1.0,
    -1.0,
    1.0,
    -1.0,
    -1.0,
    1.0,
    1.0,
    -1.0,
    1.0,
    1.0,
    -1.0,
    1.0,
    -1.0,
    -1.0,
    1.0,
    -1.0,
    1.0,
    1.0,
    -1.0,
    -1.0,
    1.0,
    1.0,
    1.0,
    1.0,
    -1.0,
    -1.0,
    -1.0,
    1.0,
    1.0,
    1.0,
    1.0,
    1.0,
    1.0,
    -1.0,
    -1.0,
    -1.0,
    -1.0,
    -1.0,
    -1.0,
    -1.0,
    1.0,
    1.0,
    1.0,
    1.0,
    -1.0,
    -1.0,
    1.0,
    1.0,
    1.0,
    1.0,
    1.0,
    -1.0,
    -1.0
  ],
  "episode_lengths": [
    7,
    5,
    7,
    6,
    7,
    7,
    7,
    6,
    7,
    6,
    7,
    6,
    7,
    8,
    8,
    6,
    6,
    7,
    7,
    7,
    7,
    6,
    8,
    6,
    8,
    7,
    7,
    7,
    6,
    8,
    7,
    6,
    7,
    7,
    8,
    6,
    6,
    6,
    6,
    5,
    6,
    7,
    7,
    4,
    6,
    7,
    8,
    7,
    7,
    8,
    7,
    7,
    6,
    5,
    6,
    7,
    6,
    7,
    5,
    7,
    6,
    8,
    7,
    6,
    5,
    5,
    6,
    7,
    6,
    5,
    7,
    6,
    8,
    7,
    6,
    5,
    6,
    7,
    8,
    6,
    7,
    7,
    5,
    8,
    6,
    7,
    6,
    7,
    6,
    5,
    6,
    6,
    6,
    7,
    8,
    7,
    7,
    7,
    7,
    6
  ],
  "step_times": [
    0.00916743278503418,
    0.010397911071777344,
    0.007908071790422713,
    0.007710933685302734,
    0.00720109258379255,
    0.006781509944370815,
    0.007530042103358677,
    0.005458752314249675,
    0.009478024074009486,
    0.00571286678314209,
    0.009195293698992048,
    0.0073926448822021484,
    0.005786963871547154,
    0.006985008716583252,
    0.005555242300033569,
    0.008271137873331705,
    0.00857992966969808,
    0.005252225058419364,
    0.006408521107264927,
    0.007260629108973912,
    0.008701801300048828,
    0.0079880952835083,
    0.005112826824188232,
    0.009496609369913736,
    0.005254805088043213,
    0.008313076836722237,
    0.00661747796194894,
    0.007014478955950055,
    0.00825361410776774,
    0.006529957056045532,
    0.007253374372209821,
    0.007669329643249512,
    0.006506987980433873,
    0.007219655173165458,
    0.00629270076751709,
    0.00824594497680664,
    0.007423003514607747,
    0.008324305216471354,
    0.007143656412760417,
    0.005400943756103516,
    0.007991194725036621,
    0.007824693407331194,
    0.006712606975010463,
    0.009492099285125732,
    0.007773359616597493,
    0.007043804441179548,
    0.00584903359413147,
    0.008882761001586914,
    0.006500857216971261,
    0.005230039358139038,
    0.008454527173723494,
    0.005865335464477539,
    0.005515774091084798,
    0.010133600234985352,
    0.007622996966044108,
    0.006897756031581334,
    0.006941080093383789,
    0.006723335811070034,
    0.011078739166259765,
    0.006364992686680385,
    0.008860071500142416,
    0.005885690450668335,
    0.00791031973702567,
    0.007361928621927897,
    0.007602119445800781,
    0.008844757080078125,
    0.00854186216990153,
    0.006369352340698242,
    0.006497859954833984,
    0.008745479583740234,
    0.005574873515537807,
    0.0084381103515625,
    0.0052232444286346436,
    0.0058863844190325055,
    0.010084191958109537,
    0.00796051025390625,
    0.007725079854329427,
    0.006448064531598773,
    0.005273342132568359,
    0.00939472516377767,
    0.006149428231375558,
    0.007080112184797015,
    0.009818410873413086,
    0.006403535604476929,
    0.00635675589243571,
    0.009400503976004464,
    0.007876078287760416,
    0.00726212774004255,
    0.008193135261535645,
    0.008617734909057618,
    0.007731715838114421,
    0.007057905197143555,
    0.009352604548136393,
    0.00630875996180943,
    0.007430464029312134,
    0.006975208009992327,
    0.0070204394204275945,
    0.006604126521519252,
    0.006858416966029576,
    0.008026599884033203
  ],
  "checkpoint_metrics": {
    "100": {
      "avg_reward": 0.15,
      "avg_length": 6.55,
      "avg_step_time_ms": 7.095315669264112
    }
  }
}