{
  "episode_rewards": [
    1.0,
    -1.0,
    1.0,
    1.0,
    1.0,
    1.0,
    1.0,
    -1.0,
    -1.0,
    -1.0,
    -1.0,
    1.0,
    -1.0,
    -1.0,
    1.0,
    -1.0,
    1.0,
    1.0,
    -1.0,
    -1.0,
    1.0,
    1.0,
    -1.0,
    -1.0,
    1.0,
    -1.0,
    1.0,
    1.0,
    -1.0,
    -1.0,
    -1.0,
    1.0,
    -1.0,
    1.0,
    -1.0,
    -1.0,
    1.0,
    -1.0,
    1.0,
    1.0,
    0.0,
    -1.0,
    -1.0,
    1.0,
    -1.0,
    -1.0,
    1.0,
    -1.0,
    -1.0,
    1.0,
    -1.0,
    1.0,
    -1.0,
    -1.0,
    1.0,
    1.0,
    1.0,
    -1.0,
    1.0,
    -1.0,
    1.0,
    1.0,
    -1.0,
    1.0,
    -1.0,
    1.0,
    -1.0,
    -1.0,
    0.0,
    -1.0,
    -1.0,
    -1.0,
    -1.0,
    -1.0,
    -1.0,
    1.0,
    1.0,
    -1.0,
    -1.0,
    1.0,
    -1.0,
    -1.0,
    1.0,
    -1.0,
    -1.0,
    -1.0,
    -1.0,
    -1.0,
    -1.0,
    1.0,
    -1.0,
    1.0,
    -1.0,
    -1.0,
    -1.0,
    1.0,
    -1.0,
    -1.0,
    1.0,
    1.0
  ],
  "episode_lengths": [
    8,
    7,
    6,
    7,
    6,
    7,
    6,
    4,
    8,
    6,
    6,
    5,
    6,
    6,
    6,
    5,
    7,
    8,
    7,
    6,
    6,
    7,
    6,
    5,
    6,
    3,
    3,
    8,
    7,
    5,
    6,
    7,
    5,
    7,
    6,
    5,
    4,
    4,
    7,
    6,
    8,
    5,
    7,
    8,
    5,
    7,
    8,
    6,
    7,
    7,
    5,
    8,
    5,
    5,
    5,
    5,
    7,
    7,
    8,
    4,
    8,
    5,
    6,
    7,
    5,
    6,
    5,
    4,
    8,
    5,
    8,
    5,
    7,
    6,
    4,
    5,
    7,
    7,
    5,
    7,
    4,
    7,
    7,
    7,
    6,
    8,
    4,
    6,
    5,
    6,
    8,
    7,
    8,
    8,
    6,
    6,
    4,
    8,
    5,
    8
  ],
  "step_times": [
    0.0003841221332550049,
    0.0007481575012207031,
    0.0003535747528076172,
    0.0003540175301688058,
    0.0003630717595418294,
    0.0005015305110386439,
    0.0004022518793741862,
    0.0004601478576660156,
    0.0004120469093322754,
    0.00038802623748779297,
    0.0004685322443644206,
    0.00037026405334472656,
    0.0004824399948120117,
    0.00039748350779215497,
    0.00035123030344645184,
    0.0004377841949462891,
    0.0003517014639718192,
    0.0003420114517211914,
    0.0004590579441615513,
    0.0003782510757446289,
    0.0004445314407348633,
    0.0003498622349330357,
    0.00036835670471191406,
    0.00037827491760253904,
    0.00040853023529052734,
    0.0005276203155517578,
    0.000436703364054362,
    0.00034618377685546875,
    0.00036518914358956475,
    0.00037980079650878906,
    0.00045530001322428387,
    0.0005547319139753069,
    0.00039806365966796873,
    0.0003560270581926618,
    0.0003625949223836263,
    0.0005132675170898438,
    0.00038492679595947266,
    0.00046497583389282227,
    0.0004054478236607143,
    0.00035138924916585285,
    0.00038942694664001465,
    0.00038156509399414065,
    0.0003734316144670759,
    0.00040096044540405273,
    0.0004406452178955078,
    0.0003687654222760882,
    0.00033971667289733887,
    0.00036132335662841797,
    0.0003622940608433315,
    0.0005123274666922433,
    0.0004601478576660156,
    0.00034883618354797363,
    0.00037822723388671877,
    0.0003757953643798828,
    0.00035529136657714845,
    0.00043358802795410154,
    0.0004215240478515625,
    0.00040527752467564175,
    0.00036916136741638184,
    0.0004119873046875,
    0.0004324615001678467,
    0.0003957271575927734,
    0.0006562471389770508,
    0.00034046173095703125,
    0.00037775039672851565,
    0.0004717111587524414,
    0.0003750324249267578,
    0.00040215253829956055,
    0.0005727112293243408,
    0.0003848552703857422,
    0.00042885541915893555,
    0.00037746429443359376,
    0.000354698726109096,
    0.0005425214767456055,
    0.0005010366439819336,
    0.0005151271820068359,
    0.00033623831612723213,
    0.0003666537148611886,
    0.00036563873291015623,
    0.0003800051552908761,
    0.0005674958229064941,
    0.00036784580775669644,
    0.0003541537693568638,
    0.0003676755087716239,
    0.00036462148030598957,
    0.0005081593990325928,
    0.0005084872245788574,
    0.000372012456258138,
    0.0003798961639404297,
    0.0003503561019897461,
    0.0004576742649078369,
    0.0004158360617501395,
    0.0004521012306213379,
    0.0003593266010284424,
    0.00035822391510009766,
    0.0003889799118041992,
    0.0004156827926635742,
    0.0004183948040008545,
    0.0004159450531005859,
    0.00033396482467651367
  ],
  "checkpoint_metrics": {
    "100": {
      "avg_reward": -0.1,
      "avg_length": 6.2,
      "avg_step_time_ms": 0.23401041825612387
    }
  }
}