{
  "episode_rewards": [
    -1.0,
    1.0,
    0.0,
    1.0,
    -1.0,
    -1.0,
    -1.0,
    -1.0,
    1.0,
    1.0,
    1.0,
    1.0,
    -1.0,
    1.0,
    1.0,
    -1.0,
    1.0,
    -1.0,
    1.0,
    1.0,
    -1.0,
    1.0,
    -1.0,
    1.0,
    1.0,
    1.0,
    -1.0,
    -1.0,
    -1.0,
    -1.0,
    1.0,
    -1.0,
    -1.0,
    -1.0,
    -1.0,
    1.0,
    -1.0,
    1.0,
    -1.0,
    1.0,
    -1.0,
    1.0,
    1.0,
    1.0,
    1.0,
    -1.0,
    -1.0,
    -1.0,
    1.0,
    -1.0,
    -1.0,
    1.0,
    1.0,
    1.0,
    1.0,
    1.0,
    -1.0,
    1.0,
    1.0,
    1.0,
    1.0,
    1.0,
    -1.0,
    1.0,
    1.0,
    -1.0,
    1.0,
    1.0,
    -1.0,
    -1.0,
    -1.0,
    1.0,
    1.0,
    1.0,
    1.0,
    1.0,
    1.0,
    -1.0,
    -1.0,
    1.0,
    1.0,
    1.0,
    -1.0,
    -1.0,
    -1.0,
    1.0,
    -1.0,
    -1.0,
    1.0,
    1.0,
    1.0,
    -1.0,
    1.0,
    1.0,
    1.0,
    1.0,
    1.0,
    1.0,
    1.0,
    -1.0
  ],
  "episode_lengths": [
    4,
    7,
    8,
    6,
    7,
    6,
    6,
    7,
    7,
    6,
    6,
    7,
    4,
    6,
    7,
    6,
    6,
    6,
    8,
    7,
    6,
    6,
    7,
    6,
    7,
    8,
    7,
    7,
    4,
    6,
    5,
    5,
    6,
    4,
    3,
    7,
    6,
    6,
    6,
    5,
    5,
    4,
    3,
    6,
    6,
    4,
    5,
    7,
    6,
    5,
    6,
    6,
    7,
    7,
    7,
    5,
    4,
    6,
    7,
    7,
    5,
    6,
    5,
    7,
    5,
    6,
    5,
    6,
    6,
    6,
    6,
    5,
    5,
    7,
    6,
    8,
    3,
    2,
    6,
    6,
    5,
    6,
    7,
    6,
    5,
    6,
    4,
    7,
    8,
    4,
    6,
    5,
    7,
    6,
    7,
    6,
    7,
    7,
    6,
    5
  ],
  "step_times": [
    0.025693655014038086,
    0.01863997323172433,
    0.01784074306488037,
    0.019452850023905437,
    0.01738752637590681,
    0.020765384038289387,
    0.01918490727742513,
    0.016684395926339284,
    0.016746725354875838,
    0.018225749333699543,
    0.017490744590759277,
    0.019976139068603516,
    0.02311861515045166,
    0.02178637186686198,
    0.017901011875697544,
    0.019419749577840168,
    0.019138336181640625,
    0.01738425095876058,
    0.016503870487213135,
    0.017110960824148997,
    0.02141114075978597,
    0.018825689951578777,
    0.016554968697684153,
    0.020005305608113606,
    0.01768251827784947,
    0.015989243984222412,
    0.017898150852748325,
    0.01632547378540039,
    0.023864150047302246,
    0.021614352862040203,
    0.02191758155822754,
    0.021504783630371095,
    0.022264599800109863,
    0.025475740432739258,
    0.027155240376790363,
    0.017374174935477122,
    0.020205100377400715,
    0.02137438456217448,
    0.018154223759969074,
    0.020944595336914062,
    0.024365901947021484,
    0.02489614486694336,
    0.027062416076660156,
    0.020472089449564617,
    0.021312395731608074,
    0.025491833686828613,
    0.023441076278686523,
    0.017907891954694475,
    0.018762667973836262,
    0.02283816337585449,
    0.019101381301879883,
    0.020978291829427082,
    0.019034624099731445,
    0.01786606652396066,
    0.01700292314801897,
    0.021510887145996093,
    0.02517712116241455,
    0.020938992500305176,
    0.016657352447509766,
    0.017254011971609935,
    0.022700023651123048,
    0.02002437909444173,
    0.024796104431152342,
    0.020508425576346263,
    0.022101211547851562,
    0.021268685658772785,
    0.02166857719421387,
    0.0183413823445638,
    0.019795775413513184,
    0.02192854881286621,
    0.020945111910502117,
    0.022190046310424805,
    0.022377204895019532,
    0.019336768559047153,
    0.019660194714864094,
    0.01643913984298706,
    0.028247833251953125,
    0.030966520309448242,
    0.01966838041941325,
    0.01841108004252116,
    0.02211918830871582,
    0.01852595806121826,
    0.01702094078063965,
    0.01941859722137451,
    0.021121978759765625,
    0.020659208297729492,
    0.024982929229736328,
    0.020844697952270508,
    0.022355705499649048,
    0.027386605739593506,
    0.026483853658040363,
    0.15233125686645507,
    0.02341062682015555,
    0.023090640703837078,
    0.018617970602852956,
    0.018123507499694824,
    0.01991558074951172,
    0.018118722098214284,
    0.022684415181477863,
    0.02342114448547363
  ],
  "checkpoint_metrics": {
    "100": {
      "avg_reward": -0.2,
      "avg_length": 6.1,
      "avg_step_time_ms": 0.3029002320198786
    }
  }
}