{
  "episode_rewards": [
    1.0,
    -1.0,
    -1.0,
    -1.0,
    1.0,
    1.0,
    -1.0,
    -1.0,
    1.0,
    1.0,
    1.0,
    1.0,
    -1.0,
    -1.0,
    1.0,
    -1.0,
    1.0,
    0.0,
    1.0,
    -1.0,
    1.0,
    1.0,
    -1.0,
    -1.0,
    1.0,
    1.0,
    1.0,
    -1.0,
    -1.0,
    1.0,
    1.0,
    -1.0,
    1.0,
    -1.0,
    -1.0,
    1.0,
    -1.0,
    1.0,
    1.0,
    1.0,
    -1.0,
    1.0,
    1.0,
    1.0,
    1.0,
    1.0,
    -1.0,
    -1.0,
    -1.0,
    1.0,
    -1.0,
    -1.0,
    1.0,
    -1.0,
    1.0,
    -1.0,
    1.0,
    -1.0,
    1.0,
    1.0,
    1.0,
    -1.0,
    1.0,
    -1.0,
    1.0,
    -1.0,
    -1.0,
    -1.0,
    -1.0,
    -1.0,
    1.0,
    -1.0,
    -1.0,
    -1.0,
    1.0,
    1.0,
    1.0,
    -1.0,
    -1.0,
    1.0,
    1.0,
    -1.0,
    -1.0,
    -1.0,
    0.0,
    1.0,
    -1.0,
    1.0,
    -1.0,
    -1.0,
    -1.0,
    -1.0,
    1.0,
    1.0,
    -1.0,
    1.0,
    1.0,
    -1.0,
    -1.0,
    -1.0
  ],
  "episode_lengths": [
    7,
    4,
    4,
    6,
    7,
    6,
    5,
    7,
    7,
    6,
    6,
    6,
    6,
    7,
    5,
    6,
    7,
    8,
    6,
    7,
    7,
    4,
    5,
    6,
    6,
    5,
    6,
    7,
    7,
    6,
    7,
    4,
    8,
    3,
    5,
    7,
    7,
    5,
    6,
    5,
    6,
    5,
    6,
    7,
    4,
    6,
    4,
    8,
    5,
    7,
    6,
    7,
    7,
    7,
    7,
    6,
    5,
    7,
    6,
    3,
    5,
    6,
    4,
    8,
    7,
    8,
    3,
    6,
    5,
    6,
    5,
    5,
    4,
    6,
    4,
    7,
    8,
    6,
    8,
    8,
    6,
    7,
    5,
    5,
    8,
    7,
    6,
    7,
    6,
    7,
    3,
    6,
    4,
    6,
    6,
    6,
    7,
    4,
    6,
    7
  ],
  "step_times": [
    0.0009632451193673271,
    0.0014503002166748047,
    0.0014196038246154785,
    0.0010478893915812175,
    0.0009580680302211217,
    0.0010731617609659831,
    0.0012540340423583985,
    0.0010040487561907088,
    0.0009229183197021484,
    0.0012637774149576824,
    0.0011636813481648762,
    0.0011165936787923176,
    0.0010232925415039062,
    0.0010179451533726283,
    0.0011198043823242188,
    0.0011451244354248047,
    0.0010016305106026785,
    0.0008786618709564209,
    0.0010787248611450195,
    0.0009617124285016741,
    0.0013195105961390904,
    0.0013042688369750977,
    0.0012124061584472656,
    0.0011038780212402344,
    0.0010093847910563152,
    0.0013290882110595704,
    0.0010117292404174805,
    0.0010244505746023996,
    0.0009650162288120814,
    0.0010005633036295574,
    0.0011109624590192521,
    0.0013225078582763672,
    0.0010984539985656738,
    0.0016684532165527344,
    0.0011399745941162109,
    0.0009603159768240792,
    0.0009361675807407924,
    0.0014500617980957031,
    0.0011463165283203125,
    0.0012212276458740234,
    0.001117110252380371,
    0.001120758056640625,
    0.001463492711385091,
    0.0010263919830322266,
    0.0015395879745483398,
    0.00119475523630778,
    0.0018218159675598145,
    0.0008870959281921387,
    0.001230001449584961,
    0.0009278910500662667,
    0.0011558930079142253,
    0.0011090210505894252,
    0.0009334427969796317,
    0.0009773799351283482,
    0.0009334768567766462,
    0.0013765891393025715,
    0.0012198925018310548,
    0.0010135173797607422,
    0.0010259946187337239,
    0.0016268094380696614,
    0.0014211177825927735,
    0.001031319300333659,
    0.0015783905982971191,
    0.001630544662475586,
    0.0010496888841901506,
    0.0009303390979766846,
    0.002133051554361979,
    0.001030564308166504,
    0.0014174461364746093,
    0.0010320345560709636,
    0.0012575626373291016,
    0.0013025283813476562,
    0.0014087557792663574,
    0.0013453563054402669,
    0.0013141632080078125,
    0.0011770384652273996,
    0.0009185075759887695,
    0.0010528564453125,
    0.0009024739265441895,
    0.0008519589900970459,
    0.0012327035268147786,
    0.0009466239384242467,
    0.0012505054473876953,
    0.0011435508728027343,
    0.0009504258632659912,
    0.0009491784232003349,
    0.001031359036763509,
    0.0010906628199986049,
    0.0010406176249186199,
    0.0011038780212402344,
    0.0017614364624023438,
    0.0011162757873535156,
    0.0015640854835510254,
    0.0010293324788411458,
    0.001072208086649577,
    0.001139203707377116,
    0.0010399818420410156,
    0.0014472007751464844,
    0.0010375181833902996,
    0.0010715552738734654
  ],
  "checkpoint_metrics": {
    "100": {
      "avg_reward": 0.0,
      "avg_length": 5.4,
      "avg_step_time_ms": 0.2717599414643787
    }
  }
}