{
  "episode_rewards": [
    -1.0,
    -1.0,
    1.0,
    -1.0,
    -1.0,
    1.0,
    1.0,
    -1.0,
    -1.0,
    1.0,
    -1.0,
    -1.0,
    1.0,
    -1.0,
    -1.0,
    1.0,
    -1.0,
    1.0,
    -1.0,
    -1.0,
    -1.0,
    1.0,
    -1.0,
    1.0,
    -1.0,
    1.0,
    1.0,
    -1.0,
    1.0,
    1.0,
    1.0,
    -1.0,
    -1.0,
    1.0,
    1.0,
    1.0,
    1.0,
    1.0,
    -1.0,
    -1.0,
    1.0,
    1.0,
    -1.0,
    -1.0,
    -1.0,
    -1.0,
    1.0,
    1.0,
    -1.0,
    1.0,
    -1.0,
    1.0,
    -1.0,
    1.0,
    -1.0,
    -1.0,
    -1.0,
    1.0,
    0.0,
    -1.0,
    -1.0,
    -1.0,
    1.0,
    1.0,
    -1.0,
    -1.0,
    1.0,
    -1.0,
    1.0,
    -1.0,
    1.0,
    1.0,
    -1.0,
    1.0,
    -1.0,
    -1.0,
    -1.0,
    -1.0,
    -1.0,
    -1.0,
    1.0,
    1.0,
    -1.0,
    1.0,
    1.0,
    -1.0,
    -1.0,
    1.0,
    1.0,
    -1.0,
    1.0,
    -1.0,
    1.0,
    1.0,
    -1.0,
    1.0,
    1.0,
    -1.0,
    1.0,
    1.0
  ],
  "episode_lengths": [
    6,
    6,
    8,
    4,
    5,
    8,
    8,
    7,
    4,
    7,
    6,
    5,
    6,
    8,
    6,
    8,
    7,
    5,
    8,
    7,
    7,
    4,
    6,
    6,
    4,
    6,
    5,
    6,
    5,
    6,
    6,
    5,
    6,
    7,
    6,
    6,
    6,
    6,
    6,
    2,
    7,
    6,
    8,
    5,
    8,
    5,
    6,
    7,
    4,
    6,
    6,
    5,
    4,
    8,
    7,
    8,
    5,
    7,
    8,
    5,
    6,
    6,
    7,
    7,
    8,
    6,
    4,
    7,
    7,
    6,
    6,
    6,
    4,
    5,
    5,
    3,
    6,
    6,
    6,
    8,
    7,
    8,
    8,
    8,
    7,
    6,
    5,
    6,
    6,
    6,
    5,
    6,
    7,
    8,
    6,
    7,
    7,
    7,
    7,
    7
  ],
  "step_times": [
    0.00018111864725748697,
    0.00018386046091715494,
    0.0001786351203918457,
    0.00016832351684570312,
    0.00017514228820800782,
    0.00026038289070129395,
    0.00018072128295898438,
    0.0002075944628034319,
    0.00017070770263671875,
    0.0001865795680454799,
    0.002473155657450358,
    0.002368450164794922,
    0.0027414162953694663,
    0.0026797354221343994,
    0.0022524197896321616,
    0.0024443864822387695,
    0.0023750577654157367,
    0.002520751953125,
    0.0024712681770324707,
    0.002534355436052595,
    0.002512080328805106,
    0.002492070198059082,
    0.002869764963785807,
    0.00293580691019694,
    0.0022313594818115234,
    0.002315958340962728,
    0.0024617195129394533,
    0.0025434494018554688,
    0.002448749542236328,
    0.002332488695780436,
    0.0024538437525431314,
    0.0026154518127441406,
    0.0023534297943115234,
    0.0023262841360909598,
    0.0022749106089274087,
    0.00251773993174235,
    0.002623915672302246,
    0.0025575955708821616,
    0.002244154612223307,
    0.0025284290313720703,
    0.0027594566345214844,
    0.0033353169759114585,
    0.002926856279373169,
    0.0024600982666015624,
    0.0023667514324188232,
    0.0023422718048095705,
    0.002490401268005371,
    0.002353191375732422,
    0.0022867918014526367,
    0.0030274391174316406,
    0.0025284687678019204,
    0.0024471282958984375,
    0.002364218235015869,
    0.0026637613773345947,
    0.0027030876704624723,
    0.0027438998222351074,
    0.0024179458618164063,
    0.0022235597882952008,
    0.0023583173751831055,
    0.0024180889129638674,
    0.0025856892267862954,
    0.0025270779927571616,
    0.0023071765899658203,
    0.002303055354527065,
    0.0022795498371124268,
    0.002382556597391764,
    0.002676725387573242,
    0.0023941312517438617,
    0.002379247120448521,
    0.002327720324198405,
    0.002348661422729492,
    0.002240419387817383,
    0.0022931694984436035,
    0.0023901939392089845,
    0.002579069137573242,
    0.002562443415323893,
    0.002541184425354004,
    0.002384185791015625,
    0.0025797287623087564,
    0.0022901296615600586,
    0.002615962709699358,
    0.002349555492401123,
    0.0027952194213867188,
    0.0024680793285369873,
    0.0025774751390729633,
    0.0029288132985432944,
    0.002593660354614258,
    0.002488891283671061,
    0.0022734800974527993,
    0.0022701422373453775,
    0.002591228485107422,
    0.0024126370747884116,
    0.002539839063371931,
    0.00257071852684021,
    0.0026406447092692056,
    0.0027370452880859375,
    0.002347775868007115,
    0.0024368081774030414,
    0.002345664160592215,
    0.002672297613961356
  ],
  "checkpoint_metrics": {
    "100": {
      "avg_reward": 0.1,
      "avg_length": 5.7,
      "avg_step_time_ms": 0.20412225098836992
    }
  }
}