{
  "episode_rewards": [
    1.0,
    1.0,
    1.0,
    1.0,
    -1.0,
    1.0,
    1.0,
    -1.0,
    -1.0,
    -1.0,
    1.0,
    1.0,
    1.0,
    1.0,
    1.0,
    -1.0,
    1.0,
    1.0,
    1.0,
    -1.0,
    1.0,
    -1.0,
    1.0,
    1.0,
    1.0,
    1.0,
    -1.0,
    1.0,
    1.0,
    1.0,
    -1.0,
    -1.0,
    1.0,
    -1.0,
    1.0,
    -1.0,
    -1.0,
    1.0,
    -1.0,
    -1.0,
    1.0,
    -1.0,
    -1.0,
    1.0,
    -1.0,
    1.0,
    -1.0,
    1.0,
    1.0,
    1.0,
    -1.0,
    1.0,
    -1.0,
    -1.0,
    -1.0,
    -1.0,
    1.0,
    0.0,
    1.0,
    -1.0,
    -1.0,
    -1.0,
    1.0,
    -1.0,
    1.0,
    1.0,
    -1.0,
    -1.0,
    -1.0,
    1.0,
    -1.0,
    1.0,
    -1.0,
    -1.0,
    -1.0,
    -1.0,
    -1.0,
    -1.0,
    -1.0,
    -1.0,
    1.0,
    1.0,
    -1.0,
    1.0,
    -1.0,
    -1.0,
    1.0,
    1.0,
    -1.0,
    1.0,
    1.0,
    -1.0,
    -1.0,
    -1.0,
    -1.0,
    -1.0,
    1.0,
    1.0,
    -1.0,
    1.0
  ],
  "episode_lengths": [
    6,
    6,
    7,
    6,
    7,
    8,
    8,
    7,
    6,
    6,
    7,
    5,
    6,
    8,
    8,
    7,
    7,
    8,
    6,
    6,
    6,
    7,
    5,
    6,
    5,
    7,
    8,
    6,
    6,
    7,
    5,
    6,
    3,
    3,
    8,
    7,
    6,
    6,
    5,
    8,
    6,
    5,
    6,
    7,
    3,
    6,
    6,
    7,
    7,
    6,
    5,
    8,
    7,
    6,
    8,
    7,
    6,
    8,
    8,
    3,
    7,
    5,
    4,
    8,
    7,
    7,
    5,
    5,
    6,
    5,
    5,
    6,
    3,
    5,
    6,
    5,
    6,
    6,
    7,
    6,
    7,
    4,
    4,
    6,
    6,
    7,
    4,
    6,
    7,
    7,
    7,
    7,
    5,
    7,
    4,
    7,
    8,
    8,
    4,
    6
  ],
  "step_times": [
    0.0002493858337402344,
    0.00016248226165771484,
    0.00020882061549595425,
    0.0001911322275797526,
    0.0001948560987200056,
    0.0002796053886413574,
    0.00018674135208129883,
    0.00019410678318568638,
    0.00017468134562174478,
    0.0018004179000854492,
    0.0030838080814906527,
    0.002597475051879883,
    0.002787311871846517,
    0.002698928117752075,
    0.002737373113632202,
    0.002515826906476702,
    0.0024304730551583426,
    0.002716749906539917,
    0.0023958285649617514,
    0.0030515193939208984,
    0.0023859341939290366,
    0.0026631014687674387,
    0.0027596473693847655,
    0.0024487574895222983,
    0.0036595344543457033,
    0.0034718854086739676,
    0.0030387043952941895,
    0.002626816431681315,
    0.0025583902994791665,
    0.0025307791573660715,
    0.0027513980865478517,
    0.0028204123179117837,
    0.002482255299886068,
    0.0025635560353597007,
    0.0028443336486816406,
    0.0026068006243024555,
    0.002794543902079264,
    0.0023980935414632163,
    0.0025135040283203124,
    0.0025897622108459473,
    0.0025343894958496094,
    0.0024539470672607423,
    0.00243985652923584,
    0.0024078573499407086,
    0.0025355021158854165,
    0.0027983983357747397,
    0.00272214412689209,
    0.002544879913330078,
    0.0028448786054338726,
    0.002432703971862793,
    0.0029630184173583983,
    0.0025256574153900146,
    0.0025171892983572824,
    0.0025751193364461264,
    0.002607405185699463,
    0.00267308098929269,
    0.002666473388671875,
    0.0025169551372528076,
    0.0024250149726867676,
    0.0025513172149658203,
    0.0033320699419294086,
    0.0030561447143554687,
    0.0024834275245666504,
    0.0024832189083099365,
    0.002754007066999163,
    0.0026881013597760883,
    0.002579355239868164,
    0.002470731735229492,
    0.002506415049235026,
    0.0029961109161376954,
    0.0027982711791992186,
    0.0024629433949788413,
    0.0023959477742513022,
    0.0026196002960205077,
    0.002884944279988607,
    0.0025918006896972655,
    0.002599914868672689,
    0.0028216044108072915,
    0.0026390552520751953,
    0.0026022990544637046,
    0.0026690619332449777,
    0.0024491548538208008,
    0.002480447292327881,
    0.0025170246760050454,
    0.002874652544657389,
    0.0029151439666748047,
    0.0026733875274658203,
    0.002516071001688639,
    0.0024843215942382812,
    0.0024548939296177457,
    0.0028555052621023996,
    0.002730199268886021,
    0.0024706363677978516,
    0.0026463099888392855,
    0.0025328993797302246,
    0.00281245367867606,
    0.002660214900970459,
    0.0026123225688934326,
    0.0027347803115844727,
    0.002432862917582194
  ],
  "checkpoint_metrics": {
    "100": {
      "avg_reward": -0.05,
      "avg_length": 5.75,
      "avg_step_time_ms": 0.20328076112838023
    }
  }
}