{
  "episode_rewards": [
    -1.0,
    -1.0,
    0.0,
    1.0,
    1.0,
    -1.0,
    1.0,
    -1.0,
    1.0,
    -1.0,
    1.0,
    1.0,
    1.0,
    -1.0,
    1.0,
    1.0,
    -1.0,
    -1.0,
    1.0,
    1.0,
    1.0,
    1.0,
    -1.0,
    -1.0,
    1.0,
    -1.0,
    1.0,
    -1.0,
    1.0,
    1.0,
    1.0,
    -1.0,
    -1.0,
    1.0,
    1.0,
    -1.0,
    -1.0,
    1.0,
    1.0,
    1.0,
    -1.0,
    1.0,
    -1.0,
    1.0,
    1.0,
    -1.0,
    1.0,
    -1.0,
    1.0,
    1.0,
    1.0,
    1.0,
    1.0,
    1.0,
    -1.0,
    -1.0,
    1.0,
    1.0,
    -1.0,
    1.0,
    -1.0,
    1.0,
    1.0,
    1.0,
    1.0,
    1.0,
    1.0,
    1.0,
    -1.0,
    -1.0,
    1.0,
    1.0,
    1.0,
    1.0,
    1.0,
    1.0,
    1.0,
    1.0,
    1.0,
    -1.0,
    1.0,
    1.0,
    1.0,
    -1.0,
    -1.0,
    1.0,
    -1.0,
    1.0,
    1.0,
    1.0,
    1.0,
    -1.0,
    1.0,
    1.0,
    1.0,
    1.0,
    1.0,
    1.0,
    1.0,
    1.0
  ],
  "episode_lengths": [
    5,
    6,
    8,
    8,
    6,
    5,
    6,
    7,
    8,
    7,
    7,
    7,
    6,
    6,
    6,
    6,
    7,
    7,
    8,
    7,
    6,
    7,
    7,
    7,
    7,
    6,
    8,
    7,
    7,
    6,
    7,
    7,
    6,
    5,
    6,
    6,
    6,
    8,
    7,
    7,
    6,
    6,
    5,
    3,
    5,
    7,
    7,
    6,
    7,
    8,
    8,
    6,
    7,
    7,
    6,
    7,
    8,
    7,
    8,
    5,
    5,
    6,
    5,
    4,
    6,
    4,
    6,
    6,
    5,
    7,
    7,
    7,
    6,
    6,
    7,
    5,
    8,
    8,
    8,
    7,
    7,
    7,
    6,
    6,
    5,
    7,
    7,
    6,
    6,
    6,
    7,
    6,
    6,
    7,
    7,
    7,
    5,
    7,
    7,
    8
  ],
  "step_times": [
    0.00946030616760254,
    0.011501312255859375,
    0.00876578688621521,
    0.009932011365890503,
    0.010392546653747559,
    0.010193824768066406,
    0.00973371664683024,
    0.009438276290893555,
    0.007851213216781616,
    0.008145468575613839,
    0.007820708411080497,
    0.009995358330862862,
    0.010358969370524088,
    0.011127988497416178,
    0.008317311604817709,
    0.011778831481933594,
    0.008952345166887556,
    0.008921146392822266,
    0.007848680019378662,
    0.008339643478393555,
    0.009094595909118652,
    0.008229221616472517,
    0.007211072104317802,
    0.007648570196969169,
    0.009457622255597795,
    0.010835528373718262,
    0.008956551551818848,
    0.010450601577758789,
    0.010583843503679548,
    0.010945916175842285,
    0.0095301696232387,
    0.009945222309657506,
    0.0092775026957194,
    0.012116527557373047,
    0.01084307829538981,
    0.007952650388081869,
    0.010971307754516602,
    0.009603500366210938,
    0.00806631360735212,
    0.011780568531581334,
    0.011578679084777832,
    0.010735432306925455,
    0.013114261627197265,
    0.01175705591837565,
    0.009789228439331055,
    0.009472199848720006,
    0.009547267641339983,
    0.01111304759979248,
    0.009536027908325195,
    0.011395364999771118,
    0.007436782121658325,
    0.011009732882181803,
    0.010829005922589983,
    0.008259671075003487,
    0.012040972709655762,
    0.010654585702078683,
    0.007887661457061768,
    0.01122532572065081,
    0.00912851095199585,
    0.01041584014892578,
    0.011928272247314454,
    0.009503483772277832,
    0.014370155334472657,
    0.011026442050933838,
    0.01125792662302653,
    0.008022844791412354,
    0.0084840456644694,
    0.011472503344217936,
    0.012398719787597656,
    0.009724208286830358,
    0.007897649492536272,
    0.008703538349696569,
    0.010568022727966309,
    0.008331616719563803,
    0.007547787257603237,
    0.00983896255493164,
    0.006443828344345093,
    0.008535534143447876,
    0.005886465311050415,
    0.00917816162109375,
    0.0074967316218784875,
    0.007536513464791434,
    0.008427898089090982,
    0.008967836697896322,
    0.009294080734252929,
    0.009111097880772181,
    0.0076824937547956195,
    0.00766591231028239,
    0.008975545565287272,
    0.007014870643615723,
    0.007893902914864677,
    0.01071480909983317,
    0.007752577463785808,
    0.007001093455723354,
    0.009233372552054269,
    0.007456200463431222,
    0.010035514831542969,
    0.008072750908987862,
    0.006740944726126534,
    0.007855147123336792
  ],
  "checkpoint_metrics": {
    "100": {
      "avg_reward": 0.5,
      "avg_length": 6.45,
      "avg_step_time_ms": 7.108179997830163
    }
  }
}