{
  "episode_rewards": [
    -1.0,
    1.0,
    1.0,
    -1.0,
    1.0,
    -1.0,
    1.0,
    1.0,
    -1.0,
    1.0,
    -1.0,
    1.0,
    -1.0,
    -1.0,
    1.0,
    1.0,
    -1.0,
    1.0,
    -1.0,
    1.0,
    1.0,
    -1.0,
    -1.0,
    1.0,
    1.0,
    -1.0,
    1.0,
    -1.0,
    -1.0,
    1.0,
    -1.0,
    1.0,
    1.0,
    1.0,
    -1.0,
    1.0,
    1.0,
    1.0,
    1.0,
    1.0,
    1.0,
    1.0,
    -1.0,
    -1.0,
    1.0,
    -1.0,
    -1.0,
    1.0,
    -1.0,
    1.0,
    1.0,
    -1.0,
    -1.0,
    1.0,
    1.0,
    -1.0,
    1.0,
    1.0,
    1.0,
    -1.0,
    -1.0,
    1.0,
    -1.0,
    1.0,
    1.0,
    1.0,
    -1.0,
    -1.0,
    -1.0,
    1.0,
    -1.0,
    -1.0,
    1.0,
    1.0,
    -1.0,
    -1.0,
    -1.0,
    1.0,
    1.0,
    -1.0,
    -1.0,
    1.0,
    1.0,
    1.0,
    1.0,
    -1.0,
    1.0,
    -1.0,
    1.0,
    -1.0,
    -1.0,
    1.0,
    1.0,
    -1.0,
    1.0,
    -1.0,
    1.0,
    1.0,
    1.0,
    1.0
  ],
  "episode_lengths": [
    6,
    7,
    6,
    5,
    6,
    6,
    6,
    7,
    6,
    7,
    6,
    7,
    3,
    5,
    7,
    5,
    7,
    7,
    5,
    6,
    7,
    6,
    7,
    6,
    6,
    6,
    8,
    5,
    5,
    8,
    6,
    5,
    7,
    8,
    5,
    7,
    5,
    7,
    6,
    6,
    6,
    5,
    3,
    6,
    8,
    4,
    6,
    4,
    4,
    6,
    8,
    5,
    4,
    6,
    6,
    7,
    7,
    6,
    7,
    7,
    6,
    6,
    5,
    7,
    7,
    5,
    7,
    6,
    6,
    5,
    6,
    6,
    7,
    6,
    4,
    6,
    5,
    6,
    8,
    3,
    5,
    6,
    6,
    5,
    6,
    6,
    4,
    7,
    6,
    6,
    6,
    7,
    6,
    6,
    7,
    5,
    7,
    5,
    6,
    7
  ],
  "step_times": [
    0.03262925148010254,
    0.029225758143833706,
    0.03153320153554281,
    0.03924298286437988,
    0.03251512845357259,
    0.03110504150390625,
    0.033048550287882485,
    0.033153533935546875,
    0.03101007143656413,
    0.02764429364885603,
    0.03102453549702962,
    0.031164816447666714,
    0.044538418451944985,
    0.03514566421508789,
    0.027237108775547574,
    0.03219156265258789,
    0.028928313936506,
    0.028128726141793386,
    0.0340980052947998,
    0.027485887209574383,
    0.03072009767804827,
    0.03292234738667806,
    0.028902190072195872,
    0.03259472052256266,
    0.03194840749104818,
    0.0329211950302124,
    0.02719399333000183,
    0.03617539405822754,
    0.03652520179748535,
    0.028249919414520264,
    0.02813100814819336,
    0.034042978286743165,
    0.026850325720650808,
    0.030928105115890503,
    0.0334357738494873,
    0.028494085584368025,
    0.03477153778076172,
    0.02796557971409389,
    0.026614944140116375,
    0.032849629720052086,
    0.029904603958129883,
    0.03439202308654785,
    0.04652055104573568,
    0.032287915547688804,
    0.025485217571258545,
    0.03791332244873047,
    0.026428818702697754,
    0.036231398582458496,
    0.03990083932876587,
    0.029689351717631023,
    0.0263616144657135,
    0.035518312454223634,
    0.040815889835357666,
    0.03257910410563151,
    0.029246290524800617,
    0.029982634953090122,
    0.027983529227120534,
    0.030985355377197266,
    0.03234931400844029,
    0.031689269202096124,
    0.027811765670776367,
    0.028835535049438477,
    0.033862066268920896,
    0.028214590890066966,
    0.0287759644644601,
    0.0356956958770752,
    0.029074123927525113,
    0.031207760175069172,
    0.031856258710225425,
    0.036905956268310544,
    0.029573877652486164,
    0.03281386693318685,
    0.024500880922589983,
    0.029288729031880695,
    0.04125410318374634,
    0.03331418832143148,
    0.03494453430175781,
    0.02971200148264567,
    0.024499446153640747,
    0.04458427429199219,
    0.03641247749328613,
    0.03194959958394369,
    0.028557578722635906,
    0.03596296310424805,
    0.03226753075917562,
    0.029686450958251953,
    0.03878521919250488,
    0.024737017495291575,
    0.031415303548177086,
    0.0339134136835734,
    0.029273351033528645,
    0.025074243545532227,
    0.032439072926839195,
    0.03175946076711019,
    0.025115694318498884,
    0.038309478759765626,
    0.029497453144618442,
    0.03410773277282715,
    0.03029346466064453,
    0.027618578502110074
  ],
  "checkpoint_metrics": {
    "100": {
      "avg_reward": 0.5,
      "avg_length": 5.65,
      "avg_step_time_ms": 32.92464762926102
    }
  }
}