{
  "episode_rewards": [
    1.0,
    1.0,
    1.0,
    -1.0,
    1.0,
    1.0,
    1.0,
    1.0,
    1.0,
    1.0,
    1.0,
    1.0,
    1.0,
    1.0,
    1.0,
    1.0,
    1.0,
    1.0,
    1.0,
    1.0,
    1.0,
    1.0,
    1.0,
    1.0,
    -1.0,
    1.0,
    1.0,
    1.0,
    1.0,
    1.0,
    1.0,
    1.0,
    1.0,
    -1.0,
    1.0,
    1.0,
    1.0,
    1.0,
    -1.0,
    1.0,
    1.0,
    1.0,
    1.0,
    1.0,
    1.0,
    1.0,
    1.0,
    1.0,
    1.0,
    1.0,
    -1.0,
    1.0,
    1.0,
    1.0,
    1.0,
    1.0,
    1.0,
    1.0,
    -1.0,
    1.0,
    1.0,
    1.0,
    1.0,
    1.0,
    1.0,
    1.0,
    1.0,
    1.0,
    1.0,
    1.0,
    1.0,
    1.0,
    1.0,
    1.0,
    1.0,
    1.0,
    1.0,
    1.0,
    1.0,
    -1.0,
    1.0,
    1.0,
    -1.0,
    1.0,
    1.0,
    1.0,
    1.0,
    1.0,
    -1.0,
    -1.0,
    1.0,
    1.0,
    1.0,
    1.0,
    1.0,
    1.0,
    1.0,
    1.0,
    1.0,
    1.0
  ],
  "episode_lengths": [
    6,
    7,
    6,
    5,
    6,
    5,
    7,
    7,
    7,
    5,
    6,
    7,
    3,
    6,
    8,
    6,
    6,
    6,
    6,
    7,
    5,
    7,
    7,
    7,
    6,
    6,
    7,
    5,
    7,
    6,
    6,
    5,
    7,
    5,
    6,
    6,
    7,
    7,
    5,
    6,
    6,
    7,
    7,
    5,
    7,
    7,
    7,
    6,
    5,
    5,
    5,
    7,
    7,
    7,
    6,
    7,
    7,
    7,
    6,
    7,
    7,
    7,
    5,
    5,
    6,
    5,
    6,
    6,
    6,
    6,
    5,
    6,
    6,
    6,
    7,
    6,
    5,
    8,
    4,
    6,
    6,
    6,
    5,
    5,
    7,
    6,
    6,
    4,
    7,
    5,
    5,
    5,
    7,
    7,
    5,
    6,
    6,
    7,
    7,
    7
  ],
  "step_times": [
    0.19516626993815103,
    0.169374908719744,
    0.19229789574941,
    0.227327299118042,
    0.1818101406097412,
    0.20962586402893066,
    0.17230950083051408,
    0.15459602219717844,
    0.18736944879804338,
    0.22690439224243164,
    0.18710152308146158,
    0.16020192418779647,
    0.3485097885131836,
    0.3334809144337972,
    0.18748748302459717,
    0.26926640669504803,
    0.24912484486897787,
    0.18237837155659994,
    0.22562825679779053,
    0.18902509553091867,
    0.23305811882019042,
    0.16918836321149552,
    0.17269246918814524,
    0.17219887460981095,
    0.20005246003468832,
    0.20582997798919678,
    0.176006623676845,
    0.22354936599731445,
    0.1836043425968715,
    0.17518011728922525,
    0.19362254937489828,
    0.22661657333374025,
    0.1737783976963588,
    0.22899346351623534,
    0.18235492706298828,
    0.18574921290079752,
    0.1854698998587472,
    0.1715451649257115,
    0.23379163742065429,
    0.21068414052327475,
    0.2007045348485311,
    0.17254516056605748,
    0.17552423477172852,
    0.2218867778778076,
    0.172851528440203,
    0.17490969385419572,
    0.1767913954598563,
    0.19627106189727783,
    0.22772817611694335,
    0.21950144767761232,
    0.22773337364196777,
    0.1821225711277553,
    0.17946444238935197,
    0.1776226248059954,
    0.1850118637084961,
    0.19998785427638463,
    0.21595001220703125,
    0.20195783887590682,
    0.2296137809753418,
    0.17906638554164342,
    0.18027700696672713,
    0.1890439646584647,
    0.23538551330566407,
    0.2447063446044922,
    0.23145504792531332,
    0.2291430950164795,
    0.19712678591410318,
    0.19962382316589355,
    0.19267197450002035,
    0.1994465192159017,
    0.23001909255981445,
    0.2073434591293335,
    0.20981276035308838,
    0.19990011056264242,
    0.1770338671548026,
    0.19860303401947021,
    0.2392712116241455,
    0.14598464965820312,
    0.2915171980857849,
    0.20013626416524252,
    0.19819041093190512,
    0.20571974913279215,
    0.23703484535217284,
    0.22133197784423828,
    0.17857769557407924,
    0.21971102555592856,
    0.1999669075012207,
    0.2800360918045044,
    0.2085226263318743,
    0.253590726852417,
    0.22089009284973143,
    0.23483457565307617,
    0.18477129936218262,
    0.18493713651384627,
    0.25426454544067384,
    0.21318531036376953,
    0.19541327158610025,
    0.17006148610796248,
    0.17779523985726492,
    0.17703332219805037
  ],
  "checkpoint_metrics": {
    "100": {
      "avg_reward": 0.9,
      "avg_length": 6.25,
      "avg_step_time_ms": 210.39947282700308
    }
  }
}