{
  "episode_rewards": [
    -1.0,
    -1.0,
    1.0,
    -1.0,
    -1.0,
    -1.0,
    1.0,
    1.0,
    -1.0,
    1.0,
    1.0,
    1.0,
    -1.0,
    -1.0,
    -1.0,
    -1.0,
    -1.0,
    1.0,
    -1.0,
    -1.0,
    1.0,
    -1.0,
    1.0,
    -1.0,
    -1.0,
    -1.0,
    -1.0,
    1.0,
    -1.0,
    -1.0,
    -1.0,
    -1.0,
    1.0,
    0.0,
    1.0,
    1.0,
    1.0,
    1.0,
    -1.0,
    -1.0,
    1.0,
    -1.0,
    1.0,
    -1.0,
    1.0,
    -1.0,
    -1.0,
    -1.0,
    -1.0,
    -1.0,
    1.0,
    1.0,
    -1.0,
    -1.0,
    -1.0,
    1.0,
    1.0,
    -1.0,
    1.0,
    1.0,
    -1.0,
    0.0,
    -1.0,
    1.0,
    1.0,
    -1.0,
    -1.0,
    -1.0,
    1.0,
    1.0,
    -1.0,
    1.0,
    -1.0,
    0.0,
    1.0,
    1.0,
    -1.0,
    1.0,
    -1.0,
    -1.0,
    1.0,
    1.0,
    -1.0,
    1.0,
    -1.0,
    1.0,
    1.0,
    1.0,
    1.0,
    -1.0,
    0.0,
    -1.0,
    1.0,
    1.0,
    -1.0,
    1.0,
    -1.0,
    -1.0,
    -1.0,
    1.0
  ],
  "episode_lengths": [
    5,
    4,
    5,
    5,
    6,
    7,
    8,
    6,
    7,
    7,
    4,
    6,
    5,
    3,
    7,
    6,
    7,
    6,
    7,
    8,
    5,
    3,
    6,
    6,
    6,
    4,
    5,
    7,
    5,
    6,
    7,
    4,
    7,
    8,
    4,
    4,
    4,
    5,
    5,
    5,
    5,
    6,
    6,
    6,
    7,
    4,
    7,
    5,
    6,
    5,
    7,
    7,
    5,
    7,
    8,
    8,
    6,
    4,
    7,
    8,
    7,
    8,
    5,
    8,
    7,
    7,
    4,
    7,
    5,
    6,
    4,
    6,
    2,
    8,
    7,
    5,
    6,
    7,
    6,
    6,
    4,
    4,
    7,
    7,
    7,
    7,
    7,
    6,
    6,
    5,
    8,
    7,
    7,
    5,
    7,
    6,
    7,
    7,
    5,
    7
  ],
  "step_times": [
    0.0009057998657226562,
    0.0007636547088623047,
    0.0006733894348144531,
    0.0006703376770019531,
    0.000811457633972168,
    0.0007800034114292689,
    0.0006875395774841309,
    0.0007581313451131185,
    0.0008020741598946708,
    0.0006597723279680524,
    0.0009852051734924316,
    0.0007856289545694987,
    0.00074310302734375,
    0.000679175059000651,
    0.0007012571607317243,
    0.0007902383804321289,
    0.0007151535579136439,
    0.0006793737411499023,
    0.0008171967097691127,
    0.000699162483215332,
    0.0008267879486083985,
    0.0006877581278483073,
    0.0008099873860677084,
    0.0006897052129109701,
    0.0006732940673828125,
    0.0011539459228515625,
    0.000885009765625,
    0.0006718294961111886,
    0.0006729602813720703,
    0.0007551113764444987,
    0.0007426738739013672,
    0.0006788372993469238,
    0.0007230554308210101,
    0.0008122026920318604,
    0.0006656050682067871,
    0.0009248852729797363,
    0.0010821819305419922,
    0.0007708549499511718,
    0.0007408618927001953,
    0.0007274627685546875,
    0.0010535717010498047,
    0.0007827679316202799,
    0.0007250706354777018,
    0.0008070468902587891,
    0.0007315703800746373,
    0.0008808374404907227,
    0.0008616106850760323,
    0.0010474681854248046,
    0.0007320245107014974,
    0.0007010459899902344,
    0.0008554458618164062,
    0.0007062639508928571,
    0.0006969928741455078,
    0.0007791519165039062,
    0.0007302463054656982,
    0.0007272660732269287,
    0.0008995135625203451,
    0.0006974935531616211,
    0.0006922994341169085,
    0.0009020566940307617,
    0.0007257461547851562,
    0.0007343292236328125,
    0.001417064666748047,
    0.0014120042324066162,
    0.0014807496752057756,
    0.0007695811135428292,
    0.0008646845817565918,
    0.0008287770407540458,
    0.0006993770599365235,
    0.0007692575454711914,
    0.0007323622703552246,
    0.0006985267003377279,
    0.0006949901580810547,
    0.0008788406848907471,
    0.0007047312600272042,
    0.0007596969604492188,
    0.0008360544840494791,
    0.0007171630859375,
    0.0007279713948567709,
    0.0007937351862589518,
    0.0007112622261047363,
    0.0006760358810424805,
    0.0007180486406598772,
    0.0008687973022460938,
    0.0011518001556396484,
    0.0010227135249546596,
    0.0007509163447788783,
    0.0006964604059855143,
    0.0006872018178304037,
    0.0008054733276367188,
    0.0007767081260681152,
    0.0007214886801583427,
    0.0009592260633196149,
    0.0006590843200683594,
    0.000728539058140346,
    0.0009232759475708008,
    0.0007082394191196986,
    0.0007048334394182478,
    0.0008062362670898437,
    0.0006951263972691127
  ],
  "checkpoint_metrics": {
    "100": {
      "avg_reward": -0.1,
      "avg_length": 5.95,
      "avg_step_time_ms": 0.25065846386409946
    }
  }
}