{
  "episode_rewards": [
    1.0,
    1.0,
    1.0,
    1.0,
    1.0,
    1.0,
    1.0,
    1.0,
    1.0,
    1.0,
    1.0,
    1.0,
    1.0,
    1.0,
    1.0,
    1.0,
    1.0,
    1.0,
    1.0,
    1.0,
    1.0,
    1.0,
    1.0,
    1.0,
    1.0,
    1.0,
    1.0,
    1.0,
    1.0,
    1.0,
    1.0,
    1.0,
    1.0,
    1.0,
    1.0,
    1.0,
    1.0,
    -1.0,
    1.0,
    -1.0,
    1.0,
    1.0,
    1.0,
    1.0,
    1.0,
    1.0,
    1.0,
    1.0,
    1.0,
    1.0,
    1.0,
    1.0,
    1.0,
    1.0,
    1.0,
    1.0,
    1.0,
    1.0,
    1.0,
    1.0,
    1.0,
    1.0,
    1.0,
    1.0,
    1.0,
    1.0,
    1.0,
    1.0,
    1.0,
    1.0,
    1.0,
    1.0,
    1.0,
    1.0,
    1.0,
    1.0,
    1.0,
    1.0,
    1.0,
    1.0,
    1.0,
    1.0,
    1.0,
    1.0,
    1.0,
    1.0,
    1.0,
    1.0,
    1.0,
    1.0,
    1.0,
    1.0,
    1.0,
    1.0,
    1.0,
    1.0,
    1.0,
    1.0,
    1.0,
    1.0
  ],
  "episode_lengths": [
    5,
    5,
    4,
    5,
    3,
    6,
    5,
    5,
    5,
    5,
    4,
    4,
    5,
    4,
    7,
    5,
    6,
    3,
    5,
    5,
    4,
    7,
    6,
    5,
    7,
    4,
    7,
    6,
    7,
    5,
    7,
    5,
    7,
    6,
    5,
    4,
    6,
    5,
    7,
    4,
    4,
    6,
    5,
    6,
    5,
    6,
    7,
    6,
    6,
    5,
    4,
    5,
    6,
    6,
    8,
    5,
    3,
    7,
    6,
    7,
    5,
    6,
    7,
    7,
    6,
    5,
    6,
    6,
    6,
    5,
    4,
    5,
    6,
    5,
    5,
    5,
    6,
    4,
    4,
    7,
    7,
    5,
    6,
    4,
    7,
    4,
    4,
    6,
    7,
    6,
    6,
    6,
    7,
    4,
    5,
    6,
    7,
    5,
    5,
    5
  ],
  "step_times": [
    3.0619623184204103,
    3.247454309463501,
    3.7328484058380127,
    3.1302177906036377,
    4.237769524256389,
    2.8766148885091147,
    3.2602776527404784,
    3.0842895984649656,
    2.9417324542999266,
    3.402506685256958,
    3.703889846801758,
    3.832499861717224,
    3.217137670516968,
    3.9073113799095154,
    2.319345099585397,
    3.398999547958374,
    2.754794438680013,
    4.9283037185668945,
    3.3918834209442137,
    3.483307933807373,
    3.805647134780884,
    2.2875708171299527,
    2.8466524283091226,
    3.1730051040649414,
    2.468809195927211,
    3.8334028124809265,
    2.380251714161464,
    2.522628744443258,
    2.454385893685477,
    3.573208045959473,
    2.346877779279436,
    3.6084482669830322,
    2.264101505279541,
    2.4424224694569907,
    3.131451940536499,
    3.7331482768058777,
    2.6181270281473794,
    2.9481028079986573,
    2.1814967564174106,
    3.530880630016327,
    3.5053963661193848,
    2.5133291482925415,
    3.085117959976196,
    2.659613529841105,
    3.0645691394805907,
    2.6929396788279214,
    2.3315578188214983,
    2.617549935976664,
    2.683236757914225,
    3.4042713165283205,
    3.6056451201438904,
    3.0896216869354247,
    2.527287244796753,
    2.64724334081014,
    2.0617282688617706,
    3.1550296783447265,
    4.316802342732747,
    2.278735705784389,
    2.540229837099711,
    2.2440503665379117,
    3.226301145553589,
    2.6905104716618857,
    2.2132106508527483,
    2.243072714124407,
    2.703254222869873,
    2.943441152572632,
    2.8520901600519815,
    2.715089956919352,
    2.8166847229003906,
    3.0279019832611085,
    3.9851768016815186,
    3.0457081317901613,
    2.663126786549886,
    3.4248164176940916,
    3.0962167739868165,
    3.0542226791381837,
    2.635524789492289,
    3.7643003463745117,
    3.5355401635169983,
    2.288133042199271,
    2.4496964045933316,
    2.974248170852661,
    2.7017462253570557,
    3.5749469995498657,
    2.2855920791625977,
    3.6229208111763,
    4.230496823787689,
    2.886439482371012,
    2.5063049452645436,
    2.972026308377584,
    2.7909739017486572,
    2.9997169971466064,
    2.391270024435861,
    3.8432796001434326,
    3.148818302154541,
    2.610660115877787,
    2.263699769973755,
    3.20349383354187,
    3.291202020645142,
    3.1939578533172606
  ],
  "checkpoint_metrics": {
    "100": {
      "avg_reward": 1.0,
      "avg_length": 5.5,
      "avg_step_time_ms": 3041.741856733958
    }
  }
}