{
  "episode_rewards": [
    -1.0,
    -1.0,
    0.0,
    1.0,
    -1.0,
    1.0,
    1.0,
    1.0,
    -1.0,
    1.0,
    1.0,
    -1.0,
    1.0,
    1.0,
    -1.0,
    -1.0,
    1.0,
    -1.0,
    -1.0,
    1.0,
    1.0,
    -1.0,
    -1.0,
    -1.0,
    1.0,
    1.0,
    1.0,
    1.0,
    1.0,
    1.0,
    1.0,
    -1.0,
    1.0,
    -1.0,
    -1.0,
    -1.0,
    1.0,
    1.0,
    -1.0,
    -1.0,
    1.0,
    1.0,
    -1.0,
    1.0,
    -1.0,
    1.0,
    1.0,
    -1.0,
    1.0,
    1.0,
    -1.0,
    -1.0,
    -1.0,
    1.0,
    1.0,
    1.0,
    -1.0,
    1.0,
    1.0,
    1.0,
    1.0,
    1.0,
    1.0,
    -1.0,
    1.0,
    -1.0,
    -1.0,
    1.0,
    -1.0,
    1.0,
    1.0,
    1.0,
    -1.0,
    1.0,
    -1.0,
    -1.0,
    1.0,
    1.0,
    1.0,
    1.0,
    -1.0,
    1.0,
    -1.0,
    1.0,
    1.0,
    1.0,
    -1.0,
    1.0,
    0.0,
    -1.0,
    -1.0,
    -1.0,
    1.0,
    -1.0,
    1.0,
    1.0,
    -1.0,
    0.0,
    1.0,
    -1.0
  ],
  "episode_lengths": [
    5,
    6,
    8,
    7,
    6,
    8,
    4,
    7,
    6,
    7,
    5,
    6,
    7,
    8,
    7,
    6,
    6,
    7,
    6,
    4,
    7,
    6,
    6,
    7,
    8,
    7,
    5,
    5,
    6,
    6,
    7,
    7,
    7,
    8,
    6,
    7,
    6,
    7,
    6,
    7,
    7,
    8,
    6,
    7,
    7,
    8,
    6,
    5,
    6,
    7,
    5,
    6,
    5,
    7,
    7,
    8,
    7,
    5,
    7,
    6,
    7,
    7,
    7,
    5,
    6,
    8,
    7,
    7,
    6,
    6,
    6,
    8,
    8,
    6,
    6,
    7,
    4,
    7,
    8,
    7,
    6,
    7,
    5,
    6,
    6,
    5,
    7,
    7,
    8,
    6,
    5,
    6,
    6,
    7,
    7,
    8,
    5,
    8,
    7,
    7
  ],
  "step_times": [
    0.010122728347778321,
    0.007438500722249349,
    0.006246656179428101,
    0.0074798039027622765,
    0.00733331839243571,
    0.005224019289016724,
    0.006866574287414551,
    0.00710606575012207,
    0.008329828580220541,
    0.007191181182861328,
    0.013097810745239257,
    0.01236259937286377,
    0.010807446071079798,
    0.009645670652389526,
    0.010887588773454939,
    0.01119089126586914,
    0.010456204414367676,
    0.01105349404471261,
    0.011987884839375814,
    0.01180809736251831,
    0.010416507720947266,
    0.01129448413848877,
    0.012422760327657064,
    0.012936898640223913,
    0.009625047445297241,
    0.013204029628208705,
    0.011749839782714844,
    0.028426074981689455,
    0.015579700469970703,
    0.016635775566101074,
    0.011629479272024972,
    0.014259951455252511,
    0.011106627328055245,
    0.009768009185791016,
    0.011304338773091635,
    0.00838477270943778,
    0.013347029685974121,
    0.010134662900652205,
    0.009493788083394369,
    0.012219463075910295,
    0.008549758366176061,
    0.013590604066848755,
    0.01187912623087565,
    0.011899198804582869,
    0.009506770542689733,
    0.01078099012374878,
    0.01060048739115397,
    0.013372182846069336,
    0.011731465657552084,
    0.011708463941301619,
    0.009539318084716798,
    0.013469696044921875,
    0.011742830276489258,
    0.009745529719761439,
    0.008871316909790039,
    0.009638160467147827,
    0.009804861886160714,
    0.010883140563964843,
    0.011336973735264369,
    0.011112014452616373,
    0.00945288794381278,
    0.010267938886369978,
    0.009300061634608678,
    0.012574720382690429,
    0.01045684019724528,
    0.009131789207458496,
    0.011073044368198939,
    0.010149478912353516,
    0.011494874954223633,
    0.011225700378417969,
    0.010269443194071451,
    0.008326202630996704,
    0.011212319135665894,
    0.008249719937642416,
    0.01185448964436849,
    0.010409832000732422,
    0.008998692035675049,
    0.012550251824515206,
    0.008788585662841797,
    0.010382584163120814,
    0.011119961738586426,
    0.011581148420061384,
    0.013524341583251952,
    0.01097544034322103,
    0.009386420249938965,
    0.012521648406982422,
    0.010115180696759905,
    0.01065863881792341,
    0.008925199508666992,
    0.013122757275899252,
    0.011705160140991211,
    0.010388016700744629,
    0.012209733327229818,
    0.011352368763514928,
    0.009135893412998744,
    0.010711193084716797,
    0.012920236587524414,
    0.011791825294494629,
    0.01107825551714216,
    0.011741093226841517
  ],
  "checkpoint_metrics": {
    "100": {
      "avg_reward": 0.45,
      "avg_length": 6.7,
      "avg_step_time_ms": 7.711490648133415
    }
  }
}