{
  "episode_rewards": [
    -1.0,
    1.0,
    -1.0,
    1.0,
    1.0,
    -1.0,
    -1.0,
    -1.0,
    1.0,
    -1.0,
    -1.0,
    1.0,
    -1.0,
    -1.0,
    -1.0,
    1.0,
    1.0,
    1.0,
    -1.0,
    -1.0,
    1.0,
    -1.0,
    -1.0,
    1.0,
    1.0,
    -1.0,
    1.0,
    -1.0,
    -1.0,
    1.0,
    -1.0,
    -1.0,
    -1.0,
    1.0,
    1.0,
    -1.0,
    1.0,
    -1.0,
    1.0,
    -1.0,
    -1.0,
    -1.0,
    -1.0,
    1.0,
    1.0,
    -1.0,
    -1.0,
    1.0,
    -1.0,
    1.0,
    -1.0,
    1.0,
    -1.0,
    1.0,
    -1.0,
    -1.0,
    -1.0,
    -1.0,
    -1.0,
    -1.0,
    1.0,
    -1.0,
    -1.0,
    1.0,
    1.0,
    -1.0,
    1.0,
    1.0,
    -1.0,
    -1.0,
    1.0,
    1.0,
    -1.0,
    1.0,
    1.0,
    -1.0,
    1.0,
    1.0,
    1.0,
    -1.0,
    -1.0,
    -1.0,
    1.0,
    1.0,
    -1.0,
    1.0,
    -1.0,
    -1.0,
    -1.0,
    1.0,
    1.0,
    -1.0,
    -1.0,
    1.0,
    1.0,
    1.0,
    1.0,
    -1.0,
    1.0,
    1.0
  ],
  "episode_lengths": [
    6,
    8,
    8,
    4,
    8,
    6,
    5,
    4,
    7,
    7,
    5,
    8,
    7,
    4,
    6,
    7,
    8,
    7,
    6,
    7,
    5,
    5,
    6,
    6,
    5,
    5,
    7,
    5,
    6,
    8,
    6,
    8,
    8,
    7,
    3,
    6,
    6,
    6,
    6,
    5,
    6,
    8,
    5,
    6,
    7,
    5,
    7,
    7,
    4,
    7,
    7,
    4,
    5,
    7,
    6,
    8,
    5,
    7,
    8,
    8,
    7,
    7,
    7,
    5,
    6,
    6,
    4,
    7,
    5,
    7,
    7,
    6,
    7,
    7,
    6,
    7,
    8,
    5,
    6,
    4,
    5,
    7,
    7,
    7,
    5,
    8,
    6,
    6,
    5,
    6,
    6,
    6,
    8,
    6,
    6,
    6,
    8,
    5,
    7,
    5
  ],
  "step_times": [
    0.0002148151397705078,
    0.00018268823623657227,
    0.00020581483840942383,
    0.00014394521713256836,
    0.00019124150276184082,
    0.00023241837819417319,
    0.00017185211181640624,
    0.00016421079635620117,
    0.0001907689230782645,
    0.00027254649571010044,
    0.00018105506896972656,
    0.0001780390739440918,
    0.00018743106297084263,
    0.00016635656356811523,
    0.00017583370208740234,
    0.00017602103097098215,
    0.00017598271369934082,
    0.00016120501926967075,
    0.0001882314682006836,
    0.000186920166015625,
    0.0002617835998535156,
    0.00017724037170410156,
    0.0002100070317586263,
    0.00015743573506673178,
    0.0001502513885498047,
    0.0002388477325439453,
    0.00016760826110839844,
    0.00017380714416503906,
    0.0001703500747680664,
    0.0001895427703857422,
    0.0002969503402709961,
    0.0002072155475616455,
    0.0004132986068725586,
    0.00019281251089913503,
    0.0001427332560221354,
    0.00019820531209309897,
    0.00015366077423095703,
    0.0001737674077351888,
    0.0001546939214070638,
    0.00017032623291015624,
    0.00026357173919677734,
    0.0002014636993408203,
    0.0001819133758544922,
    0.00015648206075032553,
    0.0002056530543736049,
    0.0002974033355712891,
    0.00018773760114397322,
    0.00017724718366350447,
    0.00016260147094726562,
    0.00017101424080984934,
    0.00023818016052246094,
    0.00014722347259521484,
    0.00016393661499023438,
    0.00016866411481584822,
    0.00016880035400390625,
    0.00027567148208618164,
    0.00021200180053710939,
    0.00018055098397391184,
    0.0002206265926361084,
    0.00019997358322143555,
    0.00022384098597935269,
    0.00019219943455287388,
    0.00018865721566336497,
    0.0001555919647216797,
    0.00016323725382486978,
    0.00020170211791992188,
    0.0001488327980041504,
    0.00016280582972935269,
    0.0002557277679443359,
    0.0003083092825753348,
    0.00020936557224818638,
    0.00015433629353841147,
    0.00017908641270228794,
    0.0001563685280936105,
    0.0001575946807861328,
    0.00029914719717843194,
    0.00017321109771728516,
    0.00015454292297363282,
    0.0001504818598429362,
    0.00017142295837402344,
    0.000310516357421875,
    0.00019523075648716519,
    0.00017840521676199778,
    0.00016134125845772878,
    0.00016536712646484376,
    0.0002238750457763672,
    0.0001804828643798828,
    0.00017873446146647135,
    0.00016398429870605468,
    0.0001540978749593099,
    0.00019749005635579428,
    0.0001700719197591146,
    0.00019088387489318848,
    0.0001846154530843099,
    0.0001773834228515625,
    0.00027179718017578125,
    0.00019046664237976074,
    0.0001689434051513672,
    0.00016954966953822544,
    0.00015311241149902345
  ],
  "checkpoint_metrics": {
    "100": {
      "avg_reward": 0.5,
      "avg_length": 6.4,
      "avg_step_time_ms": 0.1738530113583519
    }
  }
}