{
  "episode_rewards": [
    1.0,
    1.0,
    1.0,
    0.0,
    1.0,
    1.0,
    -1.0,
    1.0,
    1.0,
    -1.0,
    -1.0,
    1.0,
    1.0,
    0.0,
    1.0,
    1.0,
    1.0,
    -1.0,
    1.0,
    1.0,
    1.0,
    1.0,
    -1.0,
    0.0,
    1.0,
    1.0,
    1.0,
    1.0,
    1.0,
    1.0,
    1.0,
    -1.0,
    -1.0,
    1.0,
    0.0,
    1.0,
    1.0,
    -1.0,
    1.0,
    -1.0,
    1.0,
    1.0,
    1.0,
    -1.0,
    1.0,
    1.0,
    1.0,
    1.0,
    1.0,
    -1.0,
    -1.0,
    1.0,
    -1.0,
    1.0,
    1.0,
    -1.0,
    1.0,
    1.0,
    0.0,
    0.0,
    1.0,
    1.0,
    1.0,
    0.0,
    1.0,
    1.0,
    1.0,
    -1.0,
    1.0,
    0.0,
    -1.0,
    -1.0,
    -1.0,
    1.0,
    1.0,
    1.0,
    0.0,
    1.0,
    -1.0,
    1.0,
    1.0,
    -1.0,
    0.0,
    1.0,
    1.0,
    -1.0,
    1.0,
    -1.0,
    1.0,
    -1.0,
    -1.0,
    1.0,
    1.0,
    -1.0,
    0.0,
    -1.0,
    -1.0,
    0.0,
    -1.0,
    1.0
  ],
  "episode_lengths": [
    3,
    3,
    4,
    5,
    3,
    5,
    3,
    4,
    5,
    4,
    4,
    5,
    5,
    5,
    4,
    4,
    3,
    4,
    5,
    5,
    4,
    4,
    4,
    5,
    5,
    5,
    5,
    5,
    4,
    4,
    4,
    4,
    4,
    3,
    5,
    4,
    4,
    4,
    5,
    4,
    4,
    5,
    5,
    4,
    3,
    3,
    4,
    3,
    3,
    4,
    4,
    4,
    4,
    4,
    4,
    4,
    5,
    5,
    5,
    5,
    5,
    4,
    5,
    5,
    4,
    4,
    4,
    4,
    5,
    5,
    4,
    4,
    4,
    5,
    5,
    3,
    5,
    5,
    4,
    5,
    5,
    3,
    5,
    5,
    5,
    4,
    4,
    4,
    5,
    4,
    4,
    5,
    4,
    3,
    5,
    3,
    3,
    5,
    3,
    4
  ],
  "step_times": [
    0.0002040863037109375,
    9.195009867350261e-05,
    7.522106170654297e-05,
    8.020401000976562e-05,
    8.145968119303386e-05,
    8.85009765625e-05,
    8.392333984375e-05,
    0.00013297796249389648,
    0.00014057159423828126,
    8.553266525268555e-05,
    0.0002110600471496582,
    0.0001361370086669922,
    8.230209350585937e-05,
    8.096694946289063e-05,
    7.528066635131836e-05,
    0.0023146867752075195,
    0.002220710118611654,
    0.002255380153656006,
    0.0023114681243896484,
    0.0025403499603271484,
    0.002864658832550049,
    0.0023125410079956055,
    0.0027135610580444336,
    0.0023398399353027344,
    0.002316713333129883,
    0.002199602127075195,
    0.003105497360229492,
    0.0025491237640380858,
    0.002774953842163086,
    0.0025014281272888184,
    0.00261610746383667,
    0.002382040023803711,
    0.0022826194763183594,
    0.002492825190226237,
    0.002311420440673828,
    0.0026878714561462402,
    0.0023657679557800293,
    0.0026439428329467773,
    0.0021868228912353517,
    0.0022840499877929688,
    0.002248227596282959,
    0.002239704132080078,
    0.0024942398071289063,
    0.002520442008972168,
    0.002334435780843099,
    0.0024161338806152344,
    0.002369701862335205,
    0.0022575855255126953,
    0.0023812452952067056,
    0.002338886260986328,
    0.002653360366821289,
    0.002371847629547119,
    0.0022646188735961914,
    0.002199232578277588,
    0.0021663308143615723,
    0.0023761391639709473,
    0.0022190570831298827,
    0.0022492408752441406,
    0.0022756099700927735,
    0.0022788047790527344,
    0.0027213096618652344,
    0.002386033535003662,
    0.0024466514587402344,
    0.0024671077728271483,
    0.002255856990814209,
    0.002397000789642334,
    0.002602219581604004,
    0.002418696880340576,
    0.002231407165527344,
    0.0021294593811035157,
    0.002629995346069336,
    0.0027031302452087402,
    0.0027003884315490723,
    0.0023630619049072265,
    0.00238189697265625,
    0.0025673707326253257,
    0.002207326889038086,
    0.0021999359130859377,
    0.002243340015411377,
    0.0022219181060791015,
    0.0028556346893310546,
    0.002360184987386068,
    0.0023714542388916016,
    0.0028435230255126954,
    0.002379703521728516,
    0.002558469772338867,
    0.0020957589149475098,
    0.0023851990699768066,
    0.0023157596588134766,
    0.002317368984222412,
    0.0023427605628967285,
    0.002454805374145508,
    0.002193927764892578,
    0.0023546218872070312,
    0.002206277847290039,
    0.002537409464518229,
    0.0023908615112304688,
    0.0028142929077148438,
    0.0025270779927571616,
    0.0026668906211853027
  ],
  "checkpoint_metrics": {
    "100": {
      "avg_reward": -0.1,
      "avg_length": 4.25,
      "avg_step_time_ms": 0.11672834555308023
    }
  }
}