{
  "episode_rewards": [
    0.0,
    1.0,
    1.0,
    1.0,
    1.0,
    1.0,
    1.0,
    1.0,
    -1.0,
    0.0,
    0.0,
    1.0,
    -1.0,
    -1.0,
    -1.0,
    0.0,
    1.0,
    1.0,
    1.0,
    0.0,
    1.0,
    -1.0,
    1.0,
    1.0,
    1.0,
    1.0,
    1.0,
    1.0,
    0.0,
    -1.0,
    1.0,
    1.0,
    -1.0,
    0.0,
    1.0,
    -1.0,
    1.0,
    1.0,
    1.0,
    1.0,
    1.0,
    1.0,
    1.0,
    1.0,
    1.0,
    -1.0,
    -1.0,
    1.0,
    1.0,
    1.0,
    1.0,
    1.0,
    -1.0,
    1.0,
    1.0,
    0.0,
    1.0,
    1.0,
    1.0,
    1.0,
    1.0,
    1.0,
    1.0,
    1.0,
    1.0,
    1.0,
    1.0,
    0.0,
    1.0,
    1.0,
    1.0,
    -1.0,
    -1.0,
    0.0,
    1.0,
    -1.0,
    1.0,
    -1.0,
    0.0,
    -1.0,
    1.0,
    1.0,
    1.0,
    1.0,
    1.0,
    1.0,
    -1.0,
    -1.0,
    0.0,
    -1.0,
    0.0,
    -1.0,
    -1.0,
    1.0,
    0.0,
    1.0,
    1.0,
    1.0,
    1.0,
    1.0
  ],
  "episode_lengths": [
    5,
    4,
    4,
    4,
    5,
    5,
    5,
    4,
    4,
    5,
    5,
    4,
    4,
    3,
    4,
    5,
    3,
    4,
    3,
    5,
    5,
    4,
    5,
    5,
    4,
    4,
    5,
    3,
    5,
    4,
    5,
    5,
    3,
    5,
    5,
    4,
    3,
    4,
    4,
    5,
    4,
    4,
    3,
    5,
    4,
    3,
    4,
    3,
    4,
    5,
    4,
    4,
    4,
    4,
    4,
    5,
    4,
    3,
    5,
    4,
    4,
    4,
    4,
    4,
    4,
    4,
    4,
    5,
    5,
    5,
    4,
    4,
    4,
    5,
    4,
    4,
    3,
    3,
    5,
    3,
    3,
    4,
    4,
    5,
    4,
    3,
    4,
    3,
    5,
    4,
    5,
    3,
    4,
    3,
    5,
    5,
    4,
    5,
    4,
    4
  ],
  "step_times": [
    0.0004039287567138672,
    0.0005011558532714844,
    0.0004951953887939453,
    0.00025594234466552734,
    0.0005928516387939453,
    0.0006017208099365235,
    0.0005997180938720703,
    0.0005005002021789551,
    0.0004999637603759766,
    0.00043544769287109377,
    0.0006003379821777344,
    0.0005003213882446289,
    0.0005061030387878418,
    0.0003350575764973958,
    0.000499725341796875,
    0.0006097793579101562,
    0.0,
    0.0006740093231201172,
    0.0006757577260335287,
    0.00032482147216796877,
    0.0,
    0.0,
    0.0,
    0.0,
    0.0,
    0.003727555274963379,
    0.0004992008209228516,
    0.0,
    0.0,
    0.0,
    0.0,
    0.003176593780517578,
    0.0006663004557291666,
    0.0004027843475341797,
    0.0004002094268798828,
    0.0006611347198486328,
    0.0009280045827229818,
    0.0,
    0.0011870861053466797,
    0.00043168067932128904,
    0.0007461309432983398,
    0.0004992485046386719,
    0.0003349781036376953,
    0.000399017333984375,
    0.0005004405975341797,
    0.0009723504384358724,
    0.0008117556571960449,
    0.0009977022806803386,
    0.0007480978965759277,
    0.00040130615234375,
    0.0004960298538208008,
    0.000499427318572998,
    0.0006360411643981934,
    0.0005258917808532715,
    0.00048601627349853516,
    0.0,
    0.0,
    0.003534396489461263,
    0.0006033897399902344,
    0.0003752708435058594,
    0.00024759769439697266,
    0.0004994869232177734,
    0.0004999637603759766,
    0.00025010108947753906,
    0.0005001425743103027,
    0.0009878873825073242,
    0.0005240440368652344,
    0.00040035247802734376,
    0.0003996849060058594,
    0.00039992332458496096,
    0.000500023365020752,
    0.0005006790161132812,
    0.0002511143684387207,
    0.0007081508636474609,
    0.0,
    0.0,
    0.0,
    0.0,
    0.0,
    0.005338430404663086,
    0.0009999275207519531,
    0.000749051570892334,
    0.0004996061325073242,
    0.0004002571105957031,
    0.0004993677139282227,
    0.0003333886464436849,
    0.0010391473770141602,
    0.0006670951843261719,
    0.0003987789154052734,
    0.0004999637603759766,
    0.00039992332458496096,
    0.0006666978200276693,
    0.0005000829696655273,
    0.0,
    0.0011304378509521484,
    0.0003110408782958984,
    0.0007953643798828125,
    0.0003163337707519531,
    0.00040227174758911133,
    0.0
  ],
  "checkpoint_metrics": {
    "100": {
      "avg_reward": 0.75,
      "avg_length": 3.95,
      "avg_step_time_ms": 0.09028911590576172
    }
  }
}