{
  "episode_rewards": [
    1.0,
    0.0,
    1.0,
    -1.0,
    1.0,
    1.0,
    1.0,
    -1.0,
    -1.0,
    0.0,
    -1.0,
    -1.0,
    -1.0,
    0.0,
    -1.0,
    -1.0,
    1.0,
    -1.0,
    1.0,
    1.0,
    1.0,
    -1.0,
    1.0,
    1.0,
    1.0,
    1.0,
    1.0,
    -1.0,
    1.0,
    1.0,
    1.0,
    1.0,
    -1.0,
    -1.0,
    -1.0,
    1.0,
    1.0,
    1.0,
    1.0,
    -1.0,
    -1.0,
    1.0,
    -1.0,
    -1.0,
    1.0,
    1.0,
    1.0,
    0.0,
    1.0,
    -1.0,
    -1.0,
    -1.0,
    -1.0,
    1.0,
    -1.0,
    1.0,
    1.0,
    -1.0,
    1.0,
    1.0,
    1.0,
    1.0,
    -1.0,
    1.0,
    0.0,
    1.0,
    0.0,
    -1.0,
    1.0,
    1.0,
    -1.0,
    1.0,
    1.0,
    1.0,
    -1.0,
    1.0,
    -1.0,
    1.0,
    1.0,
    -1.0,
    1.0,
    1.0,
    1.0,
    -1.0,
    1.0,
    -1.0,
    0.0,
    -1.0,
    1.0,
    -1.0,
    0.0,
    -1.0,
    0.0,
    1.0,
    1.0,
    -1.0,
    1.0,
    1.0,
    -1.0,
    1.0
  ],
  "episode_lengths": [
    4,
    5,
    3,
    4,
    4,
    3,
    4,
    4,
    3,
    5,
    4,
    4,
    4,
    5,
    4,
    4,
    4,
    4,
    5,
    3,
    3,
    4,
    5,
    4,
    4,
    5,
    5,
    4,
    4,
    4,
    4,
    4,
    3,
    3,
    3,
    4,
    4,
    3,
    5,
    4,
    3,
    4,
    4,
    3,
    5,
    4,
    4,
    5,
    3,
    4,
    4,
    4,
    4,
    4,
    4,
    5,
    5,
    4,
    3,
    5,
    4,
    5,
    3,
    5,
    5,
    4,
    5,
    3,
    4,
    4,
    3,
    5,
    4,
    5,
    4,
    4,
    4,
    4,
    3,
    3,
    5,
    4,
    4,
    4,
    5,
    4,
    5,
    3,
    4,
    4,
    5,
    3,
    5,
    4,
    5,
    4,
    4,
    4,
    4,
    5
  ],
  "step_times": [
    0.0008920431137084961,
    0.0007380962371826172,
    0.001081705093383789,
    0.011333823204040527,
    0.0020557641983032227,
    0.0018352667490641277,
    0.0008723139762878418,
    0.0009992718696594238,
    0.0012954076131184895,
    0.0029964447021484375,
    0.0023131370544433594,
    0.0014106035232543945,
    0.0011748075485229492,
    0.0009650230407714844,
    0.0006888508796691895,
    0.001116335391998291,
    0.0010244250297546387,
    0.0006452202796936035,
    0.0004848957061767578,
    0.0007151762644449869,
    0.001226186752319336,
    0.0015987157821655273,
    0.0010087966918945312,
    0.0011618733406066895,
    0.0010079145431518555,
    0.0008679866790771484,
    0.0008636951446533203,
    0.0011783242225646973,
    0.0007840991020202637,
    0.0008857250213623047,
    0.0009181499481201172,
    0.0008407235145568848,
    0.0007673104604085287,
    0.0006139278411865234,
    0.0006465911865234375,
    0.0005325078964233398,
    0.00048601627349853516,
    0.000602563222249349,
    0.000586557388305664,
    0.0007689595222473145,
    0.001020352045694987,
    0.0009697675704956055,
    0.0008940696716308594,
    0.000990152359008789,
    0.0006209850311279297,
    0.0008853673934936523,
    0.000803828239440918,
    0.0007788658142089844,
    0.0011505285898844402,
    0.0008202791213989258,
    0.0007217526435852051,
    0.0005695819854736328,
    0.0005464553833007812,
    0.0007610917091369629,
    0.0008878111839294434,
    0.0004909038543701172,
    0.0004841327667236328,
    0.0005776882171630859,
    0.0006606578826904297,
    0.0006293296813964844,
    0.000644981861114502,
    0.0004731655120849609,
    0.0010293324788411458,
    0.0007137298583984375,
    0.0006499767303466796,
    0.0008072853088378906,
    0.0007584095001220703,
    0.001005252202351888,
    0.0007396936416625977,
    0.001084744930267334,
    0.0009891192118326824,
    0.0007516384124755859,
    0.0008136630058288574,
    0.0008261203765869141,
    0.0008913874626159668,
    0.0005679130554199219,
    0.0005165934562683105,
    0.00048154592514038086,
    0.0006203651428222656,
    0.0009319782257080078,
    0.0006980419158935547,
    0.0008259415626525879,
    0.0007812976837158203,
    0.0008260607719421387,
    0.0009366989135742188,
    0.0006685256958007812,
    0.0007347583770751954,
    0.0011819203694661458,
    0.0010628700256347656,
    0.0005919933319091797,
    0.0005993843078613281,
    0.0007893244425455729,
    0.0006051063537597656,
    0.0008859634399414062,
    0.0006882190704345703,
    0.0006633996963500977,
    0.000526726245880127,
    0.0005136728286743164,
    0.0005083084106445312,
    0.0006375789642333984
  ],
  "checkpoint_metrics": {
    "100": {
      "avg_reward": 0.65,
      "avg_length": 4.25,
      "avg_step_time_ms": 0.16232152779897055
    }
  }
}