{
  "episode_rewards": [
    1.0,
    1.0,
    1.0,
    1.0,
    1.0,
    0.0,
    -1.0,
    1.0,
    1.0,
    -1.0,
    1.0,
    0.0,
    -1.0,
    1.0,
    1.0,
    0.0,
    -1.0,
    1.0,
    1.0,
    1.0,
    1.0,
    1.0,
    1.0,
    1.0,
    1.0,
    1.0,
    1.0,
    1.0,
    1.0,
    -1.0,
    -1.0,
    -1.0,
    -1.0,
    1.0,
    1.0,
    1.0,
    1.0,
    0.0,
    1.0,
    0.0,
    1.0,
    1.0,
    1.0,
    1.0,
    1.0,
    1.0,
    -1.0,
    -1.0,
    1.0,
    1.0,
    1.0,
    -1.0,
    1.0,
    1.0,
    1.0,
    0.0,
    1.0,
    1.0,
    -1.0,
    1.0,
    1.0,
    1.0,
    1.0,
    0.0,
    0.0,
    1.0,
    -1.0,
    -1.0,
    1.0,
    1.0,
    1.0,
    -1.0,
    1.0,
    1.0,
    1.0,
    1.0,
    0.0,
    1.0,
    0.0,
    1.0,
    1.0,
    -1.0,
    0.0,
    0.0,
    1.0,
    0.0,
    -1.0,
    -1.0,
    1.0,
    1.0,
    0.0,
    1.0,
    1.0,
    1.0,
    1.0,
    1.0,
    1.0,
    0.0,
    0.0,
    1.0
  ],
  "episode_lengths": [
    5,
    5,
    5,
    5,
    5,
    5,
    3,
    4,
    4,
    4,
    4,
    5,
    3,
    4,
    3,
    5,
    4,
    5,
    5,
    4,
    5,
    5,
    5,
    4,
    4,
    4,
    5,
    4,
    4,
    4,
    4,
    3,
    4,
    5,
    4,
    5,
    5,
    5,
    4,
    5,
    4,
    5,
    4,
    5,
    4,
    5,
    4,
    4,
    5,
    5,
    4,
    3,
    4,
    5,
    3,
    5,
    5,
    4,
    4,
    5,
    5,
    4,
    4,
    5,
    5,
    5,
    4,
    3,
    5,
    5,
    5,
    4,
    4,
    4,
    5,
    5,
    5,
    5,
    5,
    5,
    4,
    4,
    5,
    5,
    4,
    5,
    3,
    4,
    5,
    4,
    5,
    4,
    4,
    4,
    3,
    4,
    5,
    5,
    5,
    5
  ],
  "step_times": [
    0.0007539272308349609,
    0.0013948917388916016,
    0.00040302276611328127,
    0.0016100406646728516,
    0.000199127197265625,
    0.0016359806060791016,
    0.0006705919901529948,
    0.0005041956901550293,
    0.0014559030532836914,
    0.0004996657371520996,
    0.0007507205009460449,
    0.0008005142211914062,
    0.0009967486063639324,
    0.0002509951591491699,
    0.0,
    0.0,
    0.0,
    0.0034044742584228515,
    0.0009989738464355469,
    0.0015891194343566895,
    0.0015667438507080077,
    0.0,
    0.0019261837005615234,
    0.0012097358703613281,
    0.0007779598236083984,
    0.0007506012916564941,
    0.0006006240844726562,
    0.0005028247833251953,
    0.0004992485046386719,
    0.0010464787483215332,
    0.0012492537498474121,
    0.0011719067891438801,
    0.0010025501251220703,
    0.0011995315551757812,
    0.0007508397102355957,
    0.0005992889404296875,
    0.0006318092346191406,
    0.0012004852294921875,
    0.001000046730041504,
    0.0008265495300292969,
    0.0009990930557250977,
    0.001001882553100586,
    0.0007493495941162109,
    0.0006000518798828125,
    0.0007516145706176758,
    0.0011993885040283204,
    0.0009978413581848145,
    0.0007860064506530762,
    0.0005994796752929688,
    0.0007993221282958984,
    0.0007554292678833008,
    0.0006595452626546224,
    0.0007503032684326172,
    0.0,
    0.0,
    0.0,
    0.002815580368041992,
    0.0005295872688293457,
    0.0007496476173400879,
    0.0008169174194335938,
    0.0008014202117919922,
    0.0007430315017700195,
    0.0009989142417907715,
    0.00040001869201660155,
    0.0006002426147460937,
    0.0011949539184570312,
    0.0008531808853149414,
    0.0006653467814127604,
    0.0008008480072021484,
    0.0007986545562744141,
    0.0010015487670898438,
    0.000998079776763916,
    0.0005050301551818848,
    0.0007529258728027344,
    0.0007717609405517578,
    0.001259756088256836,
    0.0009665012359619141,
    0.0011760711669921875,
    0.0002056121826171875,
    0.0,
    0.0,
    0.0,
    0.0034878730773925783,
    0.001312398910522461,
    0.0012493133544921875,
    0.0010152339935302734,
    0.0009980201721191406,
    0.0012496113777160645,
    0.0014281272888183594,
    0.0009983181953430176,
    0.0006008625030517578,
    0.000499725341796875,
    0.0007513761520385742,
    0.001000821590423584,
    0.0009987354278564453,
    0.0007511377334594727,
    0.0007984161376953125,
    0.0008006095886230469,
    0.0006256103515625,
    0.0
  ],
  "checkpoint_metrics": {
    "100": {
      "avg_reward": 0.1,
      "avg_length": 4.6,
      "avg_step_time_ms": 0.17229080200195312
    }
  }
}