{
  "episode_rewards": [
    0.0,
    -1.0,
    1.0,
    -1.0,
    1.0,
    -1.0,
    -1.0,
    1.0,
    1.0,
    1.0,
    1.0,
    1.0,
    1.0,
    1.0,
    1.0,
    0.0,
    1.0,
    1.0,
    1.0,
    1.0,
    1.0,
    1.0,
    0.0,
    1.0,
    1.0,
    1.0,
    1.0,
    -1.0,
    1.0,
    1.0,
    1.0,
    1.0,
    1.0,
    -1.0,
    -1.0,
    1.0,
    1.0,
    1.0,
    1.0,
    1.0,
    0.0,
    1.0,
    -1.0,
    -1.0,
    1.0,
    1.0,
    1.0,
    0.0,
    1.0,
    1.0,
    -1.0,
    0.0,
    1.0,
    1.0,
    -1.0,
    1.0,
    1.0,
    0.0,
    0.0,
    1.0,
    -1.0,
    1.0,
    1.0,
    0.0,
    0.0,
    1.0,
    1.0,
    1.0,
    1.0,
    1.0,
    1.0,
    0.0,
    -1.0,
    -1.0,
    -1.0,
    1.0,
    1.0,
    1.0,
    1.0,
    -1.0,
    -1.0,
    1.0,
    -1.0,
    0.0,
    1.0,
    1.0,
    1.0,
    1.0,
    0.0,
    1.0,
    -1.0,
    1.0,
    1.0,
    0.0,
    1.0,
    -1.0,
    1.0,
    1.0,
    1.0,
    1.0
  ],
  "episode_lengths": [
    5,
    4,
    4,
    4,
    5,
    4,
    4,
    4,
    5,
    4,
    4,
    4,
    4,
    3,
    5,
    5,
    4,
    5,
    3,
    3,
    4,
    4,
    5,
    3,
    4,
    3,
    4,
    3,
    5,
    3,
    4,
    5,
    4,
    4,
    3,
    4,
    4,
    3,
    3,
    3,
    5,
    4,
    4,
    4,
    4,
    5,
    3,
    5,
    4,
    4,
    4,
    5,
    4,
    4,
    4,
    4,
    4,
    5,
    5,
    5,
    3,
    4,
    4,
    5,
    5,
    5,
    3,
    4,
    5,
    5,
    3,
    5,
    4,
    4,
    3,
    3,
    5,
    4,
    5,
    4,
    4,
    5,
    4,
    5,
    5,
    5,
    5,
    5,
    5,
    5,
    4,
    3,
    4,
    5,
    4,
    4,
    5,
    5,
    5,
    4
  ],
  "step_times": [
    0.0046994686126708984,
    0.004012942314147949,
    0.003490447998046875,
    0.003078639507293701,
    0.0,
    0.006631731986999512,
    0.0031795501708984375,
    0.00280684232711792,
    0.002981710433959961,
    0.0,
    0.0010019540786743164,
    0.006619870662689209,
    0.0035005807876586914,
    0.003663221995035807,
    0.0022420406341552733,
    0.0025983333587646486,
    0.003503739833831787,
    0.0025189399719238283,
    0.004996935526529948,
    0.0040013790130615234,
    0.0012484192848205566,
    0.005659937858581543,
    0.0025507926940917967,
    0.0033336480458577475,
    0.0007647871971130371,
    0.005456288655598958,
    0.004153072834014893,
    0.006792704264322917,
    0.0027990341186523438,
    0.004176537195841472,
    0.0032491683959960938,
    0.0028130531311035155,
    0.003659963607788086,
    0.0029929280281066895,
    0.0,
    0.0060616135597229,
    0.005075395107269287,
    0.004291613896687825,
    0.003187100092569987,
    0.005466938018798828,
    0.0026698589324951174,
    0.0006920099258422852,
    0.004400491714477539,
    0.004794180393218994,
    0.0028080344200134277,
    0.0030475616455078124,
    0.004015604654947917,
    0.0015690326690673828,
    0.004236459732055664,
    0.0,
    0.007529020309448242,
    0.00248866081237793,
    0.003846108913421631,
    0.0030024051666259766,
    0.003126859664916992,
    0.003249049186706543,
    0.004062175750732422,
    0.0010034561157226563,
    0.003391933441162109,
    0.0033469200134277344,
    0.004447460174560547,
    0.0025795698165893555,
    0.0037344694137573242,
    0.0019062519073486327,
    0.003480052947998047,
    0.002889728546142578,
    0.005031665166219075,
    0.0031477808952331543,
    0.002750396728515625,
    0.002916908264160156,
    0.004852771759033203,
    0.003944826126098633,
    0.0036577582359313965,
    0.0024971365928649902,
    0.0005269845326741537,
    0.005181074142456055,
    0.004218482971191406,
    0.002502739429473877,
    0.0022006988525390624,
    0.0034926533699035645,
    0.0031467080116271973,
    0.003182792663574219,
    0.0027364492416381836,
    0.0024512767791748046,
    0.0017703056335449218,
    0.004108905792236328,
    0.003030252456665039,
    0.0011989593505859375,
    0.0018690109252929687,
    0.004733657836914063,
    0.0042642951011657715,
    0.004974524180094401,
    0.00291597843170166,
    0.0024023532867431642,
    0.0030000805854797363,
    0.004080593585968018,
    0.0022613048553466798,
    0.0036240577697753905,
    0.002888011932373047,
    0.002504885196685791
  ],
  "checkpoint_metrics": {
    "100": {
      "avg_reward": 0.65,
      "avg_length": 4.4,
      "avg_step_time_ms": 0.20963728427886963
    }
  }
}