{
  "episode_rewards": [
    1.0,
    -1.0,
    -1.0,
    1.0,
    1.0,
    1.0,
    1.0,
    1.0,
    1.0,
    1.0,
    -1.0,
    1.0,
    1.0,
    1.0,
    1.0,
    1.0,
    1.0,
    0.0,
    1.0,
    -1.0,
    1.0,
    1.0,
    1.0,
    -1.0,
    1.0,
    -1.0,
    -1.0,
    1.0,
    1.0,
    0.0,
    1.0,
    1.0,
    1.0,
    1.0,
    0.0,
    1.0,
    1.0,
    -1.0,
    -1.0,
    0.0,
    1.0,
    1.0,
    1.0,
    1.0,
    -1.0,
    1.0,
    1.0,
    1.0,
    -1.0,
    1.0,
    0.0,
    1.0,
    1.0,
    -1.0,
    1.0,
    -1.0,
    -1.0,
    1.0,
    1.0,
    -1.0,
    1.0,
    -1.0,
    0.0,
    1.0,
    -1.0,
    1.0,
    1.0,
    1.0,
    0.0,
    1.0,
    1.0,
    1.0,
    1.0,
    -1.0,
    -1.0,
    1.0,
    1.0,
    -1.0,
    1.0,
    1.0,
    1.0,
    -1.0,
    1.0,
    1.0,
    1.0,
    -1.0,
    -1.0,
    -1.0,
    1.0,
    1.0,
    1.0,
    1.0,
    -1.0,
    1.0,
    -1.0,
    1.0,
    1.0,
    -1.0,
    1.0,
    -1.0
  ],
  "episode_lengths": [
    4,
    4,
    4,
    5,
    4,
    5,
    4,
    5,
    5,
    5,
    3,
    3,
    5,
    5,
    4,
    4,
    4,
    5,
    4,
    4,
    4,
    4,
    4,
    3,
    5,
    4,
    3,
    5,
    4,
    5,
    3,
    4,
    3,
    3,
    5,
    5,
    3,
    4,
    4,
    5,
    5,
    4,
    3,
    5,
    4,
    4,
    3,
    4,
    4,
    5,
    5,
    4,
    4,
    4,
    5,
    4,
    4,
    4,
    4,
    3,
    5,
    3,
    5,
    4,
    4,
    5,
    4,
    4,
    5,
    4,
    4,
    4,
    5,
    4,
    4,
    4,
    3,
    4,
    4,
    4,
    4,
    4,
    4,
    4,
    3,
    4,
    4,
    4,
    3,
    3,
    5,
    3,
    4,
    3,
    4,
    5,
    4,
    3,
    5,
    4
  ],
  "step_times": [
    0.0010018348693847656,
    0.0004984140396118164,
    0.00042873620986938477,
    0.0003807544708251953,
    0.0004048347473144531,
    0.0004536151885986328,
    0.00043320655822753906,
    0.00037317276000976564,
    0.0005536079406738281,
    0.0006861209869384766,
    0.000785668690999349,
    0.0007165273030598959,
    0.0004772186279296875,
    0.00037322044372558596,
    0.0004506707191467285,
    0.0009080767631530762,
    0.0004987120628356934,
    0.00037274360656738283,
    0.00042998790740966797,
    0.0004171133041381836,
    0.0005452632904052734,
    0.0004234910011291504,
    0.0006284117698669434,
    0.0010715325673421223,
    0.00043702125549316406,
    0.0006366372108459473,
    0.0005040168762207031,
    0.00039033889770507814,
    0.0004107356071472168,
    0.00046281814575195314,
    0.0008305708567301432,
    0.00045102834701538086,
    0.0004820823669433594,
    0.0004685719807942708,
    0.0003754138946533203,
    0.000510263442993164,
    0.00048240025838216144,
    0.00041741132736206055,
    0.0007050633430480957,
    0.0004620552062988281,
    0.0005087852478027344,
    0.0004277229309082031,
    0.00047087669372558594,
    0.00036106109619140627,
    0.00042575597763061523,
    0.001066744327545166,
    0.0006266434987386068,
    0.00043457746505737305,
    0.000417172908782959,
    0.00036187171936035155,
    0.0005261421203613282,
    0.0004286766052246094,
    0.00040274858474731445,
    0.0005155205726623535,
    0.000618886947631836,
    0.0004987716674804688,
    0.0004113912582397461,
    0.00041598081588745117,
    0.00042301416397094727,
    0.0004942417144775391,
    0.0006447792053222656,
    0.0008974870045979818,
    0.00047311782836914065,
    0.00041961669921875,
    0.00043964385986328125,
    0.00047936439514160154,
    0.00040733814239501953,
    0.0004150867462158203,
    0.0003818035125732422,
    0.0005878806114196777,
    0.000532984733581543,
    0.00043195486068725586,
    0.00035691261291503906,
    0.0004341602325439453,
    0.00042766332626342773,
    0.0006222128868103027,
    0.0004802544911702474,
    0.0007523298263549805,
    0.0005384683609008789,
    0.0004570484161376953,
    0.0006140470504760742,
    0.00044226646423339844,
    0.0004075765609741211,
    0.0003935694694519043,
    0.0004876454671223958,
    0.0009949207305908203,
    0.00045168399810791016,
    0.00044161081314086914,
    0.0004891554514567057,
    0.00047842661539713543,
    0.0006960868835449219,
    0.0005253156026204427,
    0.000724494457244873,
    0.0009743372599283854,
    0.0007760524749755859,
    0.0004813671112060547,
    0.0004677772521972656,
    0.0005991458892822266,
    0.000512075424194336,
    0.0007997751235961914
  ],
  "checkpoint_metrics": {
    "100": {
      "avg_reward": 0.3,
      "avg_length": 4.4,
      "avg_step_time_ms": 0.1303390661875407
    }
  }
}