{
  "episode_rewards": [
    1.0,
    1.0,
    0.0,
    1.0,
    1.0,
    1.0,
    -1.0,
    1.0,
    1.0,
    1.0,
    1.0,
    1.0,
    -1.0,
    1.0,
    1.0,
    1.0,
    1.0,
    -1.0,
    0.0,
    -1.0,
    -1.0,
    1.0,
    -1.0,
    -1.0,
    1.0,
    1.0,
    -1.0,
    -1.0,
    -1.0,
    -1.0,
    1.0,
    1.0,
    1.0,
    1.0,
    1.0,
    1.0,
    -1.0,
    1.0,
    -1.0,
    1.0,
    1.0,
    1.0,
    1.0,
    1.0,
    1.0,
    1.0,
    -1.0,
    1.0,
    1.0,
    0.0,
    1.0,
    1.0,
    1.0,
    1.0,
    1.0,
    1.0,
    -1.0,
    -1.0,
    -1.0,
    1.0,
    0.0,
    1.0,
    1.0,
    -1.0,
    -1.0,
    -1.0,
    -1.0,
    1.0,
    1.0,
    1.0,
    -1.0,
    -1.0,
    1.0,
    1.0,
    1.0,
    1.0,
    -1.0,
    1.0,
    -1.0,
    -1.0,
    1.0,
    1.0,
    1.0,
    -1.0,
    1.0,
    1.0,
    1.0,
    1.0,
    -1.0,
    1.0,
    0.0,
    0.0,
    1.0,
    -1.0,
    1.0,
    0.0,
    1.0,
    1.0,
    1.0,
    1.0
  ],
  "episode_lengths": [
    4,
    3,
    5,
    5,
    5,
    4,
    3,
    4,
    4,
    5,
    5,
    4,
    4,
    5,
    4,
    5,
    5,
    4,
    5,
    4,
    4,
    5,
    4,
    3,
    5,
    5,
    4,
    3,
    4,
    3,
    4,
    5,
    4,
    5,
    5,
    4,
    4,
    5,
    4,
    5,
    3,
    5,
    3,
    4,
    5,
    5,
    4,
    4,
    5,
    5,
    4,
    5,
    4,
    4,
    4,
    5,
    3,
    3,
    3,
    4,
    5,
    4,
    5,
    3,
    3,
    3,
    4,
    3,
    5,
    4,
    4,
    3,
    4,
    4,
    4,
    4,
    4,
    5,
    4,
    4,
    4,
    4,
    5,
    4,
    3,
    3,
    4,
    4,
    4,
    4,
    5,
    5,
    5,
    3,
    5,
    5,
    4,
    3,
    3,
    3
  ],
  "step_times": [
    0.0005019307136535645,
    0.0,
    0.0,
    0.00020213127136230468,
    0.0,
    0.00024586915969848633,
    0.0003314812978108724,
    0.0,
    0.0,
    0.00020003318786621094,
    0.0002026081085205078,
    0.0,
    0.0002486109733581543,
    0.0,
    0.0,
    0.00020008087158203126,
    0.0,
    0.00025016069412231445,
    0.0,
    0.00025016069412231445,
    0.0002522468566894531,
    0.0,
    0.0002499222755432129,
    0.0,
    0.0002025604248046875,
    0.0002928256988525391,
    0.0,
    0.00038965543111165363,
    0.00015091896057128906,
    0.0,
    0.0002657771110534668,
    0.0,
    0.00025075674057006836,
    0.0,
    0.0,
    0.00024813413619995117,
    0.00025403499603271484,
    0.0,
    0.0002484917640686035,
    0.0,
    0.0003293355305989583,
    0.00020060539245605468,
    0.0,
    0.0,
    0.00019884109497070312,
    0.00020208358764648438,
    0.0,
    0.0,
    0.00019993782043457032,
    0.0,
    0.0,
    0.0002010822296142578,
    0.0,
    0.0,
    0.0002498030662536621,
    0.00024175643920898438,
    0.00027410189310709637,
    0.0,
    0.0,
    0.0,
    0.0,
    0.0,
    0.0,
    0.0,
    0.0010627110799153645,
    0.0,
    0.0,
    0.0,
    0.0,
    0.0,
    0.0,
    0.0,
    0.0,
    0.0,
    0.0,
    0.0,
    0.0,
    0.0,
    0.0,
    0.0,
    0.0,
    0.0,
    0.0,
    0.0,
    0.0,
    0.0,
    0.0,
    0.0,
    0.0,
    0.0,
    0.0,
    0.002514028549194336,
    0.00020222663879394532,
    0.00012787183125813803,
    0.00015845298767089844,
    0.0,
    0.0,
    0.00036152203877766925,
    0.0,
    0.0
  ],
  "checkpoint_metrics": {
    "100": {
      "avg_reward": 0.4,
      "avg_length": 4.2,
      "avg_step_time_ms": 0.03296077251434326
    }
  }
}