{
  "episode_rewards": [
    1.0,
    1.0,
    1.0,
    -1.0,
    -1.0,
    -1.0,
    1.0,
    1.0,
    1.0,
    1.0,
    1.0,
    -1.0,
    0.0,
    1.0,
    0.0,
    1.0,
    1.0,
    -1.0,
    1.0,
    1.0,
    1.0,
    1.0,
    0.0,
    -1.0,
    -1.0,
    -1.0,
    0.0,
    -1.0,
    1.0,
    -1.0,
    -1.0,
    0.0,
    1.0,
    1.0,
    0.0,
    -1.0,
    1.0,
    1.0,
    -1.0,
    -1.0,
    1.0,
    -1.0,
    -1.0,
    1.0,
    1.0,
    1.0,
    0.0,
    1.0,
    -1.0,
    1.0,
    -1.0,
    0.0,
    1.0,
    1.0,
    1.0,
    0.0,
    0.0,
    1.0,
    -1.0,
    -1.0,
    1.0,
    1.0,
    1.0,
    1.0,
    0.0,
    0.0,
    -1.0,
    1.0,
    1.0,
    0.0,
    1.0,
    1.0,
    1.0,
    1.0,
    1.0,
    1.0,
    -1.0,
    -1.0,
    -1.0,
    1.0,
    0.0,
    1.0,
    -1.0,
    -1.0,
    1.0,
    -1.0,
    0.0,
    1.0,
    -1.0,
    -1.0,
    1.0,
    1.0,
    1.0,
    1.0,
    -1.0,
    1.0,
    1.0,
    -1.0,
    1.0,
    -1.0
  ],
  "episode_lengths": [
    5,
    4,
    5,
    4,
    3,
    4,
    4,
    5,
    5,
    5,
    5,
    4,
    5,
    3,
    5,
    5,
    4,
    4,
    4,
    4,
    4,
    4,
    5,
    4,
    4,
    3,
    5,
    4,
    5,
    4,
    4,
    5,
    4,
    5,
    5,
    3,
    5,
    3,
    4,
    4,
    4,
    3,
    3,
    5,
    4,
    4,
    5,
    4,
    4,
    5,
    4,
    5,
    3,
    5,
    5,
    5,
    5,
    3,
    3,
    4,
    5,
    5,
    4,
    5,
    5,
    5,
    4,
    4,
    4,
    5,
    3,
    4,
    4,
    4,
    5,
    5,
    4,
    4,
    4,
    4,
    5,
    4,
    3,
    4,
    5,
    4,
    5,
    3,
    3,
    3,
    4,
    4,
    5,
    5,
    4,
    4,
    3,
    4,
    3,
    4
  ],
  "step_times": [
    0.003928613662719726,
    0.003917038440704346,
    0.004099512100219726,
    0.003955662250518799,
    0.004114230473836263,
    0.004601836204528809,
    0.003923773765563965,
    0.004040956497192383,
    0.004181098937988281,
    0.003988218307495117,
    0.004610443115234375,
    0.003985881805419922,
    0.00396580696105957,
    0.004327217737833659,
    0.004297304153442383,
    0.004155397415161133,
    0.0052703022956848145,
    0.0040177106857299805,
    0.0042594075202941895,
    0.004065454006195068,
    0.00421297550201416,
    0.004078090190887451,
    0.004022407531738281,
    0.004382133483886719,
    0.004140257835388184,
    0.004122575124104817,
    0.004343891143798828,
    0.004289388656616211,
    0.004244184494018555,
    0.004126608371734619,
    0.004531204700469971,
    0.0042439460754394535,
    0.0043770670890808105,
    0.004440736770629883,
    0.0039936542510986325,
    0.004993438720703125,
    0.004288005828857422,
    0.0040484269460042315,
    0.004141628742218018,
    0.004553020000457764,
    0.00425344705581665,
    0.004249016443888347,
    0.0044269561767578125,
    0.004238319396972656,
    0.003984630107879639,
    0.004954934120178223,
    0.00633707046508789,
    0.0052988529205322266,
    0.006066501140594482,
    0.006650733947753906,
    0.005411863327026367,
    0.0055942535400390625,
    0.007905006408691406,
    0.0054131031036376955,
    0.004180431365966797,
    0.0044746875762939455,
    0.0041541576385498045,
    0.006593068440755208,
    0.008713006973266602,
    0.00956571102142334,
    0.00864706039428711,
    0.05360713005065918,
    0.014676868915557861,
    0.040474987030029295,
    0.02254462242126465,
    0.010070323944091797,
    0.007551848888397217,
    0.007654309272766113,
    0.0065757036209106445,
    0.00726785659790039,
    0.005634466807047526,
    0.007696628570556641,
    0.009273707866668701,
    0.005520999431610107,
    0.006291341781616211,
    0.006202507019042969,
    0.004486739635467529,
    0.005202889442443848,
    0.00589221715927124,
    0.006724178791046143,
    0.004318904876708984,
    0.004193127155303955,
    0.004337469736735026,
    0.004101812839508057,
    0.004099082946777344,
    0.004561960697174072,
    0.004028606414794922,
    0.0048369566599528,
    0.004282553990681966,
    0.004598061243693034,
    0.004378020763397217,
    0.003925144672393799,
    0.0041080951690673825,
    0.004086637496948242,
    0.004207432270050049,
    0.004331111907958984,
    0.004397789637247722,
    0.004110276699066162,
    0.004316250483194987,
    0.004236459732055664
  ],
  "checkpoint_metrics": {
    "100": {
      "avg_reward": 0.45,
      "avg_length": 4.3,
      "avg_step_time_ms": 4.120988249778747
    }
  }
}