{
  "episode_rewards": [
    1.0,
    1.0,
    1.0,
    1.0,
    1.0,
    1.0,
    1.0,
    1.0,
    1.0,
    1.0,
    1.0,
    1.0,
    1.0,
    1.0,
    1.0,
    1.0,
    -1.0,
    1.0,
    1.0,
    1.0,
    1.0,
    1.0,
    1.0,
    1.0,
    -1.0,
    1.0,
    1.0,
    1.0,
    1.0,
    1.0,
    -1.0,
    1.0,
    1.0,
    1.0,
    1.0,
    1.0,
    1.0,
    1.0,
    1.0,
    1.0,
    0.0,
    1.0,
    1.0,
    -1.0,
    1.0,
    1.0,
    1.0,
    1.0,
    1.0,
    -1.0,
    1.0,
    1.0,
    1.0,
    1.0,
    1.0,
    1.0,
    1.0,
    1.0,
    1.0,
    1.0,
    1.0,
    1.0,
    1.0,
    1.0,
    1.0,
    1.0,
    1.0,
    1.0,
    1.0,
    1.0,
    1.0,
    0.0,
    -1.0,
    1.0,
    0.0,
    -1.0,
    1.0,
    1.0,
    1.0,
    1.0,
    1.0,
    1.0,
    1.0,
    -1.0,
    0.0,
    1.0,
    0.0,
    1.0,
    1.0,
    1.0,
    1.0,
    1.0,
    1.0,
    1.0,
    1.0,
    1.0,
    -1.0,
    1.0,
    1.0,
    1.0
  ],
  "episode_lengths": [
    3,
    3,
    4,
    3,
    4,
    3,
    3,
    3,
    4,
    3,
    3,
    3,
    4,
    4,
    4,
    4,
    3,
    4,
    3,
    4,
    3,
    4,
    4,
    4,
    3,
    4,
    3,
    4,
    3,
    3,
    3,
    3,
    3,
    3,
    4,
    4,
    4,
    3,
    4,
    3,
    5,
    4,
    3,
    3,
    4,
    4,
    3,
    4,
    3,
    3,
    4,
    4,
    3,
    4,
    3,
    4,
    3,
    4,
    3,
    4,
    3,
    4,
    3,
    4,
    3,
    4,
    4,
    3,
    3,
    3,
    3,
    5,
    3,
    4,
    5,
    3,
    4,
    4,
    3,
    5,
    4,
    4,
    4,
    3,
    5,
    3,
    5,
    3,
    4,
    4,
    4,
    4,
    4,
    4,
    3,
    3,
    4,
    4,
    3,
    4
  ],
  "step_times": [
    0.005809386571248372,
    0.002999385197957357,
    0.0028997063636779785,
    0.0016665458679199219,
    0.0018690228462219238,
    0.00558773676554362,
    0.0,
    0.005687713623046875,
    0.0022426843643188477,
    0.0013569990793863933,
    0.0,
    0.007871627807617188,
    0.0023826956748962402,
    0.002827465534210205,
    0.003524601459503174,
    0.003427267074584961,
    0.0033115545908610025,
    0.0027927756309509277,
    0.002778768539428711,
    0.0025519728660583496,
    0.00413815180460612,
    0.002763688564300537,
    0.0022489428520202637,
    0.0033321380615234375,
    0.0022684733072916665,
    0.0012944936752319336,
    0.005231221516927083,
    0.002507805824279785,
    0.002395153045654297,
    0.002331892649332682,
    0.003004789352416992,
    0.0026712417602539062,
    0.0033043225606282554,
    0.0019986629486083984,
    0.00247800350189209,
    0.0,
    0.004041612148284912,
    0.0,
    0.0040007829666137695,
    0.005326906840006511,
    0.0,
    0.003876030445098877,
    0.005432605743408203,
    0.0002827644348144531,
    0.004357397556304932,
    0.0025116801261901855,
    0.002751509348551432,
    0.002546370029449463,
    0.0029450257619222007,
    0.00299986203511556,
    0.002649068832397461,
    0.002503633499145508,
    0.003000497817993164,
    0.0022822022438049316,
    0.003003994623819987,
    0.003023207187652588,
    0.003002007802327474,
    0.0025444626808166504,
    0.002995570500691732,
    0.00356215238571167,
    0.0015679995218912761,
    0.0030451416969299316,
    0.0,
    0.0056836605072021484,
    0.0029151439666748047,
    0.00029599666595458984,
    0.005098819732666016,
    0.002670844395955404,
    0.00265351931254069,
    0.0026706854502360025,
    0.0029938220977783203,
    0.001999950408935547,
    0.0033823649088541665,
    0.002620100975036621,
    0.002399587631225586,
    0.002833684285481771,
    0.0025001168251037598,
    0.0025004148483276367,
    0.002697467803955078,
    0.0023998260498046876,
    0.0024999380111694336,
    0.001256108283996582,
    0.003653585910797119,
    0.003510077794392904,
    0.002239704132080078,
    0.0033686955769856772,
    0.00252680778503418,
    0.002337217330932617,
    0.0020939111709594727,
    0.0,
    0.003992021083831787,
    0.0,
    0.004245758056640625,
    0.004976809024810791,
    0.0029578208923339844,
    0.0033593972524007163,
    0.002331376075744629,
    0.002463698387145996,
    0.002723058064778646,
    0.0024782419204711914
  ],
  "checkpoint_metrics": {
    "100": {
      "avg_reward": 0.95,
      "avg_length": 3.6,
      "avg_step_time_ms": 2.408333420753479
    }
  }
}