{
  "episode_rewards": [
    1.0,
    1.0,
    1.0,
    -1.0,
    1.0,
    1.0,
    1.0,
    1.0,
    1.0,
    -1.0,
    1.0,
    0.0,
    -1.0,
    1.0,
    1.0,
    -1.0,
    1.0,
    1.0,
    1.0,
    1.0,
    0.0,
    1.0,
    1.0,
    1.0,
    1.0,
    1.0,
    -1.0,
    -1.0,
    1.0,
    -1.0,
    1.0,
    1.0,
    1.0,
    1.0,
    -1.0,
    1.0,
    1.0,
    1.0,
    1.0,
    -1.0,
    1.0,
    1.0,
    1.0,
    1.0,
    1.0,
    -1.0,
    1.0,
    -1.0,
    1.0,
    1.0,
    1.0,
    1.0,
    -1.0,
    -1.0,
    1.0,
    1.0,
    1.0,
    1.0,
    1.0,
    1.0,
    1.0,
    1.0,
    1.0,
    1.0,
    1.0,
    1.0,
    1.0,
    -1.0,
    1.0,
    1.0,
    0.0,
    0.0,
    1.0,
    1.0,
    1.0,
    1.0,
    1.0,
    -1.0,
    1.0,
    1.0,
    1.0,
    1.0,
    1.0,
    0.0,
    1.0,
    1.0,
    -1.0,
    1.0,
    -1.0,
    1.0,
    1.0,
    1.0,
    1.0,
    1.0,
    1.0,
    1.0,
    1.0,
    0.0,
    1.0,
    1.0
  ],
  "episode_lengths": [
    5,
    4,
    4,
    4,
    4,
    4,
    4,
    4,
    4,
    4,
    5,
    5,
    4,
    4,
    4,
    4,
    4,
    5,
    5,
    4,
    5,
    4,
    4,
    4,
    4,
    4,
    3,
    4,
    4,
    4,
    4,
    3,
    5,
    3,
    4,
    4,
    5,
    4,
    3,
    4,
    4,
    5,
    4,
    5,
    5,
    4,
    5,
    3,
    4,
    4,
    4,
    4,
    4,
    3,
    5,
    4,
    5,
    4,
    4,
    4,
    4,
    4,
    4,
    4,
    4,
    3,
    4,
    4,
    5,
    4,
    5,
    5,
    3,
    5,
    5,
    4,
    5,
    4,
    5,
    5,
    4,
    5,
    3,
    5,
    5,
    3,
    4,
    4,
    4,
    5,
    4,
    5,
    4,
    4,
    4,
    4,
    4,
    5,
    4,
    4
  ],
  "step_times": [
    0.005049467086791992,
    0.006013631820678711,
    0.005990922451019287,
    0.005707263946533203,
    0.005526363849639893,
    0.005629301071166992,
    0.005486011505126953,
    0.006187260150909424,
    0.005984008312225342,
    0.005600154399871826,
    0.004681825637817383,
    0.005386781692504883,
    0.006215333938598633,
    0.00586247444152832,
    0.0064261555671691895,
    0.006014645099639893,
    0.0061147212982177734,
    0.005344820022583008,
    0.004700708389282227,
    0.006776392459869385,
    0.006046438217163086,
    0.0068264007568359375,
    0.006145298480987549,
    0.007850944995880127,
    0.005885481834411621,
    0.006346702575683594,
    0.007193088531494141,
    0.005599558353424072,
    0.00628507137298584,
    0.005955398082733154,
    0.006254017353057861,
    0.0065613587697347,
    0.0051590919494628905,
    0.007329543431599935,
    0.006261646747589111,
    0.006260693073272705,
    0.005206680297851563,
    0.006387472152709961,
    0.006330410639444987,
    0.0064321160316467285,
    0.0059514641761779785,
    0.005070638656616211,
    0.005496382713317871,
    0.005058717727661133,
    0.004798030853271485,
    0.0064650774002075195,
    0.0048922538757324215,
    0.007012208302815755,
    0.005772292613983154,
    0.005995512008666992,
    0.0068961381912231445,
    0.005743265151977539,
    0.005780220031738281,
    0.0070722103118896484,
    0.005544328689575195,
    0.006502866744995117,
    0.005518388748168945,
    0.006720185279846191,
    0.005716800689697266,
    0.005792081356048584,
    0.005603015422821045,
    0.005813717842102051,
    0.006173670291900635,
    0.00605320930480957,
    0.0060405731201171875,
    0.007089773813883464,
    0.006053626537322998,
    0.006488621234893799,
    0.004732465744018555,
    0.0063013434410095215,
    0.005922174453735352,
    0.0054301261901855465,
    0.007448116938273112,
    0.005303144454956055,
    0.005063486099243164,
    0.006887376308441162,
    0.005537176132202148,
    0.007140815258026123,
    0.0054891109466552734,
    0.005316686630249023,
    0.005869090557098389,
    0.005295419692993164,
    0.007410685221354167,
    0.0054013729095458984,
    0.005151987075805664,
    0.006663322448730469,
    0.006308495998382568,
    0.005942881107330322,
    0.006130695343017578,
    0.004895591735839843,
    0.0062847137451171875,
    0.0051536083221435545,
    0.006844818592071533,
    0.006466031074523926,
    0.005590081214904785,
    0.0065378546714782715,
    0.00605851411819458,
    0.0056226253509521484,
    0.006071269512176514,
    0.0055786967277526855
  ],
  "checkpoint_metrics": {
    "100": {
      "avg_reward": 0.9,
      "avg_length": 3.9,
      "avg_step_time_ms": 0.1269759734471639
    }
  }
}