{
  "episode_rewards": [
    -1.0,
    1.0,
    0.0,
    -1.0,
    0.0,
    1.0,
    -1.0,
    -1.0,
    0.0,
    -1.0,
    -1.0,
    1.0,
    1.0,
    0.0,
    0.0,
    1.0,
    0.0,
    0.0,
    1.0,
    -1.0,
    1.0,
    -1.0,
    1.0,
    1.0,
    1.0,
    -1.0,
    1.0,
    -1.0,
    0.0,
    1.0,
    -1.0,
    1.0,
    -1.0,
    1.0,
    1.0,
    -1.0,
    1.0,
    1.0,
    0.0,
    0.0,
    -1.0,
    -1.0,
    1.0,
    -1.0,
    1.0,
    1.0,
    -1.0,
    -1.0,
    1.0,
    1.0,
    1.0,
    -1.0,
    0.0,
    1.0,
    -1.0,
    0.0,
    0.0,
    1.0,
    -1.0,
    -1.0,
    -1.0,
    1.0,
    1.0,
    1.0,
    -1.0,
    -1.0,
    0.0,
    0.0,
    1.0,
    1.0,
    1.0,
    1.0,
    1.0,
    1.0,
    -1.0,
    -1.0,
    1.0,
    1.0,
    0.0,
    1.0,
    -1.0,
    0.0,
    1.0,
    -1.0,
    1.0,
    1.0,
    1.0,
    0.0,
    -1.0,
    1.0,
    1.0,
    -1.0,
    -1.0,
    1.0,
    1.0,
    1.0,
    0.0,
    1.0,
    1.0,
    -1.0
  ],
  "episode_lengths": [
    4,
    5,
    5,
    4,
    5,
    4,
    4,
    4,
    5,
    3,
    4,
    4,
    5,
    5,
    5,
    5,
    5,
    5,
    5,
    3,
    3,
    4,
    3,
    5,
    5,
    4,
    4,
    4,
    5,
    4,
    4,
    5,
    4,
    5,
    4,
    4,
    5,
    3,
    5,
    5,
    3,
    4,
    4,
    4,
    5,
    5,
    4,
    4,
    4,
    4,
    5,
    4,
    5,
    5,
    4,
    5,
    5,
    4,
    3,
    4,
    3,
    5,
    4,
    4,
    3,
    4,
    5,
    5,
    4,
    4,
    3,
    4,
    5,
    5,
    3,
    3,
    5,
    4,
    5,
    5,
    4,
    5,
    3,
    3,
    5,
    3,
    4,
    5,
    4,
    3,
    4,
    4,
    4,
    5,
    3,
    4,
    5,
    4,
    5,
    4
  ],
  "step_times": [
    0.0014632940292358398,
    0.0013851165771484376,
    0.0012609004974365235,
    0.001922309398651123,
    0.0015360355377197266,
    0.0017319321632385254,
    0.0014060735702514648,
    0.00112837553024292,
    0.0010787010192871093,
    0.0014757315317789714,
    0.0011690855026245117,
    0.0011008977890014648,
    0.0011879920959472657,
    0.001067781448364258,
    0.0009517669677734375,
    0.0012880325317382812,
    0.0009546756744384765,
    0.0009521484375,
    0.0011783599853515624,
    0.0015448729197184246,
    0.0015908082326253254,
    0.0012796521186828613,
    0.001425027847290039,
    0.0009501934051513672,
    0.0012169361114501953,
    0.0019001364707946777,
    0.002209305763244629,
    0.002545773983001709,
    0.0011435508728027343,
    0.0016794800758361816,
    0.001238107681274414,
    0.0009969711303710938,
    0.00143510103225708,
    0.0010131359100341796,
    0.0011938214302062988,
    0.0016230940818786621,
    0.0010498523712158202,
    0.0015440781911214192,
    0.0010270118713378907,
    0.000970458984375,
    0.0019768079121907554,
    0.0012352466583251953,
    0.0012759566307067871,
    0.0011454224586486816,
    0.000993967056274414,
    0.0014777660369873046,
    0.001268923282623291,
    0.0011898279190063477,
    0.0012744665145874023,
    0.0012069344520568848,
    0.0012988567352294922,
    0.0012398362159729004,
    0.0009722709655761719,
    0.0009423255920410156,
    0.001324295997619629,
    0.0010527610778808595,
    0.0009564876556396485,
    0.0016642212867736816,
    0.0015243689219156902,
    0.0011199116706848145,
    0.0018834273020426433,
    0.0009822368621826172,
    0.001107633113861084,
    0.0011036992073059082,
    0.0014983812967936199,
    0.001242518424987793,
    0.0009484767913818359,
    0.001459503173828125,
    0.0011295080184936523,
    0.0011033415794372559,
    0.002370913823445638,
    0.0011156201362609863,
    0.0034739017486572266,
    0.0016912460327148438,
    0.002467075983683268,
    0.0030776659647623696,
    0.001344156265258789,
    0.0017393231391906738,
    0.001532602310180664,
    0.0015297412872314453,
    0.001963794231414795,
    0.0009588718414306641,
    0.0017994244893391926,
    0.0014086564381917317,
    0.0009476661682128907,
    0.002036412556966146,
    0.0011224746704101562,
    0.0009627342224121094,
    0.001222372055053711,
    0.0013924439748128254,
    0.0012698173522949219,
    0.0012624859809875488,
    0.0011913180351257324,
    0.0009503364562988281,
    0.0014138221740722656,
    0.0016651749610900879,
    0.0009585380554199219,
    0.0011173486709594727,
    0.0013697147369384766,
    0.001141667366027832
  ],
  "checkpoint_metrics": {
    "100": {
      "avg_reward": 0.4,
      "avg_length": 4.5,
      "avg_step_time_ms": 0.16866564750671387
    }
  }
}