{
  "episode_rewards": [
    -1.0,
    1.0,
    -1.0,
    -1.0,
    1.0,
    1.0,
    0.0,
    1.0,
    1.0,
    1.0,
    1.0,
    0.0,
    1.0,
    -1.0,
    -1.0,
    1.0,
    1.0,
    1.0,
    1.0,
    1.0,
    1.0,
    1.0,
    -1.0,
    1.0,
    1.0,
    1.0,
    1.0,
    1.0,
    -1.0,
    1.0,
    1.0,
    0.0,
    1.0,
    0.0,
    1.0,
    1.0,
    1.0,
    1.0,
    1.0,
    1.0,
    0.0,
    -1.0,
    1.0,
    -1.0,
    0.0,
    1.0,
    1.0,
    1.0,
    1.0,
    1.0,
    -1.0,
    0.0,
    1.0,
    0.0,
    1.0,
    1.0,
    1.0,
    1.0,
    1.0,
    1.0,
    1.0,
    1.0,
    0.0,
    1.0,
    1.0,
    1.0,
    1.0,
    1.0,
    1.0,
    -1.0,
    -1.0,
    1.0,
    1.0,
    1.0,
    1.0,
    1.0,
    -1.0,
    0.0,
    -1.0,
    1.0,
    1.0,
    1.0,
    0.0,
    1.0,
    1.0,
    1.0,
    1.0,
    -1.0,
    0.0,
    1.0,
    1.0,
    1.0,
    -1.0,
    0.0,
    1.0,
    -1.0,
    1.0,
    1.0,
    0.0,
    1.0
  ],
  "episode_lengths": [
    4,
    3,
    3,
    4,
    4,
    3,
    5,
    4,
    4,
    3,
    3,
    5,
    3,
    4,
    4,
    4,
    3,
    3,
    3,
    3,
    3,
    3,
    4,
    3,
    5,
    5,
    3,
    3,
    4,
    4,
    5,
    5,
    3,
    5,
    5,
    4,
    3,
    3,
    3,
    3,
    5,
    3,
    3,
    4,
    5,
    4,
    3,
    5,
    3,
    3,
    3,
    5,
    3,
    5,
    3,
    3,
    3,
    3,
    3,
    5,
    3,
    3,
    5,
    5,
    4,
    3,
    3,
    3,
    3,
    4,
    4,
    4,
    3,
    4,
    3,
    3,
    3,
    5,
    4,
    3,
    3,
    3,
    5,
    3,
    3,
    3,
    5,
    4,
    5,
    3,
    3,
    3,
    3,
    5,
    3,
    4,
    3,
    3,
    5,
    5
  ],
  "step_times": [
    0.022751688957214355,
    0.019562641779581707,
    0.02780469258626302,
    0.023700177669525146,
    0.021710753440856934,
    0.025178194046020508,
    0.015312814712524414,
    0.02508610486984253,
    0.020693957805633545,
    0.023624738057454426,
    0.020747979482014973,
    0.016701936721801758,
    0.025650183359781902,
    0.018639564514160156,
    0.021949052810668945,
    0.019170284271240234,
    0.027169307072957356,
    0.024836619695027668,
    0.01992193857828776,
    0.028032302856445312,
    0.022075573603312176,
    0.027893940607706707,
    0.01678377389907837,
    0.02981424331665039,
    0.018447399139404297,
    0.01834263801574707,
    0.01989118258158366,
    0.022060871124267578,
    0.02424401044845581,
    0.018721938133239746,
    0.016678857803344726,
    0.016615533828735353,
    0.019873380661010742,
    0.017826366424560546,
    0.014490938186645508,
    0.017650723457336426,
    0.022647380828857422,
    0.03027184804280599,
    0.01974598566691081,
    0.02218476931254069,
    0.016719579696655273,
    0.016528526941935223,
    0.027055819829305012,
    0.02254396677017212,
    0.018953895568847655,
    0.017339766025543213,
    0.022448221842447918,
    0.014941978454589843,
    0.02096271514892578,
    0.02777274449666341,
    0.022455692291259766,
    0.015270757675170898,
    0.01651612917582194,
    0.01611800193786621,
    0.028414408365885418,
    0.024466514587402344,
    0.020804802576700848,
    0.02139115333557129,
    0.0249636967976888,
    0.015715742111206056,
    0.021932522455851238,
    0.016268253326416016,
    0.015961503982543944,
    0.015856838226318358,
    0.014190673828125,
    0.02420186996459961,
    0.014572938283284506,
    0.025379419326782227,
    0.019740978876749676,
    0.016225695610046387,
    0.017453551292419434,
    0.015488862991333008,
    0.02054452896118164,
    0.016889214515686035,
    0.01952648162841797,
    0.02213899294535319,
    0.01572704315185547,
    0.013370513916015625,
    0.01971733570098877,
    0.01826786994934082,
    0.022066831588745117,
    0.018659432729085285,
    0.0153839111328125,
    0.01666148503621419,
    0.024439334869384766,
    0.020287434260050457,
    0.014250898361206054,
    0.015342235565185547,
    0.015154314041137696,
    0.019849220911661785,
    0.017485539118448894,
    0.021503289540608723,
    0.02163529396057129,
    0.01367645263671875,
    0.02060540517171224,
    0.016621708869934082,
    0.021087249120076496,
    0.01812465985616048,
    0.014728164672851563,
    0.01683497428894043
  ],
  "checkpoint_metrics": {
    "100": {
      "avg_reward": 0.75,
      "avg_length": 3.55,
      "avg_step_time_ms": 21.799007455507915
    }
  }
}