{
  "episode_rewards": [
    1.0,
    -1.0,
    -1.0,
    1.0,
    -1.0,
    -1.0,
    -1.0,
    0.0,
    1.0,
    1.0,
    -1.0,
    -1.0,
    -1.0,
    -1.0,
    1.0,
    1.0,
    1.0,
    1.0,
    -1.0,
    -1.0,
    0.0,
    -1.0,
    1.0,
    1.0,
    -1.0,
    0.0,
    1.0,
    1.0,
    -1.0,
    -1.0,
    1.0,
    1.0,
    -1.0,
    -1.0,
    1.0,
    1.0,
    1.0,
    1.0,
    1.0,
    -1.0,
    1.0,
    1.0,
    1.0,
    -1.0,
    1.0,
    1.0,
    1.0,
    0.0,
    1.0,
    1.0,
    -1.0,
    -1.0,
    1.0,
    1.0,
    1.0,
    -1.0,
    1.0,
    -1.0,
    1.0,
    1.0,
    1.0,
    1.0,
    -1.0,
    -1.0,
    -1.0,
    1.0,
    -1.0,
    -1.0,
    -1.0,
    -1.0,
    -1.0,
    1.0,
    0.0,
    1.0,
    1.0,
    0.0,
    1.0,
    1.0,
    1.0,
    1.0,
    1.0,
    1.0,
    1.0,
    1.0,
    -1.0,
    1.0,
    1.0,
    1.0,
    1.0,
    -1.0,
    -1.0,
    1.0,
    1.0,
    0.0,
    -1.0,
    -1.0,
    1.0,
    1.0,
    -1.0,
    -1.0
  ],
  "episode_lengths": [
    4,
    4,
    3,
    4,
    4,
    4,
    3,
    5,
    4,
    4,
    3,
    3,
    3,
    4,
    5,
    5,
    3,
    5,
    4,
    4,
    5,
    4,
    5,
    5,
    4,
    5,
    3,
    3,
    3,
    4,
    4,
    4,
    4,
    4,
    5,
    4,
    4,
    5,
    4,
    3,
    4,
    5,
    3,
    4,
    5,
    4,
    5,
    5,
    3,
    4,
    4,
    4,
    4,
    5,
    4,
    3,
    4,
    4,
    5,
    3,
    4,
    3,
    3,
    4,
    4,
    3,
    4,
    3,
    4,
    4,
    4,
    4,
    5,
    3,
    5,
    5,
    4,
    4,
    4,
    5,
    4,
    5,
    3,
    3,
    4,
    3,
    4,
    5,
    3,
    3,
    3,
    5,
    4,
    5,
    4,
    4,
    5,
    5,
    3,
    4
  ],
  "step_times": [
    0.00011241436004638672,
    8.374452590942383e-05,
    8.106231689453125e-05,
    7.218122482299805e-05,
    8.52346420288086e-05,
    0.00014740228652954102,
    0.00013796488444010416,
    0.00012488365173339843,
    0.00012135505676269531,
    7.539987564086914e-05,
    9.377797444661458e-05,
    8.12212626139323e-05,
    8.519490559895833e-05,
    8.046627044677734e-05,
    8.363723754882813e-05,
    8.344650268554688e-05,
    7.176399230957031e-05,
    7.314682006835938e-05,
    8.094310760498047e-05,
    8.243322372436523e-05,
    0.00015234947204589844,
    8.434057235717773e-05,
    7.491111755371093e-05,
    7.920265197753906e-05,
    8.159875869750977e-05,
    0.00013670921325683593,
    0.0001464684804280599,
    8.09033711751302e-05,
    8.114178975423177e-05,
    9.077787399291992e-05,
    0.00015622377395629883,
    0.0001373291015625,
    8.392333984375e-05,
    8.791685104370117e-05,
    7.376670837402343e-05,
    0.0002028942108154297,
    9.500980377197266e-05,
    8.673667907714844e-05,
    8.738040924072266e-05,
    0.00010228157043457031,
    8.851289749145508e-05,
    8.859634399414063e-05,
    8.757909138997395e-05,
    0.00010198354721069336,
    0.00011057853698730469,
    0.0002396106719970703,
    9.274482727050781e-05,
    9.608268737792969e-05,
    8.193651835123698e-05,
    9.417533874511719e-05,
    0.00011134147644042969,
    8.726119995117188e-05,
    8.541345596313477e-05,
    8.549690246582032e-05,
    8.881092071533203e-05,
    0.000240325927734375,
    0.00012487173080444336,
    8.183717727661133e-05,
    9.245872497558594e-05,
    8.757909138997395e-05,
    0.00010138750076293945,
    8.527437845865886e-05,
    0.00010045369466145833,
    0.0001062154769897461,
    0.00018477439880371094,
    0.0003368059794108073,
    0.00018018484115600586,
    0.0001361370086669922,
    0.00013566017150878906,
    0.00012534856796264648,
    0.0002034902572631836,
    7.11679458618164e-05,
    7.624626159667969e-05,
    7.263819376627605e-05,
    7.343292236328125e-05,
    0.00013165473937988282,
    6.967782974243164e-05,
    7.110834121704102e-05,
    7.05718994140625e-05,
    7.462501525878906e-05,
    0.00013715028762817383,
    7.32421875e-05,
    6.381670633951823e-05,
    6.572405497233073e-05,
    8.291006088256836e-05,
    0.00018874804178873697,
    8.0108642578125e-05,
    7.128715515136719e-05,
    6.500879923502605e-05,
    8.336702982584636e-05,
    0.00020901362101236978,
    8.521080017089843e-05,
    7.432699203491211e-05,
    7.97271728515625e-05,
    8.249282836914062e-05,
    0.0001576542854309082,
    7.586479187011718e-05,
    7.500648498535157e-05,
    7.955233256022136e-05,
    8.20159912109375e-05
  ],
  "checkpoint_metrics": {
    "100": {
      "avg_reward": -0.25,
      "avg_length": 4.25,
      "avg_step_time_ms": 0.09041011333465576
    }
  }
}