{
  "episode_rewards": [
    1.0,
    1.0,
    1.0,
    1.0,
    1.0,
    0.0,
    -1.0,
    -1.0,
    1.0,
    1.0,
    1.0,
    1.0,
    1.0,
    1.0,
    0.0,
    1.0,
    -1.0,
    -1.0,
    1.0,
    1.0,
    -1.0,
    1.0,
    -1.0,
    1.0,
    1.0,
    1.0,
    1.0,
    -1.0,
    -1.0,
    1.0,
    1.0,
    -1.0,
    -1.0,
    -1.0,
    0.0,
    1.0,
    1.0,
    1.0,
    -1.0,
    1.0,
    1.0,
    -1.0,
    -1.0,
    1.0,
    1.0,
    1.0,
    1.0,
    1.0,
    1.0,
    1.0,
    1.0,
    -1.0,
    1.0,
    0.0,
    -1.0,
    1.0,
    1.0,
    0.0,
    1.0,
    1.0,
    1.0,
    0.0,
    1.0,
    1.0,
    1.0,
    1.0,
    1.0,
    1.0,
    1.0,
    1.0,
    1.0,
    1.0,
    1.0,
    1.0,
    1.0,
    1.0,
    1.0,
    -1.0,
    1.0,
    1.0,
    1.0,
    0.0,
    0.0,
    1.0,
    1.0,
    1.0,
    -1.0,
    -1.0,
    1.0,
    1.0,
    0.0,
    1.0,
    1.0,
    -1.0,
    -1.0,
    1.0,
    0.0,
    1.0,
    0.0,
    1.0
  ],
  "episode_lengths": [
    5,
    5,
    5,
    3,
    4,
    5,
    4,
    4,
    3,
    5,
    5,
    5,
    4,
    4,
    5,
    5,
    4,
    4,
    4,
    3,
    4,
    5,
    3,
    5,
    3,
    5,
    5,
    4,
    4,
    5,
    3,
    4,
    4,
    3,
    5,
    4,
    4,
    3,
    3,
    5,
    5,
    4,
    4,
    5,
    5,
    4,
    5,
    3,
    3,
    4,
    3,
    4,
    5,
    5,
    4,
    5,
    4,
    5,
    4,
    5,
    4,
    5,
    3,
    5,
    5,
    5,
    4,
    5,
    4,
    4,
    5,
    5,
    5,
    4,
    4,
    3,
    5,
    4,
    4,
    5,
    4,
    5,
    5,
    4,
    4,
    4,
    4,
    4,
    5,
    5,
    5,
    4,
    5,
    3,
    4,
    4,
    5,
    4,
    5,
    5
  ],
  "step_times": [
    0.00020251274108886718,
    0.0,
    0.0,
    0.0,
    0.0,
    0.0,
    0.0,
    0.0,
    0.0,
    0.0,
    0.0,
    0.0,
    0.0,
    0.0,
    0.0032161712646484376,
    0.0,
    0.0055961012840271,
    0.002775132656097412,
    0.0026889443397521973,
    0.0018753210703531902,
    0.0,
    0.006006669998168945,
    0.0026380221048990884,
    0.002756071090698242,
    0.0023325284322102866,
    0.0016468048095703125,
    0.003875446319580078,
    0.0027825236320495605,
    0.0022548437118530273,
    0.002397489547729492,
    0.0023388067881266275,
    0.0019770264625549316,
    0.004951536655426025,
    0.0026668707529703775,
    0.0020477771759033203,
    0.0033783316612243652,
    0.0023761391639709473,
    0.0026712417602539062,
    0.0026655197143554688,
    0.0023998260498046876,
    0.002601003646850586,
    0.002749204635620117,
    0.0025774240493774414,
    0.0019405364990234375,
    0.003158235549926758,
    0.002783477306365967,
    0.0032806873321533205,
    0.002691030502319336,
    0.0023337999979654946,
    0.0025301575660705566,
    0.002334117889404297,
    0.0025002360343933105,
    0.002724027633666992,
    0.003022003173828125,
    0.0027619004249572754,
    0.00115814208984375,
    0.005440175533294678,
    0.002301788330078125,
    0.0,
    0.0033660888671875,
    0.003932833671569824,
    0.00331268310546875,
    0.003141164779663086,
    0.002453041076660156,
    0.0022817611694335937,
    0.0022783279418945312,
    0.0022499561309814453,
    0.0021996498107910156,
    0.0027754902839660645,
    0.0021011829376220703,
    0.0,
    0.0030394077301025392,
    0.0035913944244384765,
    0.004288792610168457,
    0.002250850200653076,
    0.003176132837931315,
    0.0025222301483154297,
    0.0029976367950439453,
    0.0026813149452209473,
    0.0026021957397460937,
    0.0024183988571166992,
    0.0026897907257080076,
    0.003004312515258789,
    0.0026587843894958496,
    0.0,
    0.004290938377380371,
    0.004030466079711914,
    0.002499222755432129,
    0.0013141155242919922,
    0.0033653736114501952,
    0.0,
    0.006054222583770752,
    0.003030538558959961,
    0.002713441848754883,
    0.002497732639312744,
    0.0027504563331604004,
    0.0026045322418212892,
    0.0024991631507873535,
    0.0017115116119384766,
    0.0031099319458007812
  ],
  "checkpoint_metrics": {
    "100": {
      "avg_reward": 0.65,
      "avg_length": 4.75,
      "avg_step_time_ms": 0.00940084457397461
    }
  }
}