{
  "episode_rewards": [
    1.0,
    1.0,
    1.0,
    1.0,
    1.0,
    1.0,
    1.0,
    1.0,
    1.0,
    1.0,
    1.0,
    1.0,
    1.0,
    1.0,
    1.0,
    1.0,
    1.0,
    1.0,
    1.0,
    1.0,
    1.0,
    1.0,
    1.0,
    1.0,
    1.0,
    1.0,
    1.0,
    1.0,
    1.0,
    1.0,
    1.0,
    1.0,
    1.0,
    1.0,
    1.0,
    1.0,
    1.0,
    1.0,
    1.0,
    1.0,
    1.0,
    1.0,
    1.0,
    1.0,
    1.0,
    1.0,
    1.0,
    1.0,
    1.0,
    1.0,
    1.0,
    1.0,
    1.0,
    1.0,
    1.0,
    1.0,
    1.0,
    1.0,
    1.0,
    1.0,
    1.0,
    1.0,
    1.0,
    1.0,
    1.0,
    1.0,
    1.0,
    1.0,
    1.0,
    1.0,
    1.0,
    1.0,
    1.0,
    1.0,
    1.0,
    1.0,
    1.0,
    1.0,
    1.0,
    1.0,
    1.0,
    0.0,
    1.0,
    1.0,
    1.0,
    1.0,
    1.0,
    1.0,
    1.0,
    1.0,
    1.0,
    1.0,
    1.0,
    1.0,
    1.0,
    1.0,
    1.0,
    1.0,
    1.0,
    0.0
  ],
  "episode_lengths": [
    4,
    4,
    3,
    3,
    3,
    3,
    3,
    3,
    3,
    3,
    4,
    4,
    3,
    3,
    4,
    3,
    3,
    4,
    3,
    3,
    3,
    4,
    3,
    3,
    3,
    3,
    3,
    3,
    3,
    3,
    4,
    3,
    3,
    4,
    3,
    4,
    3,
    3,
    3,
    5,
    3,
    4,
    3,
    4,
    4,
    3,
    3,
    4,
    4,
    4,
    4,
    4,
    3,
    4,
    5,
    3,
    5,
    4,
    4,
    3,
    3,
    3,
    4,
    3,
    4,
    4,
    3,
    3,
    4,
    3,
    4,
    3,
    3,
    3,
    4,
    4,
    3,
    4,
    3,
    3,
    4,
    5,
    5,
    5,
    3,
    3,
    4,
    3,
    3,
    3,
    4,
    3,
    3,
    4,
    4,
    3,
    4,
    4,
    3,
    5
  ],
  "step_times": [
    0.0285758376121521,
    0.027492642402648926,
    0.036333322525024414,
    0.03340792655944824,
    0.03508806228637695,
    0.03585378328959147,
    0.04062326749165853,
    0.039809226989746094,
    0.03477048873901367,
    0.03365349769592285,
    0.029174387454986572,
    0.029040515422821045,
    0.03444409370422363,
    0.03312071164449056,
    0.028417766094207764,
    0.03559136390686035,
    0.03553016980489095,
    0.028074264526367188,
    0.03551077842712402,
    0.03435786565144857,
    0.03431471188863119,
    0.02865433692932129,
    0.03339393933614095,
    0.035013278325398765,
    0.03411181767781576,
    0.03487189610799154,
    0.0348204771677653,
    0.0339194138844808,
    0.03604229291280111,
    0.0351103941599528,
    0.029013395309448242,
    0.035200277964274086,
    0.03496217727661133,
    0.02993929386138916,
    0.03492140769958496,
    0.027788937091827393,
    0.03407859802246094,
    0.03534364700317383,
    0.034777561823527016,
    0.021817493438720702,
    0.035607496897379555,
    0.02772599458694458,
    0.03497608502705892,
    0.026745319366455078,
    0.027824103832244873,
    0.03348088264465332,
    0.03421680132548014,
    0.028645634651184082,
    0.02634495496749878,
    0.028406202793121338,
    0.02772599458694458,
    0.028144896030426025,
    0.03508981068929037,
    0.027810275554656982,
    0.023798513412475585,
    0.03565033276875814,
    0.023526954650878906,
    0.02680051326751709,
    0.027647554874420166,
    0.03589471181233724,
    0.03406961758931478,
    0.03458277384440104,
    0.028807222843170166,
    0.03368687629699707,
    0.02803117036819458,
    0.028549134731292725,
    0.03473472595214844,
    0.035240491231282554,
    0.027834773063659668,
    0.035452842712402344,
    0.029705524444580078,
    0.03587420781453451,
    0.034598588943481445,
    0.03566424051920573,
    0.02596956491470337,
    0.027708351612091064,
    0.03407152493794759,
    0.026509106159210205,
    0.03522348403930664,
    0.035091002782185875,
    0.02891749143600464,
    0.02303624153137207,
    0.02171335220336914,
    0.022125387191772462,
    0.03383803367614746,
    0.036309242248535156,
    0.0284997820854187,
    0.03327298164367676,
    0.03467782338460287,
    0.03573981920878092,
    0.029605329036712646,
    0.03364427884419759,
    0.0350488026936849,
    0.028768539428710938,
    0.026553213596343994,
    0.03638156255086263,
    0.02713930606842041,
    0.027119159698486328,
    0.03348628679911295,
    0.022304534912109375
  ],
  "checkpoint_metrics": {
    "100": {
      "avg_reward": 0.95,
      "avg_length": 3.65,
      "avg_step_time_ms": 31.173544724782307
    }
  }
}