{
  "episode_rewards": [
    1.0,
    1.0,
    1.0,
    1.0,
    1.0,
    0.0,
    -1.0,
    -1.0,
    1.0,
    1.0,
    1.0,
    1.0,
    1.0,
    1.0,
    0.0,
    1.0,
    1.0,
    1.0,
    1.0,
    1.0,
    -1.0,
    1.0,
    1.0,
    1.0,
    1.0,
    1.0,
    0.0,
    -1.0,
    -1.0,
    1.0,
    1.0,
    1.0,
    1.0,
    -1.0,
    1.0,
    0.0,
    -1.0,
    -1.0,
    1.0,
    1.0,
    1.0,
    -1.0,
    -1.0,
    1.0,
    1.0,
    1.0,
    -1.0,
    1.0,
    -1.0,
    1.0,
    -1.0,
    1.0,
    -1.0,
    1.0,
    -1.0,
    -1.0,
    -1.0,
    1.0,
    1.0,
    1.0,
    1.0,
    -1.0,
    1.0,
    0.0,
    1.0,
    1.0,
    -1.0,
    0.0,
    1.0,
    1.0,
    1.0,
    -1.0,
    -1.0,
    1.0,
    1.0,
    1.0,
    1.0,
    1.0,
    1.0,
    1.0,
    1.0,
    1.0,
    1.0,
    1.0,
    1.0,
    1.0,
    0.0,
    1.0,
    0.0,
    1.0,
    1.0,
    0.0,
    0.0,
    1.0,
    -1.0,
    1.0,
    1.0,
    0.0,
    -1.0,
    1.0
  ],
  "episode_lengths": [
    5,
    5,
    5,
    3,
    4,
    5,
    4,
    4,
    3,
    5,
    5,
    5,
    4,
    4,
    5,
    4,
    5,
    4,
    3,
    4,
    4,
    3,
    5,
    4,
    4,
    4,
    5,
    4,
    4,
    4,
    4,
    4,
    4,
    4,
    5,
    5,
    3,
    4,
    4,
    4,
    5,
    3,
    4,
    5,
    4,
    4,
    3,
    4,
    4,
    4,
    4,
    5,
    4,
    4,
    3,
    3,
    3,
    4,
    3,
    4,
    5,
    4,
    5,
    5,
    5,
    5,
    4,
    5,
    4,
    5,
    5,
    4,
    4,
    4,
    4,
    5,
    5,
    5,
    4,
    5,
    5,
    4,
    4,
    4,
    5,
    5,
    5,
    5,
    5,
    5,
    4,
    5,
    5,
    4,
    4,
    5,
    5,
    5,
    4,
    4
  ],
  "step_times": [
    0.0,
    0.0,
    0.0,
    0.0,
    0.0015742182731628418,
    0.0,
    0.0005046725273132324,
    0.0,
    0.0,
    0.0,
    0.0012394905090332032,
    0.00019817352294921876,
    0.0,
    0.00025027990341186523,
    0.008173656463623048,
    0.01308828592300415,
    0.003401374816894531,
    0.004499614238739014,
    0.006000041961669922,
    0.0030457377433776855,
    0.003770887851715088,
    0.003570079803466797,
    0.004370546340942383,
    0.0033333301544189453,
    0.0033530592918395996,
    0.002785325050354004,
    0.001797962188720703,
    0.0019999146461486816,
    0.002249479293823242,
    0.002306699752807617,
    0.004550039768218994,
    0.00250321626663208,
    0.0028194785118103027,
    0.002342402935028076,
    0.0018846988677978516,
    0.0018386363983154297,
    0.0026672681172688804,
    0.0012292861938476562,
    0.0,
    0.004651427268981934,
    0.0019032478332519532,
    0.002019087473551432,
    0.0004152059555053711,
    0.00390625,
    0.002220630645751953,
    0.0025486350059509277,
    0.0020004908243815103,
    0.002250492572784424,
    0.002288997173309326,
    0.0022745132446289062,
    0.002012312412261963,
    0.0018388748168945313,
    0.0017799139022827148,
    0.004170060157775879,
    0.0,
    0.0,
    0.007205486297607422,
    0.002033054828643799,
    0.0019996166229248047,
    0.00024968385696411133,
    0.00430912971496582,
    0.0022526979446411133,
    0.0020402908325195313,
    0.0017725467681884766,
    0.0020008087158203125,
    0.00053558349609375,
    0.005001723766326904,
    0.0023998260498046876,
    0.0024996399879455566,
    0.001548004150390625,
    0.0034635066986083984,
    0.002629697322845459,
    0.0013668537139892578,
    0.0,
    0.004197895526885986,
    0.003265571594238281,
    0.0,
    0.0034247398376464843,
    0.004983425140380859,
    0.002416849136352539,
    0.0023433685302734373,
    0.002001464366912842,
    0.0005002617835998535,
    0.003312528133392334,
    0.0032348155975341795,
    0.0,
    0.003536510467529297,
    0.0031729221343994142,
    0.003337717056274414,
    0.0024324893951416016,
    0.002855360507965088,
    0.0019527435302734374,
    0.003109169006347656,
    0.0002529025077819824,
    0.004410803318023682,
    0.002030611038208008,
    0.0024019718170166016,
    0.002456045150756836,
    0.002143681049346924,
    0.0016568899154663086
  ],
  "checkpoint_metrics": {
    "100": {
      "avg_reward": 0.6,
      "avg_length": 4.6,
      "avg_step_time_ms": 0.0
    }
  }
}