{
  "episode_rewards": [
    1.0,
    1.0,
    1.0,
    1.0,
    1.0,
    1.0,
    0.0,
    1.0,
    1.0,
    1.0,
    1.0,
    1.0,
    -1.0,
    1.0,
    0.0,
    1.0,
    1.0,
    1.0,
    1.0,
    1.0,
    1.0,
    1.0,
    1.0,
    1.0,
    1.0,
    -1.0,
    1.0,
    1.0,
    1.0,
    1.0,
    1.0,
    1.0,
    1.0,
    1.0,
    1.0,
    1.0,
    1.0,
    -1.0,
    1.0,
    1.0,
    1.0,
    1.0,
    1.0,
    1.0,
    1.0,
    0.0,
    1.0,
    1.0,
    1.0,
    1.0,
    1.0,
    1.0,
    1.0,
    1.0,
    1.0,
    0.0,
    1.0,
    1.0,
    0.0,
    1.0,
    1.0,
    1.0,
    1.0,
    1.0,
    1.0,
    -1.0,
    1.0,
    1.0,
    1.0,
    1.0,
    1.0,
    -1.0,
    1.0,
    1.0,
    1.0,
    0.0,
    1.0,
    0.0,
    1.0,
    -1.0,
    1.0,
    -1.0,
    1.0,
    1.0,
    1.0,
    -1.0,
    1.0,
    1.0,
    1.0,
    1.0,
    1.0,
    1.0,
    1.0,
    1.0,
    1.0,
    1.0,
    1.0,
    0.0,
    1.0,
    1.0
  ],
  "episode_lengths": [
    5,
    5,
    4,
    5,
    4,
    4,
    5,
    4,
    5,
    5,
    4,
    5,
    3,
    5,
    5,
    4,
    5,
    5,
    3,
    4,
    5,
    5,
    4,
    5,
    4,
    3,
    5,
    3,
    4,
    5,
    4,
    4,
    3,
    4,
    5,
    4,
    4,
    4,
    5,
    4,
    4,
    5,
    5,
    5,
    4,
    5,
    3,
    4,
    4,
    5,
    4,
    4,
    5,
    4,
    4,
    5,
    5,
    5,
    5,
    4,
    4,
    4,
    4,
    5,
    5,
    4,
    4,
    5,
    4,
    5,
    4,
    3,
    5,
    4,
    5,
    5,
    5,
    5,
    5,
    3,
    4,
    4,
    3,
    3,
    4,
    4,
    4,
    4,
    3,
    5,
    4,
    4,
    4,
    5,
    5,
    5,
    5,
    5,
    5,
    5
  ],
  "step_times": [
    0.007930374145507813,
    0.00756678581237793,
    0.008822798728942871,
    0.00722050666809082,
    0.008301734924316406,
    0.008577883243560791,
    0.008812189102172852,
    0.008888721466064453,
    0.007140159606933594,
    0.008115339279174804,
    0.009668707847595215,
    0.007630014419555664,
    0.010312636693318685,
    0.008022642135620118,
    0.008167648315429687,
    0.010205566883087158,
    0.007539796829223633,
    0.007036876678466797,
    0.01064753532409668,
    0.009688913822174072,
    0.007983064651489258,
    0.007751560211181641,
    0.009630203247070312,
    0.0077892780303955075,
    0.009015858173370361,
    0.012011210123697916,
    0.007989025115966797,
    0.011259078979492188,
    0.008993387222290039,
    0.0071065425872802734,
    0.009173572063446045,
    0.008523166179656982,
    0.010213534037272135,
    0.008773982524871826,
    0.0073315143585205075,
    0.0088273286819458,
    0.013947665691375732,
    0.009745478630065918,
    0.008457183837890625,
    0.009339570999145508,
    0.009357631206512451,
    0.007499122619628906,
    0.008278846740722656,
    0.007679080963134766,
    0.008272707462310791,
    0.008410835266113281,
    0.010263204574584961,
    0.00987863540649414,
    0.00900179147720337,
    0.0076138019561767575,
    0.009056925773620605,
    0.009049534797668457,
    0.007587289810180664,
    0.00899416208267212,
    0.009151160717010498,
    0.009120702743530273,
    0.009040355682373047,
    0.0072288036346435545,
    0.007822561264038085,
    0.008848905563354492,
    0.009507536888122559,
    0.008182108402252197,
    0.009119570255279541,
    0.007615280151367187,
    0.007690572738647461,
    0.009223699569702148,
    0.008743345737457275,
    0.008035802841186523,
    0.008485972881317139,
    0.007590055465698242,
    0.009705007076263428,
    0.011009454727172852,
    0.007531166076660156,
    0.008088350296020508,
    0.007562780380249023,
    0.008424663543701172,
    0.008280229568481446,
    0.007700157165527344,
    0.007435321807861328,
    0.011052211125691732,
    0.008877158164978027,
    0.00953441858291626,
    0.009894927342732748,
    0.010209004084269205,
    0.00918346643447876,
    0.010093629360198975,
    0.009088218212127686,
    0.009259223937988281,
    0.010926405588785807,
    0.007872867584228515,
    0.0090598464012146,
    0.008866429328918457,
    0.008623242378234863,
    0.008007335662841796,
    0.006901693344116211,
    0.008423900604248047,
    0.007393932342529297,
    0.008008623123168945,
    0.007466506958007812,
    0.00747065544128418
  ],
  "checkpoint_metrics": {
    "100": {
      "avg_reward": 0.55,
      "avg_length": 4.2,
      "avg_step_time_ms": 8.901470303535461
    }
  }
}