{
  "episode_rewards": [
    1.0,
    1.0,
    0.0,
    -1.0,
    -1.0,
    1.0,
    1.0,
    1.0,
    1.0,
    -1.0,
    -1.0,
    -1.0,
    1.0,
    1.0,
    1.0,
    0.0,
    1.0,
    1.0,
    -1.0,
    1.0,
    0.0,
    1.0,
    0.0,
    1.0,
    -1.0,
    1.0,
    1.0,
    -1.0,
    1.0,
    1.0,
    -1.0,
    1.0,
    1.0,
    1.0,
    -1.0,
    1.0,
    -1.0,
    1.0,
    1.0,
    1.0,
    1.0,
    0.0,
    1.0,
    1.0,
    1.0,
    1.0,
    1.0,
    0.0,
    1.0,
    1.0,
    1.0,
    1.0,
    1.0,
    1.0,
    1.0,
    -1.0,
    0.0,
    -1.0,
    1.0,
    1.0,
    1.0,
    1.0,
    1.0,
    1.0,
    -1.0,
    -1.0,
    1.0,
    -1.0,
    1.0,
    -1.0,
    -1.0,
    1.0,
    1.0,
    1.0,
    0.0,
    0.0,
    0.0,
    0.0,
    -1.0,
    0.0,
    1.0,
    -1.0,
    1.0,
    1.0,
    -1.0,
    1.0,
    0.0,
    1.0,
    -1.0,
    1.0,
    1.0,
    1.0,
    -1.0,
    1.0,
    1.0,
    1.0,
    1.0,
    1.0,
    0.0,
    1.0
  ],
  "episode_lengths": [
    5,
    5,
    5,
    4,
    4,
    4,
    5,
    4,
    4,
    4,
    3,
    4,
    4,
    4,
    3,
    5,
    4,
    4,
    3,
    4,
    5,
    5,
    5,
    4,
    3,
    4,
    5,
    4,
    4,
    5,
    4,
    4,
    4,
    5,
    4,
    3,
    4,
    5,
    4,
    4,
    4,
    5,
    4,
    5,
    4,
    5,
    5,
    5,
    4,
    3,
    4,
    4,
    4,
    3,
    4,
    4,
    5,
    4,
    4,
    3,
    3,
    4,
    5,
    4,
    4,
    3,
    5,
    4,
    5,
    3,
    4,
    4,
    4,
    3,
    5,
    5,
    5,
    5,
    4,
    5,
    4,
    3,
    5,
    5,
    3,
    5,
    5,
    5,
    3,
    4,
    5,
    5,
    3,
    4,
    3,
    5,
    4,
    5,
    5,
    4
  ],
  "step_times": [
    9.517669677734375e-05,
    7.82012939453125e-05,
    8.091926574707031e-05,
    8.89897346496582e-05,
    8.875131607055664e-05,
    8.749961853027344e-05,
    7.753372192382812e-05,
    7.557868957519531e-05,
    7.659196853637695e-05,
    8.767843246459961e-05,
    9.687741597493489e-05,
    8.469820022583008e-05,
    7.414817810058594e-05,
    8.302927017211914e-05,
    6.747245788574219e-05,
    0.0016579627990722656,
    0.00240403413772583,
    0.0023978352546691895,
    0.0026503403981526694,
    0.0022779107093811035,
    0.002066516876220703,
    0.0022265434265136717,
    0.0020578384399414064,
    0.002066493034362793,
    0.0021703243255615234,
    0.0022020339965820312,
    0.0023087978363037108,
    0.002005338668823242,
    0.0023006796836853027,
    0.002052497863769531,
    0.0020331740379333496,
    0.002062857151031494,
    0.001846015453338623,
    0.0019959926605224608,
    0.0019898414611816406,
    0.002195119857788086,
    0.001955747604370117,
    0.001981163024902344,
    0.0019456148147583008,
    0.0019608736038208008,
    0.0021967291831970215,
    0.002131795883178711,
    0.0020085573196411133,
    0.0022729873657226563,
    0.0022762417793273926,
    0.001946258544921875,
    0.002143096923828125,
    0.002670907974243164,
    0.002157270908355713,
    0.0018874009450276692,
    0.0023230910301208496,
    0.0018802881240844727,
    0.0022560954093933105,
    0.0019134680430094402,
    0.002417922019958496,
    0.0021781325340270996,
    0.0022212982177734373,
    0.002308785915374756,
    0.001903533935546875,
    0.002028306325276693,
    0.0019446214040120442,
    0.001990795135498047,
    0.001988124847412109,
    0.0021963119506835938,
    0.002586066722869873,
    0.0021454493204752603,
    0.0019672393798828127,
    0.0022115111351013184,
    0.0020554065704345703,
    0.002249558766682943,
    0.0019177794456481934,
    0.0024318695068359375,
    0.002310335636138916,
    0.002369483311971029,
    0.002158641815185547,
    0.0020588397979736327,
    0.0020781040191650392,
    0.0021604061126708984,
    0.002283453941345215,
    0.002179527282714844,
    0.002362370491027832,
    0.002024412155151367,
    0.00238184928894043,
    0.0019548416137695314,
    0.0019746621449788413,
    0.0021778106689453124,
    0.002126789093017578,
    0.0020769596099853515,
    0.0020107428232828775,
    0.002405226230621338,
    0.0021253108978271486,
    0.0022268295288085938,
    0.002234776814778646,
    0.0022112131118774414,
    0.0025652249654134116,
    0.0020464420318603515,
    0.002056896686553955,
    0.002187967300415039,
    0.002010536193847656,
    0.0020819902420043945
  ],
  "checkpoint_metrics": {
    "100": {
      "avg_reward": 0.15,
      "avg_length": 4.55,
      "avg_step_time_ms": 0.10924200216929118
    }
  }
}