{
  "episode_rewards": [
    1.0,
    1.0,
    0.0,
    1.0,
    1.0,
    1.0,
    1.0,
    1.0,
    1.0,
    1.0,
    1.0,
    1.0,
    0.0,
    0.0,
    1.0,
    1.0,
    0.0,
    -1.0,
    0.0,
    1.0,
    -1.0,
    1.0,
    1.0,
    1.0,
    -1.0,
    0.0,
    0.0,
    1.0,
    1.0,
    1.0,
    0.0,
    -1.0,
    -1.0,
    1.0,
    1.0,
    -1.0,
    1.0,
    1.0,
    1.0,
    -1.0,
    -1.0,
    1.0,
    0.0,
    0.0,
    -1.0,
    1.0,
    1.0,
    -1.0,
    1.0,
    0.0,
    1.0,
    -1.0,
    1.0,
    1.0,
    1.0,
    -1.0,
    -1.0,
    1.0,
    1.0,
    1.0,
    -1.0,
    1.0,
    -1.0,
    1.0,
    1.0,
    -1.0,
    -1.0,
    0.0,
    1.0,
    0.0,
    1.0,
    1.0,
    0.0,
    1.0,
    0.0,
    1.0,
    1.0,
    1.0,
    1.0,
    1.0,
    -1.0,
    1.0,
    -1.0,
    1.0,
    -1.0,
    1.0,
    1.0,
    0.0,
    1.0,
    1.0,
    1.0,
    -1.0,
    1.0,
    1.0,
    0.0,
    1.0,
    -1.0,
    -1.0,
    1.0,
    1.0
  ],
  "episode_lengths": [
    4,
    5,
    5,
    5,
    3,
    4,
    5,
    4,
    4,
    4,
    3,
    4,
    5,
    5,
    4,
    4,
    5,
    4,
    5,
    4,
    3,
    5,
    5,
    3,
    4,
    5,
    5,
    3,
    4,
    4,
    5,
    4,
    4,
    4,
    5,
    4,
    5,
    3,
    5,
    3,
    4,
    5,
    5,
    5,
    3,
    4,
    4,
    3,
    4,
    5,
    5,
    4,
    4,
    4,
    5,
    4,
    4,
    5,
    3,
    5,
    4,
    5,
    4,
    5,
    4,
    4,
    4,
    5,
    4,
    5,
    5,
    5,
    5,
    3,
    5,
    5,
    5,
    5,
    5,
    5,
    4,
    5,
    3,
    3,
    4,
    5,
    5,
    5,
    4,
    5,
    5,
    4,
    4,
    4,
    5,
    5,
    4,
    4,
    4,
    3
  ],
  "step_times": [
    0.0003585219383239746,
    0.00027561187744140625,
    0.0002595424652099609,
    0.00025873184204101564,
    0.00032631556193033856,
    0.0003285408020019531,
    0.0002682209014892578,
    0.00028079748153686523,
    0.00027745962142944336,
    0.0004627704620361328,
    0.0004325707753499349,
    0.00035452842712402344,
    0.00027093887329101565,
    0.00025620460510253904,
    0.0002837181091308594,
    0.0003234744071960449,
    0.0002614498138427734,
    0.0002880096435546875,
    0.0002678871154785156,
    0.0002848505973815918,
    0.0004780292510986328,
    0.00033960342407226565,
    0.0003402233123779297,
    0.00032973289489746094,
    0.00029164552688598633,
    0.0002899646759033203,
    0.0002627372741699219,
    0.000310818354288737,
    0.000280916690826416,
    0.0002822279930114746,
    0.0002934455871582031,
    0.000295102596282959,
    0.00033915042877197266,
    0.00039690732955932617,
    0.0003374576568603516,
    0.00033026933670043945,
    0.0002642154693603516,
    0.00031177202860514325,
    0.000258636474609375,
    0.00033545494079589844,
    0.0003249049186706543,
    0.0002612590789794922,
    0.0002562999725341797,
    0.0002540111541748047,
    0.0003407796223958333,
    0.0007320642471313477,
    0.0005447864532470703,
    0.00037384033203125,
    0.0002824068069458008,
    0.0002577781677246094,
    0.0002868175506591797,
    0.00029736757278442383,
    0.0002830624580383301,
    0.0002752542495727539,
    0.00025773048400878906,
    0.0005255341529846191,
    0.00041300058364868164,
    0.0003265380859375,
    0.00037407875061035156,
    0.0002789497375488281,
    0.00034689903259277344,
    0.00030493736267089844,
    0.00042694807052612305,
    0.0003456592559814453,
    0.00029921531677246094,
    0.000823676586151123,
    0.00040793418884277344,
    0.000540781021118164,
    0.0005216598510742188,
    0.0005123138427734375,
    0.000379180908203125,
    0.0005686759948730468,
    0.0004287242889404297,
    0.00035953521728515625,
    0.0002724170684814453,
    0.0006866455078125,
    0.00035347938537597654,
    0.00035572052001953125,
    0.0002837181091308594,
    0.0005295276641845703,
    0.00038564205169677734,
    0.00033473968505859375,
    0.00035452842712402344,
    0.0003123283386230469,
    0.0006960034370422363,
    0.000418853759765625,
    0.0003490924835205078,
    0.00047178268432617186,
    0.0005614757537841797,
    0.00032591819763183594,
    0.00043406486511230467,
    0.0003593564033508301,
    0.0004112720489501953,
    0.0003002285957336426,
    0.0003132343292236328,
    0.00031480789184570315,
    0.0004150867462158203,
    0.000624239444732666,
    0.0005450844764709473,
    0.0006919701894124349
  ],
  "checkpoint_metrics": {
    "100": {
      "avg_reward": -0.1,
      "avg_length": 4.3,
      "avg_step_time_ms": 0.17447888851165771
    }
  }
}