{
  "episode_rewards": [
    -1.0,
    1.0,
    -1.0,
    0.0,
    -1.0,
    1.0,
    0.0,
    -1.0,
    1.0,
    0.0,
    1.0,
    1.0,
    1.0,
    1.0,
    1.0,
    1.0,
    -1.0,
    1.0,
    1.0,
    1.0,
    1.0,
    1.0,
    -1.0,
    1.0,
    -1.0,
    0.0,
    1.0,
    -1.0,
    1.0,
    1.0,
    1.0,
    1.0,
    -1.0,
    1.0,
    1.0,
    1.0,
    -1.0,
    1.0,
    -1.0,
    1.0,
    0.0,
    1.0,
    1.0,
    -1.0,
    0.0,
    -1.0,
    0.0,
    1.0,
    -1.0,
    -1.0,
    1.0,
    -1.0,
    0.0,
    0.0,
    1.0,
    1.0,
    0.0,
    -1.0,
    1.0,
    1.0,
    -1.0,
    1.0,
    1.0,
    1.0,
    1.0,
    1.0,
    1.0,
    1.0,
    1.0,
    1.0,
    -1.0,
    1.0,
    1.0,
    -1.0,
    -1.0,
    1.0,
    1.0,
    1.0,
    1.0,
    1.0,
    1.0,
    1.0,
    -1.0,
    1.0,
    1.0,
    -1.0,
    -1.0,
    -1.0,
    1.0,
    1.0,
    0.0,
    -1.0,
    -1.0,
    -1.0,
    1.0,
    1.0,
    1.0,
    -1.0,
    1.0,
    -1.0
  ],
  "episode_lengths": [
    3,
    3,
    4,
    5,
    4,
    5,
    5,
    3,
    4,
    5,
    4,
    4,
    5,
    5,
    5,
    4,
    4,
    4,
    4,
    5,
    4,
    4,
    3,
    3,
    4,
    5,
    4,
    4,
    5,
    5,
    5,
    3,
    4,
    5,
    4,
    4,
    4,
    4,
    3,
    4,
    5,
    4,
    5,
    4,
    5,
    4,
    5,
    5,
    4,
    3,
    5,
    4,
    5,
    5,
    5,
    3,
    5,
    4,
    3,
    4,
    3,
    4,
    4,
    3,
    4,
    5,
    4,
    4,
    4,
    5,
    3,
    4,
    4,
    4,
    4,
    3,
    4,
    5,
    5,
    4,
    5,
    3,
    4,
    5,
    5,
    4,
    4,
    4,
    4,
    4,
    5,
    4,
    4,
    4,
    4,
    4,
    5,
    4,
    4,
    3
  ],
  "step_times": [
    0.000503381093343099,
    0.0,
    0.0002517104148864746,
    0.00019974708557128905,
    0.0005014538764953613,
    0.00040302276611328127,
    0.00039606094360351564,
    0.0003330707550048828,
    0.0002499222755432129,
    0.00019993782043457032,
    0.00025004148483276367,
    0.0002499818801879883,
    0.00020031929016113282,
    0.00019974708557128905,
    0.0001998424530029297,
    0.0005003809928894043,
    0.00025004148483276367,
    0.0003210306167602539,
    0.0002338886260986328,
    0.0,
    0.0,
    0.0,
    0.0,
    0.0,
    0.0,
    0.0,
    0.0,
    0.0,
    0.0,
    0.0,
    0.0,
    0.0,
    0.00371396541595459,
    0.00032534599304199217,
    0.0,
    0.0,
    0.0,
    0.0,
    0.0,
    0.0,
    0.0,
    0.0,
    0.0,
    0.0,
    0.0,
    0.004497051239013672,
    0.0002857685089111328,
    0.0011065483093261718,
    0.0005025267601013184,
    0.0006705125172932943,
    0.0007741928100585937,
    0.0005053281784057617,
    0.0,
    0.0,
    0.0,
    0.003762404123942057,
    0.0006772518157958984,
    0.00047713518142700195,
    0.0,
    0.0,
    0.0030106703440348306,
    0.00037866830825805664,
    0.0005031824111938477,
    0.0,
    0.0,
    0.00022029876708984375,
    0.00024890899658203125,
    0.0002499818801879883,
    0.0002499818801879883,
    0.00022640228271484376,
    0.0003356138865152995,
    0.0002505183219909668,
    0.0002529025077819824,
    0.00025087594985961914,
    0.00024950504302978516,
    0.00032560030619303387,
    0.0002487301826477051,
    0.0005994796752929688,
    0.0009999752044677734,
    0.0,
    0.0,
    0.0,
    0.0,
    0.0,
    0.0,
    0.0026975274085998535,
    0.0,
    0.0008159279823303223,
    0.0,
    0.0,
    0.0,
    0.0,
    0.0,
    0.0,
    0.0,
    0.0,
    0.0018661975860595702,
    0.0,
    0.0005016326904296875,
    0.0
  ],
  "checkpoint_metrics": {
    "100": {
      "avg_reward": 0.2,
      "avg_length": 4.3,
      "avg_step_time_ms": 0.1935333013534546
    }
  }
}