{
  "episode_rewards": [
    1.0,
    -1.0,
    1.0,
    1.0,
    1.0,
    1.0,
    1.0,
    -1.0,
    1.0,
    -1.0,
    1.0,
    0.0,
    0.0,
    1.0,
    0.0,
    -1.0,
    0.0,
    0.0,
    -1.0,
    1.0,
    1.0,
    1.0,
    1.0,
    1.0,
    1.0,
    1.0,
    1.0,
    0.0,
    1.0,
    1.0,
    -1.0,
    1.0,
    -1.0,
    -1.0,
    1.0,
    1.0,
    -1.0,
    -1.0,
    1.0,
    1.0,
    -1.0,
    1.0,
    1.0,
    0.0,
    1.0,
    -1.0,
    -1.0,
    1.0,
    1.0,
    1.0,
    0.0,
    1.0,
    1.0,
    1.0,
    -1.0,
    1.0,
    1.0,
    0.0,
    1.0,
    -1.0,
    1.0,
    -1.0,
    1.0,
    1.0,
    -1.0,
    -1.0,
    1.0,
    1.0,
    -1.0,
    -1.0,
    1.0,
    1.0,
    -1.0,
    -1.0,
    1.0,
    1.0,
    1.0,
    -1.0,
    1.0,
    -1.0,
    0.0,
    1.0,
    0.0,
    1.0,
    1.0,
    -1.0,
    1.0,
    1.0,
    1.0,
    1.0,
    -1.0,
    -1.0,
    1.0,
    1.0,
    -1.0,
    -1.0,
    1.0,
    1.0,
    1.0,
    1.0
  ],
  "episode_lengths": [
    5,
    4,
    3,
    4,
    5,
    3,
    4,
    4,
    4,
    4,
    4,
    5,
    5,
    5,
    5,
    3,
    5,
    5,
    4,
    4,
    5,
    5,
    5,
    4,
    5,
    4,
    4,
    5,
    5,
    4,
    4,
    4,
    4,
    3,
    4,
    4,
    3,
    4,
    4,
    5,
    4,
    4,
    4,
    5,
    3,
    4,
    3,
    4,
    4,
    4,
    5,
    5,
    5,
    3,
    3,
    4,
    4,
    5,
    5,
    3,
    5,
    4,
    4,
    5,
    4,
    4,
    4,
    3,
    4,
    3,
    4,
    5,
    4,
    4,
    4,
    4,
    3,
    3,
    4,
    4,
    5,
    5,
    5,
    3,
    5,
    3,
    3,
    5,
    4,
    5,
    3,
    4,
    5,
    5,
    4,
    4,
    5,
    4,
    5,
    4
  ],
  "step_times": [
    0.00016493797302246093,
    8.779764175415039e-05,
    7.502237955729167e-05,
    8.958578109741211e-05,
    7.791519165039063e-05,
    8.900960286458333e-05,
    0.00011754035949707031,
    0.0001780390739440918,
    7.94529914855957e-05,
    8.678436279296875e-05,
    0.0001926422119140625,
    0.0001250743865966797,
    8.325576782226562e-05,
    7.691383361816407e-05,
    0.0007442951202392579,
    0.001993099848429362,
    0.0021196842193603516,
    0.002041006088256836,
    0.002282440662384033,
    0.002022683620452881,
    0.0021488189697265623,
    0.0022441387176513673,
    0.0022729873657226563,
    0.0020651817321777344,
    0.0021011829376220703,
    0.002205193042755127,
    0.002252519130706787,
    0.0022502899169921874,
    0.0019994735717773437,
    0.0019469857215881348,
    0.0021573305130004883,
    0.0022718310356140137,
    0.0019673705101013184,
    0.00206144650777181,
    0.002246558666229248,
    0.002312958240509033,
    0.002180337905883789,
    0.0019687414169311523,
    0.0019763708114624023,
    0.0020456790924072267,
    0.0026859045028686523,
    0.0020137429237365723,
    0.002183377742767334,
    0.0019860267639160156,
    0.0020488103230794272,
    0.0028594136238098145,
    0.002245028813680013,
    0.0020000338554382324,
    0.002029597759246826,
    0.0022076964378356934,
    0.0028470039367675783,
    0.0022655487060546874,
    0.002013683319091797,
    0.0021540323893229165,
    0.0023048718770345054,
    0.002373814582824707,
    0.0025359392166137695,
    0.0020925045013427735,
    0.0021722793579101564,
    0.0019878546396891275,
    0.002189159393310547,
    0.0021085739135742188,
    0.00201416015625,
    0.002045154571533203,
    0.0022686123847961426,
    0.002278625965118408,
    0.0021472573280334473,
    0.0019547144571940103,
    0.0020424723625183105,
    0.0019805431365966797,
    0.0021353960037231445,
    0.0025687217712402344,
    0.0021729469299316406,
    0.002417445182800293,
    0.0021854639053344727,
    0.002308070659637451,
    0.002298275629679362,
    0.002227942148844401,
    0.002186298370361328,
    0.002168118953704834,
    0.002305889129638672,
    0.002178001403808594,
    0.0022162914276123045,
    0.002089897791544596,
    0.002075386047363281,
    0.0020601749420166016,
    0.0023169517517089844,
    0.002251291275024414,
    0.00203859806060791,
    0.002312755584716797,
    0.003049612045288086,
    0.0025087594985961914,
    0.0023386478424072266,
    0.002153778076171875,
    0.0019958019256591797,
    0.0022559762001037598,
    0.0022090911865234376,
    0.0020432472229003906,
    0.0022909164428710936,
    0.0022072792053222656
  ],
  "checkpoint_metrics": {
    "100": {
      "avg_reward": 0.25,
      "avg_length": 4.5,
      "avg_step_time_ms": 0.10826309521993002
    }
  }
}