{
  "episode_rewards": [
    1.0,
    -1.0,
    1.0,
    -1.0,
    -1.0,
    1.0,
    1.0,
    -1.0,
    0.0,
    0.0,
    -1.0,
    -1.0,
    -1.0,
    0.0,
    1.0,
    0.0,
    -1.0,
    1.0,
    -1.0,
    1.0,
    0.0,
    1.0,
    1.0,
    1.0,
    1.0,
    1.0,
    1.0,
    1.0,
    1.0,
    1.0,
    1.0,
    1.0,
    1.0,
    1.0,
    -1.0,
    -1.0,
    1.0,
    -1.0,
    1.0,
    1.0,
    1.0,
    1.0,
    1.0,
    1.0,
    -1.0,
    1.0,
    1.0,
    1.0,
    0.0,
    -1.0,
    1.0,
    1.0,
    1.0,
    -1.0,
    1.0,
    1.0,
    1.0,
    1.0,
    1.0,
    0.0,
    1.0,
    -1.0,
    -1.0,
    -1.0,
    -1.0,
    0.0,
    1.0,
    1.0,
    1.0,
    1.0,
    -1.0,
    1.0,
    1.0,
    0.0,
    -1.0,
    1.0,
    -1.0,
    1.0,
    1.0,
    1.0,
    -1.0,
    -1.0,
    1.0,
    1.0,
    0.0,
    0.0,
    1.0,
    1.0,
    0.0,
    -1.0,
    0.0,
    1.0,
    1.0,
    -1.0,
    0.0,
    1.0,
    1.0,
    1.0,
    -1.0,
    1.0
  ],
  "episode_lengths": [
    5,
    3,
    4,
    4,
    4,
    4,
    5,
    4,
    5,
    5,
    4,
    4,
    3,
    5,
    4,
    5,
    3,
    5,
    4,
    5,
    5,
    3,
    4,
    4,
    5,
    5,
    3,
    3,
    5,
    4,
    5,
    3,
    4,
    4,
    4,
    4,
    4,
    4,
    4,
    3,
    4,
    5,
    4,
    5,
    4,
    4,
    5,
    4,
    5,
    3,
    4,
    5,
    5,
    3,
    4,
    5,
    5,
    5,
    4,
    5,
    4,
    4,
    3,
    4,
    4,
    5,
    4,
    3,
    5,
    5,
    4,
    4,
    5,
    5,
    4,
    5,
    4,
    4,
    5,
    4,
    4,
    4,
    5,
    4,
    5,
    5,
    5,
    5,
    5,
    3,
    5,
    4,
    4,
    3,
    5,
    5,
    4,
    4,
    4,
    5
  ],
  "step_times": [
    0.0003695487976074219,
    0.0005482832590738932,
    0.0005422234535217285,
    0.0007485747337341309,
    0.0006492137908935547,
    0.0007624626159667969,
    0.0004521846771240234,
    0.0006790757179260254,
    0.0004206657409667969,
    0.0005655288696289062,
    0.0005376338958740234,
    0.000414431095123291,
    0.0004744529724121094,
    0.00029430389404296877,
    0.00030994415283203125,
    0.00030002593994140627,
    0.00035317738850911457,
    0.00026960372924804686,
    0.0003026723861694336,
    0.0005902290344238281,
    0.0004413604736328125,
    0.00032409032185872394,
    0.00028949975967407227,
    0.00027436017990112305,
    0.0002609729766845703,
    0.0003008842468261719,
    0.00034387906392415363,
    0.0003200372060139974,
    0.00026226043701171875,
    0.0002830028533935547,
    0.0007653236389160156,
    0.0004993279774983724,
    0.0003432035446166992,
    0.00031059980392456055,
    0.00032901763916015625,
    0.0004819035530090332,
    0.0004406571388244629,
    0.00043195486068725586,
    0.0004749298095703125,
    0.0005814234415690104,
    0.000518500804901123,
    0.00031652450561523435,
    0.00032389163970947266,
    0.00026311874389648435,
    0.0002893209457397461,
    0.0003457069396972656,
    0.0002978801727294922,
    0.00029414892196655273,
    0.0002906322479248047,
    0.0006642341613769531,
    0.0003884434700012207,
    0.0002673625946044922,
    0.00026397705078125,
    0.0003307660420735677,
    0.0002868771553039551,
    0.00030364990234375,
    0.0002658367156982422,
    0.0002674579620361328,
    0.0002913475036621094,
    0.00028443336486816406,
    0.0006428360939025879,
    0.0005425214767456055,
    0.0005629857381184896,
    0.0004850625991821289,
    0.0005000829696655273,
    0.0003905773162841797,
    0.0003132820129394531,
    0.00038043657938639325,
    0.000521707534790039,
    0.0005160808563232422,
    0.0005918741226196289,
    0.0005970001220703125,
    0.0005459785461425781,
    0.0005383014678955079,
    0.0005052089691162109,
    0.0003063678741455078,
    0.00035631656646728516,
    0.0004074573516845703,
    0.00043997764587402346,
    0.0003921985626220703,
    0.0008315443992614746,
    0.0006919503211975098,
    0.0004120349884033203,
    0.000513911247253418,
    0.00047616958618164064,
    0.00044460296630859374,
    0.00044755935668945314,
    0.0003888130187988281,
    0.0004486083984375,
    0.0007402896881103516,
    0.000502920150756836,
    0.00042825937271118164,
    0.0004661679267883301,
    0.0005538463592529297,
    0.00037407875061035156,
    0.0008449077606201172,
    0.0006936788558959961,
    0.0005586147308349609,
    0.0003140568733215332,
    0.00026607513427734375
  ],
  "checkpoint_metrics": {
    "100": {
      "avg_reward": 0.6,
      "avg_length": 4.05,
      "avg_step_time_ms": 0.135117769241333
    }
  }
}