{
  "episode_rewards": [
    -1.0,
    1.0,
    -1.0,
    0.0,
    -1.0,
    1.0,
    0.0,
    -1.0,
    1.0,
    1.0,
    1.0,
    1.0,
    0.0,
    1.0,
    1.0,
    1.0,
    -1.0,
    1.0,
    1.0,
    1.0,
    1.0,
    -1.0,
    1.0,
    0.0,
    1.0,
    -1.0,
    1.0,
    1.0,
    1.0,
    1.0,
    1.0,
    -1.0,
    1.0,
    1.0,
    1.0,
    1.0,
    -1.0,
    -1.0,
    -1.0,
    1.0,
    -1.0,
    1.0,
    1.0,
    0.0,
    -1.0,
    0.0,
    0.0,
    1.0,
    1.0,
    -1.0,
    1.0,
    1.0,
    1.0,
    0.0,
    -1.0,
    1.0,
    1.0,
    1.0,
    1.0,
    1.0,
    1.0,
    -1.0,
    0.0,
    1.0,
    1.0,
    -1.0,
    1.0,
    1.0,
    -1.0,
    1.0,
    1.0,
    -1.0,
    0.0,
    1.0,
    -1.0,
    -1.0,
    -1.0,
    1.0,
    1.0,
    -1.0,
    1.0,
    -1.0,
    1.0,
    1.0,
    -1.0,
    1.0,
    1.0,
    1.0,
    1.0,
    1.0,
    1.0,
    1.0,
    1.0,
    -1.0,
    -1.0,
    0.0,
    1.0,
    1.0,
    -1.0,
    -1.0
  ],
  "episode_lengths": [
    3,
    3,
    4,
    5,
    4,
    5,
    5,
    3,
    4,
    5,
    4,
    4,
    5,
    5,
    5,
    4,
    4,
    4,
    4,
    5,
    4,
    4,
    4,
    5,
    4,
    4,
    3,
    3,
    4,
    5,
    5,
    4,
    5,
    4,
    4,
    3,
    3,
    3,
    3,
    4,
    3,
    4,
    4,
    5,
    4,
    5,
    5,
    5,
    4,
    4,
    5,
    4,
    4,
    5,
    3,
    5,
    4,
    4,
    4,
    5,
    4,
    4,
    5,
    4,
    5,
    4,
    4,
    4,
    4,
    5,
    4,
    4,
    5,
    5,
    4,
    4,
    4,
    4,
    5,
    4,
    4,
    4,
    4,
    5,
    4,
    3,
    5,
    4,
    3,
    4,
    4,
    4,
    4,
    4,
    4,
    5,
    4,
    3,
    3,
    4
  ],
  "step_times": [
    0.0003363291422526042,
    0.0003337860107421875,
    0.00024968385696411133,
    0.00019998550415039061,
    0.00025081634521484375,
    0.0003986835479736328,
    0.000200653076171875,
    0.0,
    0.000249326229095459,
    0.00019989013671875,
    0.0005017518997192383,
    0.0002497434616088867,
    0.00020036697387695312,
    0.00019965171813964843,
    0.00020079612731933595,
    0.0005010366439819336,
    0.00024765729904174805,
    0.0005005598068237305,
    0.0002486705780029297,
    0.00020012855529785156,
    0.0002498626708984375,
    0.00024902820587158203,
    0.00025010108947753906,
    0.00019993782043457032,
    0.0,
    0.0002498626708984375,
    0.00033346811930338543,
    0.00033783912658691406,
    0.0003363490104675293,
    0.0003936290740966797,
    0.00021276473999023437,
    0.0002490878105163574,
    0.0001995563507080078,
    0.00025075674057006836,
    0.0002499222755432129,
    0.00033354759216308594,
    0.0003330707550048828,
    0.0,
    0.00033346811930338543,
    0.0002498626708984375,
    0.0008382002512613932,
    0.00024968385696411133,
    0.0002499818801879883,
    0.0002824306488037109,
    0.0002487301826477051,
    0.0,
    0.0005628108978271484,
    0.0,
    0.0005018711090087891,
    0.0,
    0.0,
    0.0,
    0.0,
    0.0,
    0.0,
    0.0,
    0.0022677183151245117,
    0.0,
    0.000698089599609375,
    0.00014705657958984374,
    0.0,
    0.0,
    0.0,
    0.0,
    0.0,
    0.001760721206665039,
    0.0,
    0.0,
    0.0,
    0.0,
    0.0,
    0.0019194483757019043,
    0.00019936561584472657,
    0.0,
    0.0,
    0.0,
    0.0015761256217956543,
    0.0,
    0.0004010200500488281,
    0.0,
    0.0010023117065429688,
    0.0,
    0.0,
    0.0006237983703613281,
    0.0004966259002685547,
    0.0003331502278645833,
    0.0002002716064453125,
    0.0002499818801879883,
    0.0003348986307779948,
    0.00024962425231933594,
    0.000250399112701416,
    0.00024884939193725586,
    0.00024968385696411133,
    0.0002499222755432129,
    0.00025027990341186523,
    0.0003997802734375,
    0.00025016069412231445,
    0.00033362706502278644,
    0.0003348986307779948,
    0.00024968385696411133
  ],
  "checkpoint_metrics": {
    "100": {
      "avg_reward": 0.85,
      "avg_length": 4.0,
      "avg_step_time_ms": 0.12746036052703857
    }
  }
}