{
  "episode_rewards": [
    0.0,
    1.0,
    -1.0,
    1.0,
    -1.0,
    -1.0,
    1.0,
    1.0,
    1.0,
    -1.0,
    1.0,
    1.0,
    1.0,
    -1.0,
    -1.0,
    1.0,
    0.0,
    0.0,
    1.0,
    -1.0,
    1.0,
    1.0,
    -1.0,
    -1.0,
    0.0,
    -1.0,
    0.0,
    -1.0,
    1.0,
    -1.0,
    1.0,
    0.0,
    1.0,
    0.0,
    -1.0,
    -1.0,
    1.0,
    1.0,
    1.0,
    1.0,
    1.0,
    1.0,
    1.0,
    0.0,
    -1.0,
    1.0,
    1.0,
    1.0,
    0.0,
    1.0,
    0.0,
    1.0,
    1.0,
    1.0,
    1.0,
    1.0,
    0.0,
    1.0,
    1.0,
    0.0,
    0.0,
    1.0,
    1.0,
    0.0,
    1.0,
    -1.0,
    1.0,
    1.0,
    0.0,
    1.0,
    1.0,
    -1.0,
    1.0,
    0.0,
    1.0,
    1.0,
    1.0,
    1.0,
    -1.0,
    1.0,
    1.0,
    1.0,
    1.0,
    1.0,
    1.0,
    1.0,
    0.0,
    1.0,
    -1.0,
    0.0,
    -1.0,
    1.0,
    1.0,
    0.0,
    1.0,
    -1.0,
    1.0,
    1.0,
    1.0,
    1.0
  ],
  "episode_lengths": [
    5,
    4,
    4,
    4,
    4,
    4,
    4,
    3,
    4,
    3,
    4,
    5,
    5,
    3,
    4,
    5,
    5,
    5,
    5,
    3,
    4,
    4,
    4,
    3,
    5,
    4,
    5,
    4,
    4,
    3,
    4,
    5,
    4,
    5,
    4,
    3,
    5,
    4,
    3,
    5,
    4,
    5,
    3,
    5,
    4,
    3,
    4,
    4,
    5,
    4,
    5,
    4,
    5,
    4,
    4,
    4,
    5,
    4,
    4,
    5,
    5,
    5,
    4,
    5,
    4,
    4,
    4,
    4,
    5,
    4,
    4,
    3,
    4,
    5,
    4,
    4,
    3,
    4,
    3,
    4,
    5,
    4,
    4,
    4,
    4,
    4,
    5,
    4,
    4,
    5,
    4,
    4,
    4,
    5,
    4,
    4,
    5,
    5,
    5,
    5
  ],
  "step_times": [
    0.004754304885864258,
    0.005244910717010498,
    0.004908382892608643,
    0.004512965679168701,
    0.004958927631378174,
    0.004842519760131836,
    0.004611849784851074,
    0.0053711732228597,
    0.004491984844207764,
    0.005265156428019206,
    0.005251049995422363,
    0.004441308975219727,
    0.004287433624267578,
    0.005211671193440755,
    0.004858493804931641,
    0.004753923416137696,
    0.003922510147094727,
    0.004322624206542969,
    0.005183982849121094,
    0.006035645802815755,
    0.005024611949920654,
    0.004651486873626709,
    0.004889428615570068,
    0.005568265914916992,
    0.00449986457824707,
    0.005309164524078369,
    0.004386138916015625,
    0.005261778831481934,
    0.0055580735206604,
    0.005833784739176433,
    0.004954695701599121,
    0.004242897033691406,
    0.004608869552612305,
    0.004625272750854492,
    0.004710018634796143,
    0.006000200907389323,
    0.004076433181762695,
    0.00437849760055542,
    0.005636533101399739,
    0.00420989990234375,
    0.005136668682098389,
    0.004440879821777344,
    0.006081740061442058,
    0.004731464385986328,
    0.005091607570648193,
    0.006418704986572266,
    0.004843652248382568,
    0.004885613918304443,
    0.004942750930786133,
    0.004819095134735107,
    0.004990530014038086,
    0.0057929158210754395,
    0.004701471328735352,
    0.005075693130493164,
    0.004796624183654785,
    0.005423486232757568,
    0.004973030090332032,
    0.005087435245513916,
    0.005473792552947998,
    0.004208087921142578,
    0.00478520393371582,
    0.0043942928314208984,
    0.005282163619995117,
    0.004322195053100586,
    0.004675149917602539,
    0.005358219146728516,
    0.00502622127532959,
    0.004865884780883789,
    0.004780769348144531,
    0.004862546920776367,
    0.004888415336608887,
    0.00592494010925293,
    0.005144000053405762,
    0.004957914352416992,
    0.004598677158355713,
    0.0057950615882873535,
    0.005455732345581055,
    0.005393385887145996,
    0.0056807200113932295,
    0.005028367042541504,
    0.004820489883422851,
    0.004441559314727783,
    0.00488358736038208,
    0.005035996437072754,
    0.004735171794891357,
    0.004948079586029053,
    0.0046005725860595705,
    0.004621744155883789,
    0.005197465419769287,
    0.00444183349609375,
    0.00511401891708374,
    0.005495429039001465,
    0.005002617835998535,
    0.004773569107055664,
    0.004578351974487305,
    0.005082666873931885,
    0.004336833953857422,
    0.004334545135498047,
    0.004940938949584961,
    0.0044672489166259766
  ],
  "checkpoint_metrics": {
    "100": {
      "avg_reward": -0.2,
      "avg_length": 4.1,
      "avg_step_time_ms": 0.1408177614212036
    }
  }
}