{
  "episode_rewards": [
    1.0,
    1.0,
    -1.0,
    -1.0,
    -1.0,
    1.0,
    1.0,
    -1.0,
    1.0,
    1.0,
    1.0,
    -1.0,
    -1.0,
    -1.0,
    0.0,
    1.0,
    1.0,
    1.0,
    -1.0,
    1.0,
    -1.0,
    -1.0,
    -1.0,
    -1.0,
    1.0,
    1.0,
    -1.0,
    1.0,
    0.0,
    1.0,
    -1.0,
    1.0,
    1.0,
    0.0,
    1.0,
    0.0,
    -1.0,
    -1.0,
    0.0,
    1.0,
    1.0,
    1.0,
    1.0,
    1.0,
    -1.0,
    1.0,
    -1.0,
    0.0,
    1.0,
    0.0,
    1.0,
    1.0,
    -1.0,
    1.0,
    -1.0,
    1.0,
    1.0,
    1.0,
    0.0,
    1.0,
    1.0,
    -1.0,
    1.0,
    1.0,
    -1.0,
    1.0,
    1.0,
    1.0,
    1.0,
    0.0,
    1.0,
    -1.0,
    1.0,
    1.0,
    -1.0,
    -1.0,
    -1.0,
    1.0,
    1.0,
    -1.0,
    1.0,
    -1.0,
    -1.0,
    1.0,
    1.0,
    1.0,
    -1.0,
    1.0,
    1.0,
    0.0,
    0.0,
    0.0,
    0.0,
    -1.0,
    0.0,
    1.0,
    1.0,
    -1.0,
    1.0,
    1.0
  ],
  "episode_lengths": [
    4,
    3,
    4,
    4,
    4,
    5,
    4,
    3,
    5,
    5,
    4,
    3,
    4,
    4,
    5,
    4,
    4,
    4,
    4,
    4,
    3,
    4,
    4,
    4,
    5,
    3,
    4,
    5,
    5,
    5,
    3,
    4,
    5,
    5,
    5,
    5,
    4,
    4,
    5,
    4,
    4,
    3,
    4,
    4,
    4,
    4,
    3,
    5,
    5,
    5,
    5,
    4,
    3,
    5,
    4,
    3,
    5,
    4,
    5,
    5,
    3,
    3,
    3,
    5,
    4,
    4,
    5,
    4,
    4,
    5,
    4,
    4,
    3,
    3,
    3,
    3,
    4,
    4,
    4,
    3,
    4,
    3,
    3,
    4,
    5,
    4,
    4,
    5,
    4,
    5,
    5,
    5,
    5,
    3,
    5,
    4,
    5,
    3,
    4,
    4
  ],
  "step_times": [
    0.000601351261138916,
    0.0005180040995279948,
    0.0005266666412353516,
    0.000624537467956543,
    0.000690460205078125,
    0.0006621360778808593,
    0.0005172491073608398,
    0.0005280971527099609,
    0.0005177021026611328,
    0.0006637096405029297,
    0.0006977319717407227,
    0.000530242919921875,
    0.0005350112915039062,
    0.0005268454551696777,
    0.0005195140838623047,
    0.0009186267852783203,
    0.0006995201110839844,
    0.0006034970283508301,
    0.000546574592590332,
    0.0005127787590026855,
    0.0008246898651123047,
    0.0005393028259277344,
    0.0006807446479797363,
    0.0005998015403747559,
    0.0005406856536865235,
    0.0006934801737467448,
    0.0005345344543457031,
    0.0005151271820068359,
    0.000536346435546875,
    0.000666046142578125,
    0.0007046063741048177,
    0.0005128979682922363,
    0.0005244255065917969,
    0.000515890121459961,
    0.0005406856536865235,
    0.0008043766021728516,
    0.0005652904510498047,
    0.0005445480346679688,
    0.0005339622497558594,
    0.0005109310150146484,
    0.0007938146591186523,
    0.0005697409311930338,
    0.0005918741226196289,
    0.0005272626876831055,
    0.0005262494087219238,
    0.0007454752922058105,
    0.0005576610565185547,
    0.000620269775390625,
    0.0006876945495605469,
    0.0005418300628662109,
    0.0006844520568847657,
    0.0005242228507995605,
    0.0005230108896891276,
    0.0006509304046630859,
    0.0006203651428222656,
    0.0007826487223307291,
    0.0005243778228759766,
    0.0005192160606384277,
    0.0005271434783935547,
    0.0006506443023681641,
    0.0007898807525634766,
    0.0005449453989664713,
    0.0005164941151936849,
    0.0005293846130371094,
    0.0005344152450561523,
    0.0006141066551208496,
    0.0007634162902832031,
    0.0006487369537353516,
    0.0005167722702026367,
    0.000538492202758789,
    0.0006403923034667969,
    0.0005937814712524414,
    0.0011878013610839844,
    0.0007021427154541016,
    0.0006590684254964193,
    0.0011188983917236328,
    0.0005451440811157227,
    0.0006005764007568359,
    0.0006431341171264648,
    0.0006151994069417318,
    0.0005840659141540527,
    0.0005351702372233073,
    0.0005459785461425781,
    0.0005280375480651855,
    0.0005331993103027344,
    0.0007462501525878906,
    0.0005924105644226074,
    0.0005364418029785156,
    0.0005335211753845215,
    0.0005392074584960937,
    0.0005846500396728515,
    0.0007628917694091797,
    0.00098114013671875,
    0.00109100341796875,
    0.0009459972381591797,
    0.0006756782531738281,
    0.0005315303802490235,
    0.0005586942036946615,
    0.0005679130554199219,
    0.0005705356597900391
  ],
  "checkpoint_metrics": {
    "100": {
      "avg_reward": 0.3,
      "avg_length": 4.45,
      "avg_step_time_ms": 0.12361427148183186
    }
  }
}