{
  "episode_rewards": [
    1.0,
    1.0,
    1.0,
    1.0,
    1.0,
    0.0,
    -1.0,
    -1.0,
    1.0,
    1.0,
    1.0,
    1.0,
    1.0,
    1.0,
    0.0,
    1.0,
    1.0,
    1.0,
    1.0,
    1.0,
    -1.0,
    1.0,
    1.0,
    1.0,
    1.0,
    1.0,
    0.0,
    -1.0,
    -1.0,
    1.0,
    1.0,
    1.0,
    1.0,
    -1.0,
    -1.0,
    -1.0,
    1.0,
    1.0,
    1.0,
    -1.0,
    1.0,
    1.0,
    1.0,
    -1.0,
    1.0,
    1.0,
    -1.0,
    -1.0,
    1.0,
    1.0,
    1.0,
    0.0,
    0.0,
    1.0,
    1.0,
    0.0,
    1.0,
    -1.0,
    -1.0,
    0.0,
    1.0,
    1.0,
    1.0,
    -1.0,
    1.0,
    1.0,
    -1.0,
    0.0,
    -1.0,
    1.0,
    -1.0,
    1.0,
    -1.0,
    1.0,
    1.0,
    -1.0,
    1.0,
    1.0,
    0.0,
    -1.0,
    1.0,
    0.0,
    1.0,
    1.0,
    0.0,
    1.0,
    1.0,
    1.0,
    1.0,
    -1.0,
    1.0,
    -1.0,
    1.0,
    -1.0,
    0.0,
    -1.0,
    0.0,
    -1.0,
    1.0,
    1.0
  ],
  "episode_lengths": [
    5,
    5,
    5,
    3,
    4,
    5,
    4,
    4,
    3,
    5,
    5,
    5,
    4,
    4,
    5,
    4,
    5,
    4,
    3,
    4,
    4,
    3,
    5,
    4,
    4,
    5,
    5,
    3,
    4,
    3,
    5,
    4,
    4,
    4,
    4,
    4,
    4,
    4,
    4,
    4,
    4,
    4,
    4,
    3,
    3,
    5,
    3,
    3,
    3,
    5,
    5,
    5,
    5,
    4,
    4,
    5,
    4,
    4,
    4,
    5,
    4,
    4,
    5,
    4,
    4,
    4,
    4,
    5,
    4,
    5,
    4,
    5,
    4,
    4,
    5,
    4,
    5,
    4,
    5,
    4,
    5,
    5,
    4,
    4,
    5,
    5,
    4,
    4,
    4,
    3,
    5,
    3,
    4,
    3,
    5,
    4,
    5,
    4,
    4,
    5
  ],
  "step_times": [
    0.0,
    0.00020599365234375,
    0.0002017974853515625,
    0.0,
    0.0002499818801879883,
    0.00019550323486328125,
    0.0,
    0.00024777650833129883,
    0.0,
    0.00019993782043457032,
    0.0,
    0.00018157958984375,
    0.0,
    0.000379025936126709,
    0.0014201641082763673,
    0.002575516700744629,
    0.002801370620727539,
    0.002790987491607666,
    0.002332290013631185,
    0.0025022029876708984,
    0.0015941262245178223,
    0.0,
    0.00300745964050293,
    0.004563808441162109,
    0.0,
    0.005654573440551758,
    0.0025305747985839844,
    0.0030979315439860025,
    0.0022287368774414062,
    0.0019996166229248047,
    0.0024401187896728516,
    0.0014216899871826172,
    0.0035100579261779785,
    0.0006946325302124023,
    0.004212796688079834,
    0.0,
    0.004360318183898926,
    0.0,
    0.006183981895446777,
    0.0027521848678588867,
    0.0,
    0.004856765270233154,
    0.0022825002670288086,
    0.002666950225830078,
    0.002331813176472982,
    0.0005811214447021485,
    0.0053102970123291016,
    0.002334435780843099,
    0.0013317267100016277,
    0.0012871265411376954,
    0.003325080871582031,
    0.0031293392181396484,
    0.002880859375,
    0.0007509589195251465,
    0.005035400390625,
    0.00267643928527832,
    0.0022503137588500977,
    0.003000974655151367,
    0.0022482872009277344,
    0.0024384021759033202,
    0.0020371675491333008,
    0.0021622180938720703,
    0.0015453338623046876,
    0.004157543182373047,
    0.0,
    0.004182100296020508,
    0.00391232967376709,
    0.002405071258544922,
    0.0014203190803527832,
    0.0,
    0.005334079265594482,
    0.00341796875,
    0.003154277801513672,
    0.002741873264312744,
    0.002902984619140625,
    0.002935647964477539,
    0.002800321578979492,
    0.0025276541709899902,
    0.002659463882446289,
    0.001896202564239502,
    0.003133869171142578,
    0.00020284652709960936,
    0.004156231880187988,
    0.003930211067199707,
    0.00020241737365722656,
    0.004804801940917969,
    0.0023226141929626465,
    0.002375185489654541,
    0.0017993450164794922,
    0.0023392041524251304,
    0.001922941207885742,
    0.0,
    0.0053904056549072266,
    0.004210472106933594,
    0.0,
    0.004097580909729004,
    0.00485072135925293,
    0.0026082992553710938,
    0.001495063304901123,
    0.003627443313598633
  ],
  "checkpoint_metrics": {
    "100": {
      "avg_reward": 0.35,
      "avg_length": 4.5,
      "avg_step_time_ms": 0.17862101395924884
    }
  }
}