{
  "episode_rewards": [
    1.0,
    0.0,
    1.0,
    -1.0,
    -1.0,
    -1.0,
    1.0,
    1.0,
    1.0,
    0.0,
    -1.0,
    0.0,
    -1.0,
    1.0,
    1.0,
    1.0,
    -1.0,
    1.0,
    -1.0,
    1.0,
    0.0,
    0.0,
    -1.0,
    1.0,
    -1.0,
    1.0,
    1.0,
    0.0,
    1.0,
    1.0,
    1.0,
    1.0,
    1.0,
    -1.0,
    1.0,
    -1.0,
    1.0,
    -1.0,
    1.0,
    1.0,
    -1.0,
    1.0,
    0.0,
    1.0,
    -1.0,
    1.0,
    1.0,
    -1.0,
    -1.0,
    1.0,
    -1.0,
    1.0,
    0.0,
    0.0,
    1.0,
    0.0,
    0.0,
    -1.0,
    -1.0,
    -1.0,
    -1.0,
    1.0,
    1.0,
    -1.0,
    -1.0,
    0.0,
    1.0,
    1.0,
    -1.0,
    1.0,
    -1.0,
    1.0,
    1.0,
    1.0,
    1.0,
    -1.0,
    -1.0,
    1.0,
    -1.0,
    1.0,
    1.0,
    1.0,
    -1.0,
    1.0,
    1.0,
    1.0,
    1.0,
    0.0,
    0.0,
    1.0,
    1.0,
    1.0,
    1.0,
    1.0,
    -1.0,
    0.0,
    1.0,
    1.0,
    1.0,
    1.0
  ],
  "episode_lengths": [
    5,
    5,
    4,
    3,
    4,
    4,
    5,
    4,
    4,
    5,
    4,
    5,
    3,
    5,
    5,
    5,
    3,
    3,
    4,
    4,
    5,
    5,
    3,
    5,
    4,
    4,
    4,
    5,
    4,
    5,
    5,
    4,
    4,
    4,
    5,
    4,
    4,
    4,
    4,
    5,
    4,
    5,
    5,
    4,
    4,
    4,
    4,
    3,
    3,
    4,
    4,
    4,
    5,
    5,
    5,
    5,
    5,
    4,
    3,
    4,
    4,
    5,
    4,
    4,
    4,
    5,
    4,
    5,
    3,
    3,
    4,
    5,
    4,
    5,
    4,
    3,
    3,
    3,
    3,
    5,
    3,
    4,
    3,
    3,
    4,
    5,
    4,
    5,
    5,
    5,
    4,
    3,
    4,
    3,
    3,
    5,
    4,
    4,
    4,
    4
  ],
  "step_times": [
    0.00020008087158203126,
    0.0003996849060058594,
    0.0002530217170715332,
    0.0003291765848795573,
    0.0002478361129760742,
    0.0005026459693908691,
    0.0003018379211425781,
    0.0002530217170715332,
    0.0004995465278625488,
    0.0005547046661376953,
    0.0005006790161132812,
    0.0004009723663330078,
    0.0003322760264078776,
    0.00039992332458496096,
    0.0003993511199951172,
    0.00019974708557128905,
    0.00033394495646158856,
    0.0003348986307779948,
    0.0005254745483398438,
    0.0002499222755432129,
    0.00019812583923339844,
    0.00019974708557128905,
    0.00033394495646158856,
    0.0001995086669921875,
    0.0002497434616088867,
    0.0002511739730834961,
    0.000249326229095459,
    0.0004001617431640625,
    0.0002530813217163086,
    0.00019783973693847655,
    0.0,
    0.0010629892349243164,
    0.0,
    0.0,
    0.0,
    0.0,
    0.0,
    0.0,
    0.0,
    0.0,
    0.0,
    0.0031119823455810548,
    0.00019297599792480468,
    0.0,
    0.0009270906448364258,
    0.0,
    0.0007932186126708984,
    0.0006772677103678385,
    0.0,
    0.0005035400390625,
    0.0,
    0.0006434917449951172,
    0.0005383491516113281,
    0.00020189285278320311,
    0.0001987934112548828,
    0.0001995563507080078,
    0.00020008087158203126,
    0.0004997849464416504,
    0.0003330707550048828,
    0.0002503395080566406,
    0.00027829408645629883,
    0.00039987564086914064,
    0.0002499818801879883,
    0.00025027990341186523,
    0.0002522468566894531,
    0.0004015445709228516,
    0.0005000829696655273,
    0.00039854049682617185,
    0.00033354759216308594,
    0.0006726582845052084,
    0.0005480051040649414,
    0.00020017623901367188,
    0.00037980079650878906,
    0.00020437240600585939,
    0.0002525448799133301,
    0.0006614526112874349,
    0.00033243497212727863,
    0.00033402442932128906,
    0.0003325144449869792,
    0.0001998424530029297,
    0.0003331502278645833,
    0.00025027990341186523,
    0.00033322970072428387,
    0.0,
    0.0,
    0.0,
    0.0,
    0.0,
    0.0,
    0.0017423629760742188,
    0.0002556443214416504,
    0.0011629263559977214,
    0.0,
    0.0,
    0.0,
    0.0,
    0.0,
    0.0,
    0.0,
    0.0
  ],
  "checkpoint_metrics": {
    "100": {
      "avg_reward": 0.5,
      "avg_length": 4.15,
      "avg_step_time_ms": 0.13118267059326172
    }
  }
}