{
  "episode_rewards": [
    1.0,
    1.0,
    1.0,
    1.0,
    1.0,
    -1.0,
    1.0,
    0.0,
    -1.0,
    0.0,
    1.0,
    1.0,
    1.0,
    1.0,
    1.0,
    1.0,
    0.0,
    1.0,
    -1.0,
    -1.0,
    1.0,
    -1.0,
    -1.0,
    1.0,
    1.0,
    1.0,
    1.0,
    -1.0,
    1.0,
    -1.0,
    1.0,
    1.0,
    1.0,
    1.0,
    -1.0,
    0.0,
    1.0,
    1.0,
    1.0,
    -1.0,
    1.0,
    1.0,
    -1.0,
    0.0,
    0.0,
    -1.0,
    1.0,
    1.0,
    -1.0,
    1.0,
    -1.0,
    -1.0,
    -1.0,
    1.0,
    1.0,
    1.0,
    -1.0,
    -1.0,
    -1.0,
    1.0,
    -1.0,
    1.0,
    0.0,
    -1.0,
    0.0,
    1.0,
    -1.0,
    1.0,
    1.0,
    1.0,
    1.0,
    -1.0,
    1.0,
    1.0,
    -1.0,
    1.0,
    -1.0,
    0.0,
    -1.0,
    1.0,
    0.0,
    -1.0,
    1.0,
    -1.0,
    1.0,
    0.0,
    1.0,
    1.0,
    1.0,
    0.0,
    -1.0,
    1.0,
    1.0,
    1.0,
    1.0,
    -1.0,
    -1.0,
    0.0,
    1.0,
    0.0
  ],
  "episode_lengths": [
    5,
    5,
    5,
    4,
    4,
    4,
    3,
    5,
    4,
    5,
    5,
    3,
    3,
    3,
    4,
    4,
    5,
    4,
    4,
    3,
    4,
    4,
    4,
    4,
    4,
    4,
    4,
    4,
    4,
    3,
    4,
    4,
    4,
    3,
    4,
    5,
    3,
    4,
    3,
    3,
    4,
    5,
    4,
    5,
    5,
    3,
    5,
    5,
    4,
    5,
    4,
    4,
    3,
    4,
    4,
    5,
    4,
    4,
    4,
    4,
    4,
    4,
    5,
    4,
    5,
    4,
    4,
    4,
    3,
    4,
    5,
    3,
    5,
    4,
    4,
    3,
    4,
    5,
    4,
    3,
    5,
    4,
    4,
    4,
    4,
    5,
    4,
    4,
    5,
    5,
    4,
    3,
    5,
    4,
    3,
    4,
    4,
    5,
    5,
    5
  ],
  "step_times": [
    0.00190277099609375,
    0.0020988941192626952,
    0.0018007755279541016,
    0.001979827880859375,
    0.0021483898162841797,
    0.0022929906845092773,
    0.002013127009073893,
    0.002002716064453125,
    0.0021077394485473633,
    0.001990222930908203,
    0.0022346019744873048,
    0.0020406246185302734,
    0.002664486567179362,
    0.00205381711324056,
    0.0021196603775024414,
    0.002221822738647461,
    0.0022905826568603515,
    0.0019846558570861816,
    0.0022153854370117188,
    0.0021698474884033203,
    0.0025286078453063965,
    0.002337813377380371,
    0.0020785927772521973,
    0.0022040605545043945,
    0.0020302534103393555,
    0.0024344325065612793,
    0.002110779285430908,
    0.002209782600402832,
    0.0020362138748168945,
    0.0022809505462646484,
    0.002200901508331299,
    0.002630293369293213,
    0.0024927854537963867,
    0.0024545987447102866,
    0.0022574663162231445,
    0.002219676971435547,
    0.0024247964223225913,
    0.002042233943939209,
    0.002624670664469401,
    0.002155939737955729,
    0.0023986101150512695,
    0.002078819274902344,
    0.0021681785583496094,
    0.0021816253662109374,
    0.0020557403564453124,
    0.0026076634724934897,
    0.0021042823791503906,
    0.0020807743072509765,
    0.002239048480987549,
    0.0020879268646240234,
    0.0023532509803771973,
    0.0022609829902648926,
    0.002291520436604818,
    0.0021489858627319336,
    0.002335667610168457,
    0.0022365570068359373,
    0.0021352767944335938,
    0.0021587014198303223,
    0.002200186252593994,
    0.0023227334022521973,
    0.0024686455726623535,
    0.002147197723388672,
    0.0023197174072265626,
    0.002160966396331787,
    0.0020699501037597656,
    0.002275407314300537,
    0.002132236957550049,
    0.0022224783897399902,
    0.0021338462829589844,
    0.002504289150238037,
    0.0023961544036865236,
    0.0022732416788736978,
    0.002213001251220703,
    0.002109348773956299,
    0.0021897554397583008,
    0.0023743311564127603,
    0.002422153949737549,
    0.002098274230957031,
    0.0021158456802368164,
    0.00219114621480306,
    0.002285623550415039,
    0.00243532657623291,
    0.002113640308380127,
    0.0021914243698120117,
    0.0021409988403320312,
    0.002343416213989258,
    0.0024611353874206543,
    0.0020533204078674316,
    0.0020890235900878906,
    0.0021181583404541017,
    0.002344369888305664,
    0.002408742904663086,
    0.002012825012207031,
    0.0023826956748962402,
    0.0022439956665039062,
    0.0027003884315490723,
    0.00224912166595459,
    0.002074432373046875,
    0.002177572250366211,
    0.002136707305908203
  ],
  "checkpoint_metrics": {
    "100": {
      "avg_reward": 0.4,
      "avg_length": 4.15,
      "avg_step_time_ms": 2.272757490475972
    }
  }
}